{"type":"FeatureCollection","features":[{"type":"Feature","properties":{"code":"4106902011","name":"Bigorrilho"},"geometry":{"type":"Polygon","coordinates":[[[-49.29935,-25.43992],[-49.29971,-25.43978],[-49.30009,-25.43962],[-49.30095,-25.43929],[-49.30136,-25.43905],[-49.30173,-25.43873],[-49.30244,-25.4381],[-49.3028,-25.43781],[-49.30363,-25.43725],[-49.30367,-25.43721],[-49.30438,-25.43674],[-49.30476,-25.43664],[-49.30534,-25.43646],[-49.30544,-25.43643],[-49.30566,-25.43632],[-49.3059,-25.43613],[-49.30624,-25.43581],[-49.30625,-25.4358],[-49.30629,-25.43575],[-49.30636,-25.43567],[-49.30673,-25.43528],[-49.30697,-25.43507],[-49.30736,-25.43475],[-49.3078,-25.43439],[-49.30794,-25.43428],[-49.30803,-25.43421],[-49.30812,-25.43415],[-49.30825,-25.43413],[-49.30897,-25.43413],[-49.30956,-25.43411],[-49.30987,-25.43414],[-49.31012,-25.43429],[-49.3101,-25.43434],[-49.31012,-25.43435],[-49.31014,-25.43435],[-49.31024,-25.43428],[-49.31053,-25.43407],[-49.31088,-25.43381],[-49.31154,-25.4333],[-49.31203,-25.43293],[-49.3128,-25.43245],[-49.31314,-25.43231],[-49.31347,-25.43218],[-49.31392,-25.43197],[-49.31386,-25.4319],[-49.31317,-25.43105],[-49.31283,-25.43105],[-49.31165,-25.43105],[-49.31048,-25.43073],[-49.30971,-25.43055],[-49.30827,-25.42995],[-49.30715,-25.42891],[-49.30681,-25.42812],[-49.3068,-25.42727],[-49.30677,-25.42652],[-49.30692,-25.42561],[-49.30692,-25.42508],[-49.30678,-25.42426],[-49.30672,-25.42363],[-49.30677,-25.42313],[-49.3067,-25.42306],[-49.30659,-25.42302],[-49.3063,-25.42297],[-49.30525,-25.42279],[-49.30444,-25.42286],[-49.30414,-25.42293],[-49.30384,-25.42303],[-49.3036,-25.42314],[-49.30338,-25.42327],[-49.30313,-25.42344],[-49.30298,-25.42353],[-49.30225,-25.4238],[-49.3021,-25.42387],[-49.30199,-25.42399],[-49.3018,-25.42425],[-49.3017,-25.42434],[-49.30161,-25.42439],[-49.3015,-25.42443],[-49.30142,-25.42445],[-49.30119,-25.42468],[-49.30108,-25.42489],[-49.30099,-25.42506],[-49.30073,-25.42519],[-49.29967,-25.42605],[-49.29941,-25.42633],[-49.29917,-25.42655],[-49.29891,-25.42679],[-49.29886,-25.42682],[-49.29864,-25.42697],[-49.29775,-25.42744],[-49.29755,-25.42753],[-49.297,-25.42777],[-49.29596,-25.42835],[-49.29563,-25.42854],[-49.29536,-25.4287],[-49.29431,-25.42923],[-49.29418,-25.42944],[-49.29388,-25.42932],[-49.29371,-25.42943],[-49.29355,-25.42952],[-49.29321,-25.4297],[-49.29282,-25.42994],[-49.29261,-25.43009],[-49.29244,-25.43022],[-49.29239,-25.43028],[-49.29101,-25.42976],[-49.29098,-25.42975],[-49.28988,-25.42932],[-49.28866,-25.42884],[-49.28844,-25.42876],[-49.28837,-25.42875],[-49.2883,-25.42875],[-49.28827,-25.42875],[-49.28816,-25.42877],[-49.28771,-25.42885],[-49.28744,-25.42889],[-49.28638,-25.42908],[-49.28601,-25.42913],[-49.28592,-25.4293],[-49.28553,-25.43012],[-49.28517,-25.43088],[-49.28465,-25.43207],[-49.28464,-25.43209],[-49.28408,-25.43323],[-49.28406,-25.43326],[-49.28352,-25.43445],[-49.28551,-25.43523],[-49.28619,-25.43549],[-49.28681,-25.43573],[-49.28804,-25.43623],[-49.28992,-25.43696],[-49.29058,-25.43722],[-49.29188,-25.43777],[-49.29332,-25.43833],[-49.29452,-25.43879],[-49.2957,-25.43926],[-49.29628,-25.43952],[-49.29684,-25.43974],[-49.29805,-25.44019],[-49.29875,-25.44045],[-49.29887,-25.4405],[-49.29935,-25.43992]]]}},{"type":"Feature","properties":{"code":"4106902035","name":"Bacacheri"},"geometry":{"type":"Polygon","coordinates":[[[-49.23322,-25.4105],[-49.23334,-25.41049],[-49.23414,-25.41055],[-49.23583,-25.41077],[-49.23667,-25.41089],[-49.2368,-25.41092],[-49.23691,-25.41091],[-49.23738,-25.41115],[-49.23761,-25.41126],[-49.23779,-25.4114],[-49.23815,-25.41169],[-49.23833,-25.41182],[-49.23854,-25.41197],[-49.23868,-25.41212],[-49.23876,-25.41221],[-49.24001,-25.41328],[-49.24048,-25.4137],[-49.24062,-25.41383],[-49.24107,-25.41416],[-49.24115,-25.41416],[-49.24099,-25.41358],[-49.24098,-25.41355],[-49.24093,-25.41336],[-49.2409,-25.41316],[-49.24088,-25.41288],[-49.24088,-25.41262],[-49.24091,-25.41239],[-49.24098,-25.41203],[-49.24105,-25.41171],[-49.24105,-25.41146],[-49.24104,-25.41063],[-49.24105,-25.41042],[-49.24106,-25.4093],[-49.24109,-25.40873],[-49.24116,-25.40851],[-49.24126,-25.40826],[-49.24142,-25.40802],[-49.24148,-25.40793],[-49.24178,-25.40757],[-49.24221,-25.40711],[-49.24265,-25.4067],[-49.24315,-25.4064],[-49.24365,-25.40611],[-49.24418,-25.40581],[-49.24527,-25.40484],[-49.24598,-25.40399],[-49.24611,-25.4039],[-49.24603,-25.40357],[-49.24602,-25.40307],[-49.24604,-25.40303],[-49.24615,-25.40286],[-49.24627,-25.40266],[-49.24657,-25.40244],[-49.24694,-25.40218],[-49.24701,-25.40202],[-49.24723,-25.40151],[-49.24732,-25.4013],[-49.24737,-25.40119],[-49.24747,-25.40104],[-49.24723,-25.40075],[-49.24692,-25.40042],[-49.24588,-25.3993],[-49.24426,-25.39754],[-49.24405,-25.39731],[-49.24369,-25.39692],[-49.24353,-25.39676],[-49.24292,-25.39609],[-49.24272,-25.3959],[-49.24269,-25.39586],[-49.24216,-25.39527],[-49.24176,-25.39483],[-49.2409,-25.39388],[-49.24047,-25.3934],[-49.23998,-25.39291],[-49.23909,-25.39195],[-49.23899,-25.39184],[-49.23817,-25.39098],[-49.23729,-25.39002],[-49.23637,-25.38902],[-49.23549,-25.38807],[-49.23493,-25.38748],[-49.23483,-25.38737],[-49.23384,-25.38628],[-49.23235,-25.38468],[-49.23183,-25.3841],[-49.2315,-25.38374],[-49.23143,-25.38381],[-49.23097,-25.38429],[-49.23011,-25.38525],[-49.22944,-25.38597],[-49.22919,-25.38621],[-49.22919,-25.38621],[-49.22869,-25.38679],[-49.22833,-25.38719],[-49.22826,-25.38727],[-49.22753,-25.3881],[-49.22739,-25.38799],[-49.22668,-25.38745],[-49.22575,-25.3868],[-49.22503,-25.38717],[-49.22471,-25.38735],[-49.22366,-25.38793],[-49.22309,-25.38828],[-49.2232,-25.38841],[-49.22324,-25.38853],[-49.22321,-25.3887],[-49.22318,-25.3889],[-49.22308,-25.38945],[-49.223,-25.38984],[-49.22299,-25.39001],[-49.22302,-25.39018],[-49.22308,-25.3903],[-49.22322,-25.39045],[-49.22345,-25.39061],[-49.22354,-25.39067],[-49.22283,-25.39155],[-49.22269,-25.39175],[-49.22218,-25.39248],[-49.22213,-25.39277],[-49.22218,-25.39291],[-49.22226,-25.39304],[-49.22251,-25.394],[-49.22261,-25.39437],[-49.22265,-25.39465],[-49.22261,-25.3948],[-49.22258,-25.39493],[-49.22236,-25.39508],[-49.22212,-25.39516],[-49.2216,-25.3952],[-49.22107,-25.39515],[-49.22095,-25.39518],[-49.22082,-25.39529],[-49.22078,-25.39533],[-49.22068,-25.39546],[-49.22008,-25.3953],[-49.21949,-25.39513],[-49.21889,-25.39496],[-49.21832,-25.39472],[-49.21796,-25.39457],[-49.21774,-25.39448],[-49.21719,-25.39425],[-49.21665,-25.39401],[-49.21633,-25.39392],[-49.21604,-25.39386],[-49.21578,-25.39391],[-49.21486,-25.39437],[-49.21269,-25.39549],[-49.21232,-25.39566],[-49.21305,-25.39621],[-49.21353,-25.39661],[-49.21368,-25.39674],[-49.21392,-25.39695],[-49.21396,-25.39698],[-49.21401,-25.39702],[-49.21414,-25.39717],[-49.21425,-25.39727],[-49.21456,-25.39764],[-49.21488,-25.39811],[-49.21512,-25.39875],[-49.21578,-25.4002],[-49.2163,-25.40136],[-49.21654,-25.40189],[-49.21676,-25.40239],[-49.217,-25.40294],[-49.21703,-25.40299],[-49.21722,-25.40341],[-49.2173,-25.40359],[-49.21842,-25.40603],[-49.21928,-25.40793],[-49.21949,-25.40841],[-49.21951,-25.40848],[-49.21955,-25.40856],[-49.21991,-25.4094],[-49.22005,-25.4097],[-49.22057,-25.41077],[-49.22067,-25.41098],[-49.22101,-25.41186],[-49.22144,-25.41278],[-49.22153,-25.41297],[-49.22188,-25.41377],[-49.22201,-25.41406],[-49.22247,-25.41512],[-49.22278,-25.41582],[-49.22298,-25.41576],[-49.22312,-25.41606],[-49.22314,-25.41611],[-49.22388,-25.41782],[-49.22464,-25.41959],[-49.22466,-25.41963],[-49.22574,-25.42007],[-49.22582,-25.41982],[-49.226,-25.4195],[-49.22681,-25.41889],[-49.22745,-25.41822],[-49.22781,-25.41781],[-49.22813,-25.41747],[-49.22835,-25.4173],[-49.22857,-25.41717],[-49.22876,-25.4171],[-49.22905,-25.41702],[-49.22921,-25.41691],[-49.22928,-25.4168],[-49.2294,-25.41659],[-49.22955,-25.4165],[-49.22971,-25.41646],[-49.23,-25.41645],[-49.23012,-25.41594],[-49.23038,-25.41515],[-49.23064,-25.41454],[-49.23095,-25.41392],[-49.23139,-25.41301],[-49.23156,-25.41275],[-49.23182,-25.41255],[-49.23322,-25.4105]]]}},{"type":"Feature","properties":{"code":"4106902010","name":"Batel"},"geometry":{"type":"Polygon","coordinates":[[[-49.27829,-25.44055],[-49.27826,-25.44062],[-49.27773,-25.44178],[-49.27769,-25.44187],[-49.27782,-25.44192],[-49.27866,-25.44223],[-49.27981,-25.44267],[-49.28102,-25.44314],[-49.28243,-25.44369],[-49.28261,-25.44377],[-49.28278,-25.44384],[-49.2844,-25.44448],[-49.28547,-25.44489],[-49.28657,-25.44531],[-49.28668,-25.44535],[-49.28742,-25.44564],[-49.28927,-25.44634],[-49.29038,-25.44679],[-49.29084,-25.44696],[-49.29131,-25.44713],[-49.29212,-25.44743],[-49.29231,-25.4475],[-49.29481,-25.44845],[-49.29538,-25.44725],[-49.29552,-25.44712],[-49.29615,-25.44621],[-49.29604,-25.44614],[-49.29554,-25.44568],[-49.29568,-25.44534],[-49.29613,-25.44432],[-49.29624,-25.44403],[-49.29689,-25.44351],[-49.29713,-25.44324],[-49.29727,-25.44308],[-49.29737,-25.4429],[-49.29752,-25.44261],[-49.29773,-25.44213],[-49.29788,-25.44174],[-49.29795,-25.44157],[-49.29798,-25.44153],[-49.29846,-25.441],[-49.29887,-25.4405],[-49.29875,-25.44045],[-49.29805,-25.44019],[-49.29684,-25.43974],[-49.29628,-25.43952],[-49.2957,-25.43926],[-49.29452,-25.43879],[-49.29332,-25.43833],[-49.29188,-25.43777],[-49.29058,-25.43722],[-49.28992,-25.43696],[-49.28804,-25.43623],[-49.28681,-25.43573],[-49.28619,-25.43549],[-49.28551,-25.43523],[-49.28352,-25.43445],[-49.28326,-25.43483],[-49.28295,-25.43524],[-49.28267,-25.43562],[-49.28194,-25.43631],[-49.28069,-25.43742],[-49.27996,-25.43811],[-49.27994,-25.43813],[-49.27932,-25.43871],[-49.27907,-25.4389],[-49.27831,-25.4405],[-49.27829,-25.44055]]]}},{"type":"Feature","properties":{"code":"4106902051","name":"Cachoeira"},"geometry":{"type":"Polygon","coordinates":[[[-49.26309,-25.36142],[-49.26307,-25.36151],[-49.26306,-25.36157],[-49.26305,-25.36162],[-49.26304,-25.36167],[-49.26302,-25.36178],[-49.26301,-25.36187],[-49.26299,-25.36194],[-49.26301,-25.36206],[-49.26303,-25.36214],[-49.26304,-25.36221],[-49.26308,-25.36235],[-49.2631,-25.3624],[-49.26315,-25.36259],[-49.26314,-25.36273],[-49.26312,-25.36287],[-49.26349,-25.36249],[-49.26372,-25.36223],[-49.26389,-25.36183],[-49.26389,-25.36167],[-49.26599,-25.3615],[-49.26803,-25.36138],[-49.26819,-25.36137],[-49.26809,-25.36123],[-49.26799,-25.36079],[-49.26814,-25.36024],[-49.2683,-25.35997],[-49.26842,-25.35981],[-49.2684,-25.35966],[-49.26847,-25.35923],[-49.26857,-25.35882],[-49.26858,-25.35834],[-49.26869,-25.35812],[-49.26886,-25.35791],[-49.26901,-25.35772],[-49.26912,-25.35756],[-49.26937,-25.35715],[-49.26944,-25.357],[-49.26955,-25.35655],[-49.26954,-25.35602],[-49.26964,-25.35545],[-49.26971,-25.35529],[-49.26963,-25.35514],[-49.26972,-25.35468],[-49.26958,-25.35451],[-49.2695,-25.35441],[-49.26953,-25.3543],[-49.2696,-25.3541],[-49.2696,-25.35408],[-49.26967,-25.35405],[-49.26972,-25.35397],[-49.26976,-25.35373],[-49.26983,-25.35372],[-49.27137,-25.35378],[-49.27136,-25.35376],[-49.27129,-25.35345],[-49.27125,-25.35264],[-49.27128,-25.3515],[-49.27124,-25.35138],[-49.27122,-25.35131],[-49.27121,-25.3512],[-49.27124,-25.35094],[-49.27139,-25.35024],[-49.27143,-25.34969],[-49.26952,-25.34958],[-49.26963,-25.34907],[-49.26977,-25.34823],[-49.26976,-25.34767],[-49.26984,-25.34728],[-49.26957,-25.34732],[-49.26964,-25.34692],[-49.26962,-25.34692],[-49.26969,-25.34672],[-49.26906,-25.34661],[-49.26873,-25.34673],[-49.2685,-25.34681],[-49.26733,-25.34723],[-49.26507,-25.34803],[-49.26489,-25.34809],[-49.26489,-25.34813],[-49.26455,-25.34821],[-49.26454,-25.3482],[-49.26428,-25.34793],[-49.26393,-25.34762],[-49.26369,-25.34732],[-49.26359,-25.34719],[-49.2633,-25.347],[-49.26308,-25.34693],[-49.26265,-25.34694],[-49.26138,-25.34722],[-49.26046,-25.34751],[-49.25969,-25.34788],[-49.25937,-25.34792],[-49.25921,-25.34794],[-49.25906,-25.34785],[-49.25898,-25.34784],[-49.25858,-25.34778],[-49.25817,-25.34762],[-49.25795,-25.34759],[-49.25729,-25.3476],[-49.25695,-25.34767],[-49.25688,-25.34768],[-49.25671,-25.34779],[-49.2565,-25.34792],[-49.25639,-25.34799],[-49.25627,-25.34806],[-49.2559,-25.34818],[-49.25538,-25.34825],[-49.25536,-25.34825],[-49.25533,-25.34825],[-49.25504,-25.34823],[-49.25477,-25.34808],[-49.25452,-25.34794],[-49.25427,-25.34791],[-49.25417,-25.3479],[-49.25375,-25.34801],[-49.25332,-25.34832],[-49.25267,-25.34847],[-49.25263,-25.34846],[-49.25251,-25.34846],[-49.25225,-25.34829],[-49.25219,-25.34828],[-49.25202,-25.34823],[-49.25188,-25.34826],[-49.25165,-25.34855],[-49.2515,-25.34861],[-49.2509,-25.3484],[-49.25084,-25.34844],[-49.2509,-25.34871],[-49.25085,-25.34884],[-49.25042,-25.3489],[-49.25033,-25.34889],[-49.2502,-25.34878],[-49.25004,-25.34876],[-49.24983,-25.34856],[-49.24977,-25.34853],[-49.24961,-25.3485],[-49.24938,-25.3484],[-49.24923,-25.34838],[-49.24916,-25.34838],[-49.24907,-25.34843],[-49.24888,-25.34862],[-49.2486,-25.34877],[-49.24842,-25.34894],[-49.24828,-25.34902],[-49.24802,-25.34906],[-49.24798,-25.34906],[-49.24785,-25.34906],[-49.24771,-25.34901],[-49.24753,-25.34885],[-49.24749,-25.34884],[-49.24745,-25.34882],[-49.24742,-25.34883],[-49.24717,-25.34884],[-49.24706,-25.34868],[-49.24702,-25.34863],[-49.24669,-25.34858],[-49.24652,-25.3486],[-49.24633,-25.34872],[-49.24617,-25.34871],[-49.24611,-25.34874],[-49.24601,-25.34892],[-49.24592,-25.34893],[-49.24584,-25.3489],[-49.24566,-25.34876],[-49.24558,-25.34876],[-49.24555,-25.34881],[-49.24549,-25.34885],[-49.24534,-25.34892],[-49.2453,-25.34898],[-49.24536,-25.34924],[-49.24527,-25.34925],[-49.24522,-25.34923],[-49.24536,-25.34946],[-49.24613,-25.35029],[-49.2462,-25.35067],[-49.24611,-25.35104],[-49.24606,-25.35145],[-49.24618,-25.35176],[-49.24641,-25.35195],[-49.24653,-25.35205],[-49.24671,-25.35239],[-49.2468,-25.3526],[-49.24681,-25.35272],[-49.2468,-25.35287],[-49.24675,-25.35307],[-49.24673,-25.35315],[-49.24669,-25.35326],[-49.24636,-25.35391],[-49.24634,-25.35407],[-49.24635,-25.35418],[-49.24639,-25.35427],[-49.24643,-25.3543],[-49.24647,-25.35435],[-49.24652,-25.3544],[-49.24676,-25.35453],[-49.24678,-25.35454],[-49.24707,-25.35471],[-49.24722,-25.3548],[-49.2477,-25.35498],[-49.24775,-25.355],[-49.24826,-25.35537],[-49.24832,-25.35541],[-49.2485,-25.35552],[-49.24862,-25.3556],[-49.24908,-25.35579],[-49.2493,-25.35588],[-49.24955,-25.35595],[-49.25037,-25.3564],[-49.25042,-25.35644],[-49.25046,-25.35646],[-49.25063,-25.35658],[-49.25074,-25.35675],[-49.25081,-25.35697],[-49.25081,-25.35713],[-49.25066,-25.35747],[-49.25038,-25.35815],[-49.25036,-25.3583],[-49.25076,-25.36059],[-49.25121,-25.36076],[-49.25136,-25.36081],[-49.25153,-25.3609],[-49.25163,-25.36101],[-49.25169,-25.3612],[-49.25173,-25.36147],[-49.25176,-25.36164],[-49.25187,-25.36181],[-49.25204,-25.36193],[-49.25236,-25.3621],[-49.25292,-25.36242],[-49.25296,-25.36244],[-49.25303,-25.36248],[-49.25341,-25.36257],[-49.25379,-25.36255],[-49.25395,-25.36254],[-49.25413,-25.36258],[-49.2542,-25.36259],[-49.25427,-25.36265],[-49.25432,-25.36268],[-49.2544,-25.36275],[-49.2545,-25.36284],[-49.25457,-25.3629],[-49.25467,-25.36309],[-49.25471,-25.36324],[-49.25473,-25.36333],[-49.25507,-25.3631],[-49.25505,-25.36282],[-49.25505,-25.36272],[-49.25518,-25.36258],[-49.25569,-25.36255],[-49.25595,-25.36256],[-49.25668,-25.36242],[-49.25739,-25.36228],[-49.25752,-25.36155],[-49.25773,-25.36089],[-49.25793,-25.36037],[-49.25814,-25.36011],[-49.25851,-25.35978],[-49.26066,-25.36014],[-49.26063,-25.361],[-49.26309,-25.36142]]]}},{"type":"Feature","properties":{"code":"4106902017","name":"Hugo Lange"},"geometry":{"type":"Polygon","coordinates":[[[-49.24729,-25.42288],[-49.24847,-25.42275],[-49.24962,-25.42267],[-49.24964,-25.42263],[-49.24981,-25.42262],[-49.25094,-25.42255],[-49.25201,-25.42243],[-49.25197,-25.42198],[-49.25186,-25.42095],[-49.25185,-25.42094],[-49.25168,-25.41962],[-49.25156,-25.41828],[-49.2514,-25.41812],[-49.25064,-25.41743],[-49.25036,-25.41719],[-49.25005,-25.41688],[-49.24994,-25.41679],[-49.24908,-25.416],[-49.24788,-25.4148],[-49.24768,-25.41462],[-49.24706,-25.41403],[-49.24687,-25.41386],[-49.24646,-25.4135],[-49.24645,-25.41349],[-49.24641,-25.41342],[-49.24634,-25.41326],[-49.24628,-25.4131],[-49.24628,-25.41297],[-49.24629,-25.41286],[-49.24621,-25.41289],[-49.24614,-25.41244],[-49.24607,-25.41117],[-49.246,-25.41041],[-49.24112,-25.41065],[-49.24104,-25.41063],[-49.24105,-25.41146],[-49.24105,-25.41171],[-49.24098,-25.41203],[-49.24091,-25.41239],[-49.24088,-25.41262],[-49.24088,-25.41288],[-49.2409,-25.41316],[-49.24093,-25.41336],[-49.24098,-25.41355],[-49.24099,-25.41358],[-49.24115,-25.41416],[-49.24134,-25.41476],[-49.24159,-25.41557],[-49.24178,-25.41623],[-49.24178,-25.41649],[-49.24169,-25.41684],[-49.24163,-25.41703],[-49.24131,-25.41751],[-49.24096,-25.41799],[-49.24063,-25.4185],[-49.2399,-25.41965],[-49.23973,-25.41995],[-49.23969,-25.4204],[-49.23972,-25.42068],[-49.23998,-25.42106],[-49.24059,-25.42178],[-49.24137,-25.42281],[-49.2418,-25.42333],[-49.24193,-25.42331],[-49.24215,-25.42334],[-49.24317,-25.42324],[-49.24435,-25.42314],[-49.24514,-25.42309],[-49.24596,-25.42302],[-49.24598,-25.42302],[-49.24694,-25.42293],[-49.24706,-25.42292],[-49.24729,-25.42288]]]}},{"type":"Feature","properties":{"code":"4106902007","name":"Jardim Botânico"},"geometry":{"type":"Polygon","coordinates":[[[-49.24943,-25.44434],[-49.24963,-25.44438],[-49.25027,-25.44467],[-49.25043,-25.44473],[-49.25122,-25.44508],[-49.25127,-25.44497],[-49.2518,-25.44338],[-49.25187,-25.44272],[-49.25186,-25.44211],[-49.25227,-25.44198],[-49.25244,-25.44192],[-49.25273,-25.44183],[-49.25322,-25.4416],[-49.25409,-25.44134],[-49.25424,-25.44126],[-49.25505,-25.44099],[-49.25534,-25.44097],[-49.25602,-25.44088],[-49.25643,-25.44077],[-49.25668,-25.44074],[-49.25685,-25.44064],[-49.25712,-25.44042],[-49.25792,-25.43945],[-49.25793,-25.43943],[-49.2582,-25.43913],[-49.25816,-25.43907],[-49.25827,-25.43832],[-49.25839,-25.43779],[-49.2586,-25.43732],[-49.25872,-25.43716],[-49.25926,-25.43667],[-49.25951,-25.43648],[-49.25973,-25.43629],[-49.25995,-25.43597],[-49.26004,-25.43581],[-49.2601,-25.43552],[-49.26023,-25.43536],[-49.26037,-25.43528],[-49.2604,-25.43522],[-49.25951,-25.43488],[-49.25874,-25.43459],[-49.25853,-25.43451],[-49.25771,-25.43419],[-49.25664,-25.43376],[-49.25644,-25.43369],[-49.2557,-25.43341],[-49.25563,-25.43353],[-49.25538,-25.43396],[-49.25472,-25.4352],[-49.25447,-25.43507],[-49.25442,-25.43514],[-49.25436,-25.43522],[-49.25428,-25.43533],[-49.25418,-25.43544],[-49.25412,-25.43553],[-49.25404,-25.43553],[-49.25391,-25.43553],[-49.25355,-25.43555],[-49.25344,-25.43555],[-49.25332,-25.43554],[-49.2511,-25.43552],[-49.25038,-25.43552],[-49.24977,-25.43553],[-49.24892,-25.43561],[-49.24827,-25.43577],[-49.24752,-25.43605],[-49.2455,-25.43663],[-49.2451,-25.43675],[-49.2447,-25.43682],[-49.24393,-25.43696],[-49.24332,-25.43705],[-49.2428,-25.43713],[-49.24168,-25.4373],[-49.2411,-25.43733],[-49.24055,-25.43736],[-49.24016,-25.43737],[-49.24003,-25.43738],[-49.23992,-25.4374],[-49.23962,-25.43747],[-49.23939,-25.43755],[-49.23915,-25.43768],[-49.23876,-25.43788],[-49.23852,-25.43811],[-49.23808,-25.43864],[-49.238,-25.43875],[-49.23754,-25.43937],[-49.23652,-25.4407],[-49.23621,-25.44112],[-49.23595,-25.44145],[-49.23563,-25.44162],[-49.23544,-25.44167],[-49.23504,-25.44171],[-49.23464,-25.44176],[-49.23424,-25.44176],[-49.23366,-25.44176],[-49.23355,-25.44177],[-49.23356,-25.44187],[-49.23355,-25.44203],[-49.23353,-25.44224],[-49.23353,-25.44229],[-49.23354,-25.44269],[-49.23353,-25.44314],[-49.23359,-25.44337],[-49.23364,-25.44361],[-49.23367,-25.44373],[-49.23371,-25.44381],[-49.23388,-25.44428],[-49.23405,-25.44473],[-49.23415,-25.44502],[-49.23435,-25.44555],[-49.23459,-25.44628],[-49.23468,-25.44654],[-49.23504,-25.44756],[-49.23513,-25.44783],[-49.23536,-25.44839],[-49.23553,-25.44865],[-49.23565,-25.44883],[-49.23595,-25.44921],[-49.23656,-25.45006],[-49.23662,-25.45014],[-49.23676,-25.45033],[-49.237,-25.45067],[-49.23733,-25.45101],[-49.23746,-25.45113],[-49.23764,-25.45128],[-49.23788,-25.45144],[-49.23792,-25.45147],[-49.23809,-25.45156],[-49.23825,-25.45163],[-49.23854,-25.45175],[-49.23867,-25.4518],[-49.23904,-25.4519],[-49.23909,-25.45192],[-49.23979,-25.45214],[-49.23986,-25.45216],[-49.24063,-25.45239],[-49.24107,-25.45254],[-49.24186,-25.45279],[-49.24216,-25.45289],[-49.2422,-25.45292],[-49.24249,-25.45299],[-49.24299,-25.45313],[-49.24309,-25.45299],[-49.24316,-25.45291],[-49.24317,-25.45286],[-49.24386,-25.45194],[-49.24396,-25.45182],[-49.2444,-25.45123],[-49.24456,-25.45104],[-49.24462,-25.45098],[-49.24469,-25.45087],[-49.24471,-25.4508],[-49.2448,-25.45066],[-49.24507,-25.45027],[-49.24528,-25.44997],[-49.24533,-25.44991],[-49.24549,-25.44968],[-49.24558,-25.44957],[-49.24563,-25.4495],[-49.24587,-25.44915],[-49.24607,-25.44891],[-49.2462,-25.44871],[-49.24636,-25.44848],[-49.24657,-25.44819],[-49.24668,-25.44805],[-49.24684,-25.44785],[-49.24707,-25.44754],[-49.24716,-25.44741],[-49.24742,-25.44704],[-49.24751,-25.44692],[-49.2476,-25.44679],[-49.24763,-25.44675],[-49.24796,-25.44632],[-49.2481,-25.44615],[-49.24823,-25.44598],[-49.24858,-25.44548],[-49.24888,-25.44507],[-49.24906,-25.44482],[-49.24919,-25.44465],[-49.24924,-25.44458],[-49.24943,-25.44434]]]}},{"type":"Feature","properties":{"code":"4106902069","name":"Riviera"},"geometry":{"type":"Polygon","coordinates":[[[-49.37171,-25.43275],[-49.37211,-25.4342],[-49.37318,-25.43754],[-49.37371,-25.43839],[-49.37378,-25.43927],[-49.37384,-25.44047],[-49.37401,-25.44583],[-49.3762,-25.44543],[-49.37684,-25.44536],[-49.37691,-25.44535],[-49.37708,-25.44532],[-49.37747,-25.4452],[-49.37768,-25.44509],[-49.37849,-25.44456],[-49.37876,-25.44429],[-49.37887,-25.44419],[-49.37901,-25.44418],[-49.37917,-25.4442],[-49.37951,-25.44428],[-49.38059,-25.44455],[-49.38085,-25.44462],[-49.38102,-25.44468],[-49.38107,-25.44471],[-49.38111,-25.44473],[-49.38117,-25.44478],[-49.38122,-25.44485],[-49.38131,-25.44492],[-49.38139,-25.44498],[-49.38146,-25.44504],[-49.38156,-25.44508],[-49.38165,-25.44511],[-49.38174,-25.44512],[-49.38185,-25.44516],[-49.38193,-25.44521],[-49.38198,-25.44526],[-49.38205,-25.44529],[-49.38211,-25.44531],[-49.38217,-25.44531],[-49.38223,-25.44531],[-49.38233,-25.44531],[-49.38237,-25.44528],[-49.38245,-25.44526],[-49.38249,-25.44519],[-49.38252,-25.44511],[-49.38254,-25.44461],[-49.38249,-25.44449],[-49.38246,-25.44443],[-49.38244,-25.44432],[-49.38245,-25.44424],[-49.38248,-25.4442],[-49.38266,-25.44412],[-49.38279,-25.44408],[-49.38289,-25.44407],[-49.38297,-25.44409],[-49.38309,-25.44413],[-49.38326,-25.4442],[-49.38336,-25.44422],[-49.38345,-25.44422],[-49.38364,-25.44421],[-49.38374,-25.44417],[-49.38389,-25.44406],[-49.38399,-25.44392],[-49.38415,-25.44376],[-49.38426,-25.44367],[-49.38444,-25.44362],[-49.3847,-25.44359],[-49.38601,-25.44358],[-49.38607,-25.44357],[-49.38831,-25.44357],[-49.38848,-25.44375],[-49.38841,-25.4434],[-49.38885,-25.44172],[-49.3887,-25.44165],[-49.38832,-25.44196],[-49.38803,-25.44147],[-49.38776,-25.44138],[-49.38708,-25.4415],[-49.38691,-25.44131],[-49.38688,-25.44128],[-49.38682,-25.44121],[-49.38678,-25.44116],[-49.38636,-25.44107],[-49.38754,-25.4402],[-49.38746,-25.43985],[-49.38718,-25.4397],[-49.38678,-25.43904],[-49.38609,-25.43883],[-49.386,-25.43866],[-49.38626,-25.4384],[-49.38718,-25.43818],[-49.38699,-25.43789],[-49.38719,-25.43741],[-49.38769,-25.43718],[-49.38787,-25.43558],[-49.38847,-25.43492],[-49.38879,-25.43469],[-49.38889,-25.43477],[-49.38881,-25.43546],[-49.38896,-25.43571],[-49.38928,-25.43513],[-49.38906,-25.43451],[-49.38806,-25.43363],[-49.38847,-25.433],[-49.38834,-25.4328],[-49.38757,-25.43239],[-49.38804,-25.43181],[-49.38818,-25.43092],[-49.38873,-25.4311],[-49.38909,-25.43063],[-49.38907,-25.42987],[-49.38934,-25.4293],[-49.38816,-25.42788],[-49.38815,-25.42783],[-49.38809,-25.42759],[-49.38808,-25.42753],[-49.38533,-25.42703],[-49.38516,-25.42715],[-49.38425,-25.42701],[-49.38311,-25.427],[-49.38246,-25.42699],[-49.3818,-25.42704],[-49.38121,-25.42722],[-49.38062,-25.42744],[-49.38001,-25.42784],[-49.37853,-25.42948],[-49.37745,-25.43074],[-49.37677,-25.43132],[-49.37607,-25.43172],[-49.37501,-25.43224],[-49.37347,-25.43267],[-49.37171,-25.43275]]]}},{"type":"Feature","properties":{"code":"4106902065","name":"Sítio Cercado"},"geometry":{"type":"Polygon","coordinates":[[[-49.24696,-25.54264],[-49.24714,-25.54312],[-49.24715,-25.54323],[-49.24716,-25.5435],[-49.2473,-25.5443],[-49.24745,-25.5448],[-49.24745,-25.54514],[-49.24735,-25.54538],[-49.24723,-25.54552],[-49.24697,-25.54578],[-49.24665,-25.5459],[-49.24645,-25.54597],[-49.24625,-25.5464],[-49.246,-25.54704],[-49.24591,-25.54731],[-49.24588,-25.54741],[-49.24581,-25.54751],[-49.24575,-25.54766],[-49.24571,-25.54784],[-49.24567,-25.5481],[-49.2457,-25.54814],[-49.24585,-25.54831],[-49.24624,-25.54868],[-49.2466,-25.54902],[-49.24675,-25.54916],[-49.24693,-25.54936],[-49.24729,-25.54969],[-49.24764,-25.55005],[-49.24796,-25.55038],[-49.24823,-25.55065],[-49.24826,-25.55069],[-49.24841,-25.55084],[-49.24897,-25.55139],[-49.24923,-25.55165],[-49.24956,-25.55199],[-49.24962,-25.55205],[-49.24985,-25.55228],[-49.24995,-25.55238],[-49.25039,-25.5528],[-49.25052,-25.55293],[-49.25071,-25.55311],[-49.25097,-25.5534],[-49.25171,-25.55419],[-49.25179,-25.55427],[-49.25194,-25.55442],[-49.25195,-25.55443],[-49.25233,-25.55482],[-49.25249,-25.55497],[-49.25266,-25.55515],[-49.2528,-25.55529],[-49.25292,-25.55542],[-49.25296,-25.55545],[-49.25305,-25.55554],[-49.25326,-25.55574],[-49.25341,-25.55588],[-49.25358,-25.55603],[-49.25369,-25.55613],[-49.25417,-25.55662],[-49.25486,-25.55725],[-49.2554,-25.55773],[-49.25566,-25.55797],[-49.25591,-25.55817],[-49.25604,-25.55823],[-49.25618,-25.55829],[-49.25655,-25.55833],[-49.25686,-25.55837],[-49.25728,-25.55842],[-49.25807,-25.55853],[-49.25856,-25.5586],[-49.25871,-25.55862],[-49.25913,-25.55869],[-49.26041,-25.5589],[-49.26091,-25.55902],[-49.26171,-25.55935],[-49.26206,-25.55951],[-49.2631,-25.56006],[-49.26374,-25.56041],[-49.26377,-25.56041],[-49.26399,-25.56055],[-49.26512,-25.56115],[-49.26573,-25.56148],[-49.26762,-25.5622],[-49.26768,-25.56215],[-49.26808,-25.56155],[-49.26813,-25.56147],[-49.26884,-25.56025],[-49.26894,-25.56008],[-49.26927,-25.5595],[-49.26929,-25.55947],[-49.27004,-25.55859],[-49.27081,-25.55804],[-49.27204,-25.55703],[-49.27258,-25.55661],[-49.27309,-25.55622],[-49.27382,-25.55568],[-49.27418,-25.55525],[-49.27436,-25.55516],[-49.27466,-25.55495],[-49.27493,-25.55475],[-49.275,-25.55438],[-49.27489,-25.55421],[-49.27541,-25.55391],[-49.27584,-25.55358],[-49.27579,-25.55354],[-49.27593,-25.55345],[-49.27661,-25.55297],[-49.27716,-25.55258],[-49.2774,-25.55234],[-49.27749,-25.55224],[-49.27798,-25.55169],[-49.27799,-25.55168],[-49.27876,-25.55115],[-49.27975,-25.55039],[-49.28056,-25.54987],[-49.28162,-25.54964],[-49.28213,-25.54952],[-49.28259,-25.54939],[-49.28455,-25.54895],[-49.28507,-25.54891],[-49.28604,-25.54869],[-49.28683,-25.5484],[-49.28812,-25.54805],[-49.29033,-25.54798],[-49.29329,-25.54799],[-49.29341,-25.54752],[-49.29368,-25.54636],[-49.29371,-25.54618],[-49.29373,-25.54611],[-49.29399,-25.54501],[-49.29399,-25.545],[-49.29421,-25.54408],[-49.29422,-25.54405],[-49.29427,-25.5438],[-49.29436,-25.54346],[-49.29442,-25.54316],[-49.29444,-25.5429],[-49.29445,-25.54255],[-49.293,-25.54238],[-49.29203,-25.54228],[-49.29162,-25.54224],[-49.29109,-25.54217],[-49.29017,-25.54206],[-49.28918,-25.54195],[-49.28859,-25.54185],[-49.28858,-25.54162],[-49.28858,-25.54152],[-49.28861,-25.54142],[-49.28863,-25.54138],[-49.28864,-25.54138],[-49.28864,-25.54135],[-49.2886,-25.54117],[-49.28858,-25.5411],[-49.28855,-25.54105],[-49.28851,-25.54101],[-49.28843,-25.54097],[-49.28841,-25.54093],[-49.2884,-25.54087],[-49.2884,-25.54081],[-49.2884,-25.54075],[-49.28836,-25.54069],[-49.28834,-25.54067],[-49.28823,-25.54063],[-49.28818,-25.5406],[-49.28813,-25.54049],[-49.28805,-25.54033],[-49.28798,-25.54023],[-49.28796,-25.5402],[-49.28791,-25.54011],[-49.28789,-25.54006],[-49.28786,-25.54002],[-49.28783,-25.53998],[-49.2878,-25.53994],[-49.28777,-25.53991],[-49.28772,-25.53987],[-49.28766,-25.53986],[-49.28755,-25.53977],[-49.28739,-25.53974],[-49.28728,-25.53963],[-49.28726,-25.53957],[-49.28726,-25.5395],[-49.28728,-25.53935],[-49.28728,-25.53929],[-49.28728,-25.53919],[-49.28725,-25.53911],[-49.28721,-25.53908],[-49.28708,-25.53888],[-49.28702,-25.5388],[-49.287,-25.53877],[-49.28694,-25.53872],[-49.28691,-25.53868],[-49.28687,-25.53863],[-49.28685,-25.5386],[-49.28684,-25.53858],[-49.28681,-25.53855],[-49.28683,-25.53837],[-49.28639,-25.53828],[-49.28632,-25.53827],[-49.28583,-25.5382],[-49.28555,-25.53744],[-49.28543,-25.53717],[-49.28534,-25.53694],[-49.28522,-25.5367],[-49.28499,-25.53627],[-49.28436,-25.53592],[-49.28428,-25.53589],[-49.28422,-25.53581],[-49.28414,-25.53576],[-49.28401,-25.53557],[-49.28382,-25.53533],[-49.2837,-25.5351],[-49.28352,-25.53492],[-49.28336,-25.53472],[-49.28322,-25.53461],[-49.28303,-25.53443],[-49.28292,-25.53435],[-49.28276,-25.53425],[-49.28268,-25.53417],[-49.28239,-25.53397],[-49.28223,-25.53387],[-49.28221,-25.53385],[-49.28217,-25.53382],[-49.28217,-25.53382],[-49.28206,-25.53379],[-49.28187,-25.53365],[-49.28176,-25.53361],[-49.28159,-25.5335],[-49.28158,-25.53349],[-49.28092,-25.53309],[-49.28054,-25.53263],[-49.2803,-25.53226],[-49.28002,-25.53215],[-49.27993,-25.53211],[-49.27963,-25.53194],[-49.27947,-25.53182],[-49.27943,-25.53176],[-49.27919,-25.53162],[-49.27899,-25.53148],[-49.27881,-25.53132],[-49.27869,-25.53126],[-49.27835,-25.53114],[-49.27792,-25.53105],[-49.27747,-25.53094],[-49.27718,-25.53081],[-49.27682,-25.53072],[-49.27669,-25.5307],[-49.27651,-25.53062],[-49.27633,-25.5306],[-49.27622,-25.53057],[-49.27618,-25.53055],[-49.27585,-25.53045],[-49.27511,-25.53029],[-49.27475,-25.53013],[-49.27452,-25.53013],[-49.27429,-25.53027],[-49.274,-25.53028],[-49.27391,-25.53031],[-49.27365,-25.53031],[-49.27334,-25.53028],[-49.2731,-25.53031],[-49.27307,-25.53031],[-49.27304,-25.5303],[-49.27291,-25.53029],[-49.27276,-25.53033],[-49.27254,-25.53037],[-49.27227,-25.53039],[-49.27214,-25.53033],[-49.27197,-25.5303],[-49.27184,-25.53026],[-49.27174,-25.53021],[-49.27163,-25.53016],[-49.27154,-25.53014],[-49.27144,-25.53007],[-49.27141,-25.53001],[-49.27129,-25.52995],[-49.2712,-25.52988],[-49.27109,-25.52976],[-49.27104,-25.52965],[-49.27084,-25.5293],[-49.27049,-25.52874],[-49.27025,-25.52848],[-49.26995,-25.52817],[-49.2698,-25.52794],[-49.26965,-25.52774],[-49.26946,-25.5275],[-49.26934,-25.52738],[-49.26918,-25.52731],[-49.26904,-25.52727],[-49.26887,-25.52726],[-49.26851,-25.52715],[-49.26829,-25.52707],[-49.2681,-25.527],[-49.26797,-25.52692],[-49.26772,-25.52668],[-49.26759,-25.52659],[-49.26729,-25.52657],[-49.26694,-25.52661],[-49.26663,-25.52652],[-49.26643,-25.52646],[-49.26585,-25.52614],[-49.26567,-25.52606],[-49.26561,-25.5262],[-49.26461,-25.52672],[-49.26373,-25.52723],[-49.26108,-25.52839],[-49.26065,-25.52844],[-49.26039,-25.52844],[-49.26004,-25.52837],[-49.26003,-25.52837],[-49.26002,-25.52836],[-49.25982,-25.52834],[-49.25951,-25.52835],[-49.25938,-25.52835],[-49.25904,-25.52839],[-49.25874,-25.52851],[-49.25851,-25.52866],[-49.25783,-25.5293],[-49.2573,-25.53027],[-49.25701,-25.53073],[-49.25692,-25.5307],[-49.25675,-25.53102],[-49.25651,-25.53139],[-49.25647,-25.53144],[-49.25643,-25.5315],[-49.25575,-25.53217],[-49.25533,-25.53238],[-49.25459,-25.5324],[-49.25457,-25.53207],[-49.25408,-25.53203],[-49.25384,-25.532],[-49.25333,-25.532],[-49.2528,-25.532],[-49.25207,-25.53208],[-49.25279,-25.53239],[-49.25235,-25.53248],[-49.25174,-25.53271],[-49.25127,-25.53309],[-49.25095,-25.53359],[-49.25076,-25.534],[-49.25051,-25.53501],[-49.25036,-25.53551],[-49.25049,-25.53558],[-49.25061,-25.53567],[-49.25073,-25.53577],[-49.25097,-25.53599],[-49.25037,-25.53652],[-49.24991,-25.53687],[-49.24952,-25.53716],[-49.24926,-25.53734],[-49.24909,-25.5375],[-49.24894,-25.5377],[-49.24883,-25.53793],[-49.24871,-25.53835],[-49.24865,-25.53861],[-49.24847,-25.53882],[-49.24815,-25.53957],[-49.24774,-25.5404],[-49.24723,-25.54131],[-49.24694,-25.54193],[-49.24686,-25.54227],[-49.24696,-25.54264]]]}},{"type":"Feature","properties":{"code":"4106902014","name":"Ahú"},"geometry":{"type":"Polygon","coordinates":[[[-49.25919,-25.41059],[-49.25962,-25.41028],[-49.26135,-25.40994],[-49.26256,-25.40968],[-49.26345,-25.40949],[-49.26433,-25.40935],[-49.26596,-25.40909],[-49.26603,-25.40911],[-49.26618,-25.40901],[-49.26628,-25.40885],[-49.26667,-25.40813],[-49.26681,-25.40783],[-49.26689,-25.40757],[-49.26692,-25.40725],[-49.26865,-25.40712],[-49.26999,-25.40704],[-49.2701,-25.40704],[-49.27026,-25.40706],[-49.27033,-25.40706],[-49.27157,-25.40728],[-49.2715,-25.40714],[-49.27139,-25.40686],[-49.27115,-25.40632],[-49.27105,-25.406],[-49.27103,-25.40593],[-49.27102,-25.40588],[-49.27101,-25.4057],[-49.27107,-25.40513],[-49.2711,-25.40493],[-49.2711,-25.40483],[-49.27119,-25.40437],[-49.27126,-25.40394],[-49.27129,-25.40371],[-49.27131,-25.40339],[-49.27076,-25.40297],[-49.27056,-25.40281],[-49.27008,-25.40243],[-49.26995,-25.40232],[-49.26983,-25.40226],[-49.26977,-25.40223],[-49.26936,-25.40202],[-49.26912,-25.40196],[-49.26861,-25.40178],[-49.26764,-25.40147],[-49.26735,-25.40136],[-49.26623,-25.401],[-49.26602,-25.401],[-49.26603,-25.40088],[-49.26604,-25.40028],[-49.26603,-25.39978],[-49.26603,-25.39873],[-49.26604,-25.39765],[-49.26603,-25.39678],[-49.26601,-25.3966],[-49.26601,-25.39608],[-49.26603,-25.39546],[-49.26601,-25.39447],[-49.26604,-25.39414],[-49.26592,-25.39418],[-49.26572,-25.39424],[-49.26546,-25.3943],[-49.26464,-25.39441],[-49.26432,-25.39444],[-49.2635,-25.39455],[-49.26303,-25.39438],[-49.26294,-25.39438],[-49.26283,-25.39434],[-49.26269,-25.39428],[-49.26254,-25.39419],[-49.26244,-25.39413],[-49.26234,-25.39404],[-49.26218,-25.39381],[-49.26203,-25.39354],[-49.26196,-25.39345],[-49.26185,-25.3934],[-49.26171,-25.39335],[-49.26113,-25.3932],[-49.26069,-25.39275],[-49.26064,-25.3928],[-49.26004,-25.39317],[-49.25985,-25.39329],[-49.25863,-25.39406],[-49.25845,-25.39418],[-49.25836,-25.39427],[-49.25814,-25.39447],[-49.2578,-25.39484],[-49.25728,-25.3954],[-49.25703,-25.39566],[-49.25694,-25.3958],[-49.25687,-25.39592],[-49.25682,-25.39605],[-49.25681,-25.39611],[-49.2568,-25.39616],[-49.25678,-25.39628],[-49.25677,-25.39648],[-49.25677,-25.39694],[-49.2568,-25.39733],[-49.25684,-25.39765],[-49.25696,-25.39814],[-49.25709,-25.39875],[-49.25718,-25.39892],[-49.25723,-25.39905],[-49.25731,-25.39917],[-49.25749,-25.39938],[-49.25785,-25.39983],[-49.25799,-25.4],[-49.25804,-25.4001],[-49.25808,-25.40019],[-49.25827,-25.40058],[-49.25831,-25.40067],[-49.25843,-25.40094],[-49.25863,-25.40144],[-49.25867,-25.40166],[-49.2587,-25.40188],[-49.25866,-25.40253],[-49.25866,-25.40254],[-49.25866,-25.40254],[-49.25866,-25.40255],[-49.25861,-25.40301],[-49.25854,-25.40327],[-49.25837,-25.40365],[-49.25836,-25.40366],[-49.25789,-25.40447],[-49.2574,-25.40531],[-49.25715,-25.40575],[-49.25703,-25.4061],[-49.25655,-25.40776],[-49.25663,-25.40848],[-49.25687,-25.40954],[-49.25697,-25.41002],[-49.25706,-25.41024],[-49.25723,-25.41044],[-49.25766,-25.41082],[-49.25779,-25.41093],[-49.25806,-25.41117],[-49.25823,-25.41124],[-49.25838,-25.41114],[-49.25891,-25.41079],[-49.25919,-25.41059]]]}},{"type":"Feature","properties":{"code":"4106902013","name":"Bom Retiro"},"geometry":{"type":"Polygon","coordinates":[[[-49.27883,-25.41656],[-49.27985,-25.41634],[-49.28023,-25.41624],[-49.28031,-25.41622],[-49.28162,-25.41589],[-49.28242,-25.4157],[-49.28309,-25.41558],[-49.2842,-25.41535],[-49.28459,-25.41527],[-49.28463,-25.41531],[-49.28378,-25.41211],[-49.28309,-25.40936],[-49.28229,-25.40952],[-49.28215,-25.40956],[-49.2822,-25.40949],[-49.28228,-25.40938],[-49.28249,-25.40909],[-49.28293,-25.40842],[-49.28301,-25.40828],[-49.28304,-25.40816],[-49.28306,-25.40804],[-49.28301,-25.40785],[-49.283,-25.40771],[-49.28299,-25.40763],[-49.28289,-25.40708],[-49.28252,-25.40492],[-49.28242,-25.40426],[-49.28237,-25.404],[-49.28239,-25.40339],[-49.28233,-25.40339],[-49.28238,-25.4032],[-49.28248,-25.40305],[-49.28257,-25.40293],[-49.28273,-25.40275],[-49.28282,-25.40265],[-49.28318,-25.40218],[-49.28337,-25.40192],[-49.28346,-25.40182],[-49.28361,-25.40168],[-49.2838,-25.40158],[-49.2843,-25.40132],[-49.28473,-25.40112],[-49.28457,-25.40109],[-49.2842,-25.40109],[-49.28411,-25.4011],[-49.2837,-25.40119],[-49.28251,-25.40147],[-49.28203,-25.40168],[-49.28186,-25.40176],[-49.28144,-25.40188],[-49.28115,-25.40192],[-49.28061,-25.402],[-49.27988,-25.40213],[-49.27963,-25.40216],[-49.27946,-25.40213],[-49.27903,-25.4021],[-49.2787,-25.40207],[-49.27838,-25.40209],[-49.2781,-25.40214],[-49.27739,-25.40221],[-49.2767,-25.40229],[-49.27523,-25.40233],[-49.27517,-25.40253],[-49.27509,-25.40272],[-49.27506,-25.40286],[-49.27507,-25.40297],[-49.27524,-25.40345],[-49.27487,-25.40348],[-49.27246,-25.40364],[-49.27209,-25.40364],[-49.27158,-25.40356],[-49.2714,-25.40344],[-49.27131,-25.40339],[-49.27129,-25.40371],[-49.27126,-25.40394],[-49.27119,-25.40437],[-49.2711,-25.40483],[-49.2711,-25.40493],[-49.27107,-25.40513],[-49.27101,-25.4057],[-49.27102,-25.40588],[-49.27103,-25.40593],[-49.27105,-25.406],[-49.27115,-25.40632],[-49.27139,-25.40686],[-49.2715,-25.40714],[-49.27157,-25.40728],[-49.27164,-25.40745],[-49.27171,-25.4076],[-49.27175,-25.40769],[-49.2718,-25.40784],[-49.27183,-25.40799],[-49.27182,-25.40813],[-49.27179,-25.40826],[-49.27175,-25.4084],[-49.27165,-25.40876],[-49.27157,-25.40898],[-49.27148,-25.40932],[-49.27142,-25.40956],[-49.27141,-25.40978],[-49.2714,-25.40983],[-49.2714,-25.41],[-49.27145,-25.41025],[-49.27145,-25.4103],[-49.27147,-25.41042],[-49.27156,-25.41073],[-49.27171,-25.41127],[-49.27173,-25.41132],[-49.27177,-25.41148],[-49.27178,-25.41152],[-49.27178,-25.41161],[-49.27176,-25.41169],[-49.27171,-25.41184],[-49.27162,-25.41206],[-49.27142,-25.41257],[-49.27124,-25.41315],[-49.27123,-25.41338],[-49.27121,-25.41351],[-49.27121,-25.4138],[-49.27125,-25.41442],[-49.2713,-25.41496],[-49.27135,-25.41546],[-49.27136,-25.41561],[-49.27141,-25.41623],[-49.27136,-25.41684],[-49.27135,-25.41699],[-49.27133,-25.41727],[-49.2713,-25.4176],[-49.27124,-25.41805],[-49.27274,-25.41783],[-49.27432,-25.41747],[-49.27575,-25.41721],[-49.27667,-25.41701],[-49.27851,-25.41666],[-49.27883,-25.41656]]]}},{"type":"Feature","properties":{"code":"4106902009","name":"Água Verde"},"geometry":{"type":"Polygon","coordinates":[[[-49.27505,-25.44442],[-49.27501,-25.44449],[-49.27437,-25.4459],[-49.2737,-25.44729],[-49.27352,-25.44774],[-49.27312,-25.44863],[-49.27247,-25.45003],[-49.27194,-25.45117],[-49.27194,-25.45118],[-49.27111,-25.45298],[-49.2706,-25.45412],[-49.26999,-25.45543],[-49.26975,-25.45607],[-49.26934,-25.45686],[-49.26928,-25.457],[-49.26924,-25.45706],[-49.26924,-25.45707],[-49.26975,-25.45751],[-49.2706,-25.45828],[-49.27094,-25.45859],[-49.27182,-25.45937],[-49.27208,-25.45962],[-49.27281,-25.4603],[-49.27373,-25.46111],[-49.27384,-25.46122],[-49.27414,-25.46149],[-49.27441,-25.46173],[-49.2746,-25.46188],[-49.27501,-25.46229],[-49.2761,-25.46326],[-49.27722,-25.46428],[-49.27832,-25.46528],[-49.27938,-25.4662],[-49.27941,-25.46621],[-49.28008,-25.46684],[-49.28057,-25.46727],[-49.28111,-25.46776],[-49.28165,-25.46825],[-49.28167,-25.46827],[-49.28279,-25.46929],[-49.28331,-25.46977],[-49.28392,-25.47028],[-49.28501,-25.47128],[-49.28502,-25.47129],[-49.28594,-25.47213],[-49.2861,-25.47229],[-49.28616,-25.4722],[-49.28635,-25.47176],[-49.28656,-25.47128],[-49.28704,-25.47031],[-49.28743,-25.46948],[-49.28749,-25.46928],[-49.28792,-25.46836],[-49.28849,-25.46813],[-49.28873,-25.46807],[-49.28887,-25.46799],[-49.28947,-25.4672],[-49.28997,-25.46654],[-49.29028,-25.46613],[-49.29052,-25.46591],[-49.29125,-25.46497],[-49.29133,-25.46486],[-49.29133,-25.46484],[-49.29111,-25.46432],[-49.2906,-25.46295],[-49.2902,-25.46206],[-49.29014,-25.4619],[-49.29004,-25.46173],[-49.2898,-25.46117],[-49.28977,-25.46112],[-49.28968,-25.46093],[-49.2895,-25.46054],[-49.28927,-25.46002],[-49.28924,-25.45996],[-49.28918,-25.4598],[-49.28905,-25.45947],[-49.2889,-25.45876],[-49.28869,-25.45772],[-49.28853,-25.45693],[-49.28845,-25.45648],[-49.28832,-25.45588],[-49.28826,-25.45555],[-49.28822,-25.45531],[-49.28808,-25.45466],[-49.28793,-25.45384],[-49.28805,-25.45384],[-49.2894,-25.4538],[-49.29055,-25.45372],[-49.2908,-25.45388],[-49.29108,-25.45392],[-49.29125,-25.45393],[-49.29233,-25.454],[-49.29286,-25.45409],[-49.29334,-25.45311],[-49.29369,-25.45233],[-49.29412,-25.45151],[-49.29449,-25.45072],[-49.29489,-25.44994],[-49.29551,-25.44869],[-49.29551,-25.44869],[-49.29541,-25.44865],[-49.29481,-25.44845],[-49.29231,-25.4475],[-49.29212,-25.44743],[-49.29131,-25.44713],[-49.29084,-25.44696],[-49.29038,-25.44679],[-49.28927,-25.44634],[-49.28742,-25.44564],[-49.28668,-25.44535],[-49.28657,-25.44531],[-49.28547,-25.44489],[-49.2844,-25.44448],[-49.28278,-25.44384],[-49.28261,-25.44377],[-49.28243,-25.44369],[-49.28102,-25.44314],[-49.27981,-25.44267],[-49.27866,-25.44223],[-49.27782,-25.44192],[-49.27769,-25.44187],[-49.27744,-25.44177],[-49.27644,-25.4414],[-49.2764,-25.44147],[-49.27582,-25.44278],[-49.27578,-25.44286],[-49.27575,-25.44293],[-49.27509,-25.44435],[-49.27505,-25.44442]]]}},{"type":"Feature","properties":{"code":"4106902049","name":"Taboão"},"geometry":{"type":"Polygon","coordinates":[[[-49.27459,-25.37533],[-49.27478,-25.37539],[-49.27524,-25.37552],[-49.27563,-25.37563],[-49.27585,-25.37569],[-49.27604,-25.37577],[-49.27609,-25.3758],[-49.27628,-25.37607],[-49.27644,-25.37628],[-49.2766,-25.37643],[-49.27705,-25.37677],[-49.27721,-25.37691],[-49.27732,-25.37695],[-49.27748,-25.37707],[-49.27766,-25.37718],[-49.27794,-25.37762],[-49.27814,-25.37793],[-49.27846,-25.37833],[-49.2788,-25.37881],[-49.27895,-25.37927],[-49.27912,-25.37971],[-49.27938,-25.37976],[-49.27962,-25.37994],[-49.27995,-25.38016],[-49.27995,-25.38017],[-49.28004,-25.3803],[-49.2801,-25.38041],[-49.2802,-25.38063],[-49.28025,-25.38061],[-49.28061,-25.3804],[-49.28092,-25.38024],[-49.28102,-25.38021],[-49.2817,-25.38025],[-49.28244,-25.38031],[-49.28274,-25.38032],[-49.2829,-25.38055],[-49.2834,-25.38125],[-49.28359,-25.38152],[-49.28374,-25.38156],[-49.28405,-25.38154],[-49.28413,-25.38147],[-49.28418,-25.38144],[-49.28456,-25.38118],[-49.28479,-25.38107],[-49.28522,-25.38073],[-49.28555,-25.3804],[-49.28582,-25.37982],[-49.28588,-25.37941],[-49.28624,-25.37871],[-49.28599,-25.37859],[-49.28555,-25.37771],[-49.28544,-25.37762],[-49.28518,-25.37752],[-49.28484,-25.37717],[-49.28486,-25.37703],[-49.28491,-25.37698],[-49.28495,-25.37693],[-49.28515,-25.37684],[-49.28557,-25.37673],[-49.28564,-25.37671],[-49.28573,-25.37666],[-49.28603,-25.37649],[-49.2863,-25.37622],[-49.2864,-25.37598],[-49.28641,-25.37557],[-49.2862,-25.37505],[-49.28617,-25.37464],[-49.28592,-25.3743],[-49.2859,-25.37404],[-49.28582,-25.37386],[-49.28583,-25.37365],[-49.28596,-25.37339],[-49.28612,-25.37321],[-49.28667,-25.37283],[-49.28737,-25.37223],[-49.28754,-25.37169],[-49.28738,-25.37117],[-49.28705,-25.37056],[-49.28691,-25.37034],[-49.28678,-25.37015],[-49.28623,-25.36962],[-49.28605,-25.3695],[-49.28572,-25.36936],[-49.28563,-25.36926],[-49.28557,-25.369],[-49.28567,-25.36867],[-49.28574,-25.36799],[-49.28571,-25.36786],[-49.28568,-25.36773],[-49.28551,-25.36752],[-49.28538,-25.36746],[-49.28529,-25.36745],[-49.28521,-25.36745],[-49.2851,-25.36747],[-49.28501,-25.36756],[-49.28491,-25.36767],[-49.28457,-25.36782],[-49.28444,-25.36792],[-49.2839,-25.36837],[-49.2836,-25.36839],[-49.28354,-25.36835],[-49.2835,-25.36823],[-49.28365,-25.36793],[-49.2837,-25.36759],[-49.28363,-25.36726],[-49.28332,-25.36705],[-49.28328,-25.367],[-49.28319,-25.3669],[-49.28261,-25.36682],[-49.28236,-25.36667],[-49.28231,-25.36662],[-49.28216,-25.36646],[-49.28213,-25.36626],[-49.28233,-25.36582],[-49.28235,-25.36567],[-49.28235,-25.36563],[-49.28236,-25.36561],[-49.28244,-25.36516],[-49.28262,-25.36473],[-49.28254,-25.36463],[-49.28233,-25.36457],[-49.28207,-25.36433],[-49.28156,-25.36422],[-49.28136,-25.36421],[-49.28128,-25.36411],[-49.28128,-25.36398],[-49.28138,-25.36388],[-49.2816,-25.36379],[-49.28184,-25.36363],[-49.28238,-25.36356],[-49.28253,-25.36354],[-49.28294,-25.36339],[-49.28326,-25.36318],[-49.28354,-25.36315],[-49.28379,-25.36328],[-49.28393,-25.36329],[-49.28421,-25.363],[-49.28421,-25.36287],[-49.2841,-25.36279],[-49.28366,-25.36269],[-49.28333,-25.36241],[-49.28314,-25.36236],[-49.28271,-25.36224],[-49.28244,-25.36203],[-49.28195,-25.36165],[-49.28194,-25.36159],[-49.28194,-25.36153],[-49.28207,-25.36147],[-49.28228,-25.36145],[-49.28232,-25.36134],[-49.2823,-25.36114],[-49.28216,-25.36105],[-49.28207,-25.36098],[-49.28206,-25.36093],[-49.28206,-25.36084],[-49.28213,-25.36059],[-49.28215,-25.36052],[-49.28199,-25.36008],[-49.28203,-25.35973],[-49.28199,-25.35959],[-49.28189,-25.35949],[-49.28179,-25.35939],[-49.28175,-25.35904],[-49.28152,-25.35776],[-49.28152,-25.3577],[-49.28122,-25.35774],[-49.28131,-25.35843],[-49.28133,-25.35889],[-49.28132,-25.3594],[-49.28132,-25.35966],[-49.2813,-25.3598],[-49.28129,-25.36001],[-49.28123,-25.36025],[-49.28115,-25.36046],[-49.28097,-25.36077],[-49.28055,-25.36131],[-49.27967,-25.36243],[-49.27918,-25.36311],[-49.27854,-25.36394],[-49.27838,-25.36414],[-49.2782,-25.36437],[-49.27745,-25.36535],[-49.27713,-25.36578],[-49.27677,-25.36627],[-49.27657,-25.36651],[-49.27649,-25.36663],[-49.27612,-25.36717],[-49.27593,-25.367],[-49.2754,-25.36779],[-49.27523,-25.36808],[-49.27507,-25.36838],[-49.27498,-25.36873],[-49.27496,-25.3688],[-49.27491,-25.36907],[-49.27488,-25.36935],[-49.27496,-25.36965],[-49.27495,-25.36979],[-49.27472,-25.37013],[-49.27468,-25.37023],[-49.27465,-25.37029],[-49.27459,-25.37068],[-49.27458,-25.37074],[-49.27455,-25.37088],[-49.27451,-25.37106],[-49.27445,-25.37168],[-49.27442,-25.37175],[-49.27439,-25.37203],[-49.27429,-25.37229],[-49.27429,-25.37248],[-49.2743,-25.37257],[-49.2743,-25.37267],[-49.27418,-25.3733],[-49.27403,-25.37388],[-49.27394,-25.3744],[-49.27416,-25.37464],[-49.2743,-25.3747],[-49.27434,-25.37491],[-49.27438,-25.37502],[-49.27444,-25.3751],[-49.2745,-25.37517],[-49.27459,-25.37533]]]}},{"type":"Feature","properties":{"code":"4106902039","name":"Fanny"},"geometry":{"type":"Polygon","coordinates":[[[-49.26748,-25.476],[-49.26692,-25.47558],[-49.26525,-25.47434],[-49.26469,-25.47394],[-49.26306,-25.47272],[-49.26283,-25.47255],[-49.26266,-25.47242],[-49.26252,-25.47231],[-49.26239,-25.47223],[-49.26205,-25.47199],[-49.2619,-25.47194],[-49.26006,-25.47152],[-49.25924,-25.47132],[-49.25501,-25.47028],[-49.2547,-25.47021],[-49.25971,-25.47637],[-49.26058,-25.47743],[-49.26142,-25.47846],[-49.26221,-25.47944],[-49.2645,-25.48227],[-49.26631,-25.48453],[-49.26665,-25.48494],[-49.26726,-25.48568],[-49.26819,-25.48682],[-49.26849,-25.48718],[-49.27013,-25.48922],[-49.2711,-25.4904],[-49.27225,-25.48961],[-49.27234,-25.48955],[-49.2734,-25.48881],[-49.27482,-25.49063],[-49.27496,-25.49052],[-49.27542,-25.49022],[-49.27598,-25.48984],[-49.27613,-25.48974],[-49.277,-25.48916],[-49.27809,-25.48844],[-49.27917,-25.48771],[-49.28024,-25.487],[-49.28129,-25.4863],[-49.28131,-25.48613],[-49.27976,-25.48573],[-49.27907,-25.4856],[-49.2789,-25.48554],[-49.27867,-25.4854],[-49.27854,-25.4853],[-49.27833,-25.48508],[-49.27797,-25.48469],[-49.27749,-25.48417],[-49.27715,-25.4838],[-49.27673,-25.48335],[-49.2766,-25.48321],[-49.2764,-25.48299],[-49.27597,-25.48255],[-49.27577,-25.48231],[-49.27542,-25.48193],[-49.27533,-25.48183],[-49.27427,-25.48103],[-49.27409,-25.48091],[-49.27383,-25.48071],[-49.2735,-25.48046],[-49.2729,-25.48002],[-49.27226,-25.47954],[-49.27138,-25.4789],[-49.27115,-25.47873],[-49.27085,-25.47851],[-49.26959,-25.47756],[-49.26911,-25.4772],[-49.26872,-25.4769],[-49.26748,-25.476]]]}},{"type":"Feature","properties":{"code":"4106902063","name":"Santa Felicidade"},"geometry":{"type":"Polygon","coordinates":[[[-49.3294,-25.42186],[-49.33106,-25.42177],[-49.33313,-25.42165],[-49.3346,-25.42156],[-49.33533,-25.42154],[-49.33534,-25.42154],[-49.3358,-25.42151],[-49.33591,-25.4213],[-49.33604,-25.42056],[-49.33608,-25.42044],[-49.33616,-25.42038],[-49.33634,-25.42034],[-49.3365,-25.42032],[-49.33672,-25.4203],[-49.33693,-25.42027],[-49.33704,-25.42022],[-49.33711,-25.42012],[-49.33717,-25.41995],[-49.33726,-25.41957],[-49.3373,-25.41947],[-49.33745,-25.41924],[-49.33751,-25.41913],[-49.3376,-25.41897],[-49.33788,-25.41831],[-49.33832,-25.41723],[-49.33884,-25.41604],[-49.33908,-25.41528],[-49.33948,-25.4145],[-49.33932,-25.41446],[-49.33877,-25.41424],[-49.33848,-25.41408],[-49.33837,-25.41403],[-49.33804,-25.41385],[-49.33779,-25.41374],[-49.33749,-25.41366],[-49.33725,-25.41365],[-49.33725,-25.41246],[-49.3373,-25.41242],[-49.33731,-25.4108],[-49.33728,-25.40991],[-49.33733,-25.40977],[-49.33738,-25.40968],[-49.33745,-25.40962],[-49.33761,-25.4095],[-49.33782,-25.40941],[-49.33803,-25.40932],[-49.33831,-25.40924],[-49.3385,-25.4093],[-49.33893,-25.40944],[-49.33909,-25.40945],[-49.33925,-25.40947],[-49.33932,-25.40952],[-49.33938,-25.40963],[-49.3395,-25.40975],[-49.33981,-25.40999],[-49.34008,-25.4101],[-49.34047,-25.41025],[-49.34059,-25.4092],[-49.34064,-25.40834],[-49.34263,-25.40905],[-49.34291,-25.40861],[-49.343,-25.40832],[-49.34304,-25.40797],[-49.34298,-25.40723],[-49.34299,-25.40694],[-49.34308,-25.4067],[-49.34331,-25.40631],[-49.34371,-25.40586],[-49.3443,-25.40517],[-49.34455,-25.40484],[-49.3448,-25.40446],[-49.34492,-25.40425],[-49.34496,-25.40411],[-49.34501,-25.40393],[-49.34516,-25.40358],[-49.34534,-25.4033],[-49.34622,-25.402],[-49.34686,-25.40081],[-49.34578,-25.40094],[-49.34507,-25.40096],[-49.34384,-25.401],[-49.34332,-25.40104],[-49.34334,-25.40086],[-49.34334,-25.40061],[-49.34332,-25.4005],[-49.34329,-25.40039],[-49.34327,-25.40029],[-49.34324,-25.4001],[-49.34322,-25.39993],[-49.34305,-25.39929],[-49.34301,-25.39913],[-49.34254,-25.39835],[-49.34242,-25.39842],[-49.34233,-25.39847],[-49.34226,-25.3985],[-49.34215,-25.39855],[-49.34198,-25.39859],[-49.34192,-25.3986],[-49.34182,-25.39861],[-49.34172,-25.39861],[-49.3416,-25.3986],[-49.34143,-25.39858],[-49.34134,-25.39858],[-49.34122,-25.39857],[-49.34111,-25.39857],[-49.34084,-25.39861],[-49.34055,-25.39783],[-49.34052,-25.39777],[-49.34028,-25.39714],[-49.34022,-25.39698],[-49.34002,-25.39648],[-49.33988,-25.39611],[-49.33943,-25.39507],[-49.33895,-25.39513],[-49.33857,-25.39519],[-49.33845,-25.39471],[-49.33828,-25.39398],[-49.33785,-25.39215],[-49.33777,-25.3915],[-49.33777,-25.39101],[-49.33785,-25.39069],[-49.33807,-25.39008],[-49.33823,-25.38954],[-49.33833,-25.38796],[-49.33836,-25.38681],[-49.33839,-25.38575],[-49.33849,-25.38408],[-49.33856,-25.3824],[-49.33778,-25.38193],[-49.3374,-25.38168],[-49.33709,-25.3814],[-49.33686,-25.38125],[-49.33666,-25.38121],[-49.33655,-25.38119],[-49.33646,-25.38117],[-49.33637,-25.38113],[-49.3362,-25.38103],[-49.33607,-25.38088],[-49.33601,-25.38077],[-49.33595,-25.38046],[-49.33577,-25.37962],[-49.33553,-25.37873],[-49.33522,-25.3778],[-49.33492,-25.37702],[-49.33471,-25.37638],[-49.33464,-25.37617],[-49.33451,-25.37591],[-49.33442,-25.37576],[-49.33425,-25.37554],[-49.33375,-25.37509],[-49.3327,-25.37415],[-49.33218,-25.37368],[-49.33194,-25.37345],[-49.33162,-25.37317],[-49.33126,-25.37284],[-49.33049,-25.37214],[-49.33002,-25.37173],[-49.32958,-25.37133],[-49.32906,-25.37086],[-49.32882,-25.37056],[-49.32859,-25.37026],[-49.32838,-25.36998],[-49.32816,-25.3697],[-49.328,-25.36955],[-49.32782,-25.3694],[-49.32766,-25.3693],[-49.3274,-25.36917],[-49.32706,-25.36902],[-49.32641,-25.36875],[-49.32614,-25.36863],[-49.32594,-25.36855],[-49.32583,-25.36842],[-49.32556,-25.36856],[-49.32506,-25.36876],[-49.32451,-25.36892],[-49.32444,-25.36895],[-49.32399,-25.36905],[-49.32369,-25.3691],[-49.32335,-25.36925],[-49.32296,-25.36957],[-49.32284,-25.3697],[-49.32258,-25.36997],[-49.32221,-25.37047],[-49.32178,-25.371],[-49.32103,-25.37147],[-49.3207,-25.37164],[-49.32037,-25.37181],[-49.31995,-25.3722],[-49.31981,-25.37247],[-49.31974,-25.37279],[-49.3197,-25.37329],[-49.31964,-25.37364],[-49.31911,-25.37491],[-49.31849,-25.37552],[-49.31768,-25.37638],[-49.31704,-25.37707],[-49.31699,-25.37713],[-49.31695,-25.37718],[-49.31598,-25.37784],[-49.31568,-25.37836],[-49.31554,-25.37897],[-49.3152,-25.37933],[-49.31456,-25.37988],[-49.31454,-25.37989],[-49.31447,-25.37995],[-49.31399,-25.38027],[-49.31365,-25.38046],[-49.31312,-25.3808],[-49.31297,-25.38094],[-49.31287,-25.38108],[-49.31262,-25.38144],[-49.3125,-25.38166],[-49.31226,-25.38206],[-49.312,-25.38239],[-49.31211,-25.38252],[-49.31345,-25.38291],[-49.3147,-25.38328],[-49.31509,-25.38339],[-49.31881,-25.38385],[-49.31906,-25.38393],[-49.31928,-25.38402],[-49.31948,-25.38412],[-49.31989,-25.38439],[-49.321,-25.38516],[-49.32121,-25.38532],[-49.3214,-25.38542],[-49.3216,-25.3855],[-49.32187,-25.38553],[-49.32178,-25.38606],[-49.32167,-25.38665],[-49.32159,-25.38722],[-49.32146,-25.3878],[-49.32134,-25.38799],[-49.32122,-25.38818],[-49.32096,-25.38846],[-49.32075,-25.38887],[-49.32052,-25.38924],[-49.32031,-25.38942],[-49.31994,-25.38972],[-49.31961,-25.39003],[-49.31943,-25.39028],[-49.31909,-25.39097],[-49.31891,-25.39132],[-49.31886,-25.39161],[-49.31885,-25.39183],[-49.31897,-25.3926],[-49.31912,-25.39333],[-49.31926,-25.39395],[-49.31917,-25.39404],[-49.31884,-25.39482],[-49.3185,-25.39553],[-49.31812,-25.3963],[-49.31793,-25.39671],[-49.31775,-25.39705],[-49.31741,-25.39781],[-49.31711,-25.39781],[-49.31679,-25.39788],[-49.31644,-25.39798],[-49.31606,-25.39809],[-49.31531,-25.3983],[-49.31507,-25.39839],[-49.31491,-25.39844],[-49.31475,-25.39856],[-49.31451,-25.39888],[-49.31426,-25.39928],[-49.31417,-25.39944],[-49.31407,-25.39961],[-49.31384,-25.39984],[-49.31359,-25.40002],[-49.31298,-25.40046],[-49.31285,-25.40056],[-49.31242,-25.40087],[-49.31206,-25.4011],[-49.31186,-25.40124],[-49.31173,-25.40134],[-49.31161,-25.40143],[-49.31156,-25.4015],[-49.31151,-25.4016],[-49.31148,-25.4017],[-49.31141,-25.40179],[-49.31184,-25.40209],[-49.31213,-25.40229],[-49.31235,-25.40246],[-49.31249,-25.40256],[-49.31264,-25.40268],[-49.31299,-25.40313],[-49.31332,-25.40355],[-49.31348,-25.40382],[-49.31361,-25.4041],[-49.31366,-25.4044],[-49.31369,-25.40481],[-49.31368,-25.40534],[-49.31343,-25.40723],[-49.3131,-25.40773],[-49.31296,-25.40793],[-49.31292,-25.40799],[-49.31386,-25.40808],[-49.31434,-25.4081],[-49.31495,-25.40809],[-49.3151,-25.40816],[-49.31527,-25.40835],[-49.31546,-25.40858],[-49.31566,-25.40878],[-49.31587,-25.40889],[-49.31619,-25.40903],[-49.31642,-25.40915],[-49.31688,-25.4095],[-49.317,-25.40962],[-49.31729,-25.40991],[-49.3174,-25.41004],[-49.31748,-25.41013],[-49.31756,-25.41038],[-49.31757,-25.41073],[-49.31745,-25.41149],[-49.3175,-25.41165],[-49.31756,-25.41171],[-49.3178,-25.41194],[-49.31825,-25.4124],[-49.3184,-25.41253],[-49.31814,-25.41271],[-49.31738,-25.413],[-49.31699,-25.41315],[-49.31656,-25.4132],[-49.31623,-25.41317],[-49.31564,-25.41308],[-49.31564,-25.41313],[-49.31566,-25.41334],[-49.31569,-25.41354],[-49.31576,-25.41393],[-49.31585,-25.41417],[-49.31605,-25.41485],[-49.31618,-25.41532],[-49.31636,-25.41546],[-49.31712,-25.41578],[-49.31813,-25.41619],[-49.31937,-25.41696],[-49.3197,-25.41678],[-49.31987,-25.41656],[-49.32003,-25.41633],[-49.32041,-25.41575],[-49.32058,-25.4156],[-49.31944,-25.42233],[-49.31942,-25.42242],[-49.31974,-25.42244],[-49.32002,-25.42245],[-49.32024,-25.4224],[-49.32036,-25.42238],[-49.32047,-25.42236],[-49.32055,-25.42235],[-49.32067,-25.42233],[-49.32101,-25.4222],[-49.32121,-25.42207],[-49.32143,-25.42192],[-49.32207,-25.42143],[-49.32222,-25.42136],[-49.32239,-25.42139],[-49.32258,-25.42154],[-49.32302,-25.42194],[-49.32327,-25.42189],[-49.32376,-25.42153],[-49.32383,-25.42131],[-49.32387,-25.42127],[-49.32392,-25.42118],[-49.32396,-25.42112],[-49.32438,-25.42102],[-49.32504,-25.42088],[-49.32514,-25.42089],[-49.32517,-25.42094],[-49.32528,-25.42109],[-49.32554,-25.42151],[-49.32566,-25.42174],[-49.32576,-25.42192],[-49.32592,-25.42201],[-49.32612,-25.42204],[-49.3294,-25.42186]]]}},{"type":"Feature","properties":{"code":"4106902031","name":"Vista Alegre"},"geometry":{"type":"Polygon","coordinates":[[[-49.29352,-25.40192],[-49.29343,-25.402],[-49.29327,-25.40212],[-49.29282,-25.40256],[-49.29273,-25.40268],[-49.2923,-25.40322],[-49.29203,-25.40369],[-49.29192,-25.40401],[-49.29183,-25.40419],[-49.2913,-25.40409],[-49.29103,-25.40406],[-49.29086,-25.40404],[-49.29052,-25.40393],[-49.29025,-25.40385],[-49.29,-25.40377],[-49.28942,-25.40365],[-49.28934,-25.40363],[-49.28927,-25.40357],[-49.28877,-25.40317],[-49.28824,-25.40271],[-49.28773,-25.40222],[-49.28708,-25.40157],[-49.28675,-25.40175],[-49.2861,-25.40191],[-49.2852,-25.40227],[-49.28444,-25.4026],[-49.28432,-25.40264],[-49.28404,-25.40275],[-49.28239,-25.40339],[-49.28237,-25.404],[-49.28242,-25.40426],[-49.28252,-25.40492],[-49.28289,-25.40708],[-49.28299,-25.40763],[-49.283,-25.40771],[-49.28301,-25.40785],[-49.28306,-25.40804],[-49.28304,-25.40816],[-49.28301,-25.40828],[-49.28293,-25.40842],[-49.28249,-25.40909],[-49.28228,-25.40938],[-49.2822,-25.40949],[-49.28215,-25.40956],[-49.28229,-25.40952],[-49.28309,-25.40936],[-49.28378,-25.41211],[-49.28463,-25.41531],[-49.28568,-25.41508],[-49.28569,-25.41508],[-49.2864,-25.41492],[-49.287,-25.41481],[-49.28811,-25.41457],[-49.28903,-25.41437],[-49.28944,-25.41424],[-49.28951,-25.41425],[-49.28961,-25.41423],[-49.2896,-25.41428],[-49.28961,-25.41433],[-49.28963,-25.41438],[-49.28965,-25.41448],[-49.28974,-25.41469],[-49.28976,-25.41477],[-49.29015,-25.41619],[-49.29019,-25.41635],[-49.29194,-25.41596],[-49.29201,-25.41594],[-49.29219,-25.41693],[-49.29297,-25.41673],[-49.29383,-25.41662],[-49.2938,-25.41685],[-49.29376,-25.41748],[-49.29381,-25.41775],[-49.29383,-25.41793],[-49.29392,-25.41804],[-49.29405,-25.41786],[-49.29431,-25.4175],[-49.29475,-25.4169],[-49.29509,-25.41645],[-49.29533,-25.41625],[-49.29621,-25.41604],[-49.29869,-25.41547],[-49.29918,-25.41545],[-49.30037,-25.41553],[-49.30097,-25.41555],[-49.30108,-25.41556],[-49.30124,-25.41556],[-49.30136,-25.41554],[-49.30143,-25.41552],[-49.3016,-25.41541],[-49.30196,-25.41526],[-49.30288,-25.41495],[-49.30382,-25.41469],[-49.30429,-25.41456],[-49.30501,-25.41434],[-49.30516,-25.41432],[-49.30538,-25.4143],[-49.30564,-25.41436],[-49.30571,-25.41437],[-49.30604,-25.41449],[-49.30639,-25.41461],[-49.30645,-25.41462],[-49.30659,-25.41463],[-49.30668,-25.41464],[-49.3069,-25.41462],[-49.30725,-25.41457],[-49.30725,-25.41469],[-49.30748,-25.41428],[-49.30787,-25.41392],[-49.30808,-25.41373],[-49.30825,-25.4135],[-49.30839,-25.41333],[-49.30856,-25.41308],[-49.30859,-25.41287],[-49.3086,-25.41265],[-49.30853,-25.41244],[-49.30832,-25.41223],[-49.30811,-25.41204],[-49.30776,-25.41175],[-49.30746,-25.41149],[-49.30725,-25.41112],[-49.307,-25.41075],[-49.30686,-25.41051],[-49.30666,-25.41028],[-49.3065,-25.41006],[-49.30636,-25.40995],[-49.30635,-25.40977],[-49.30639,-25.40934],[-49.30636,-25.40921],[-49.30636,-25.40902],[-49.30639,-25.40865],[-49.30641,-25.40848],[-49.30647,-25.40838],[-49.30665,-25.40814],[-49.30702,-25.4078],[-49.30768,-25.40718],[-49.30717,-25.40683],[-49.30682,-25.40667],[-49.30646,-25.40708],[-49.30627,-25.4071],[-49.30612,-25.40709],[-49.30587,-25.40705],[-49.30561,-25.40699],[-49.30518,-25.40697],[-49.30466,-25.40697],[-49.30423,-25.40694],[-49.30376,-25.40694],[-49.30364,-25.40691],[-49.30349,-25.40696],[-49.30317,-25.40668],[-49.30297,-25.40642],[-49.30287,-25.40617],[-49.30286,-25.40611],[-49.30281,-25.40582],[-49.30283,-25.40545],[-49.30288,-25.40527],[-49.30296,-25.40512],[-49.30303,-25.40497],[-49.303,-25.40479],[-49.30299,-25.40465],[-49.30298,-25.40453],[-49.30293,-25.40441],[-49.30301,-25.40441],[-49.30306,-25.40441],[-49.30314,-25.40349],[-49.30332,-25.40243],[-49.30356,-25.40168],[-49.30371,-25.40141],[-49.30388,-25.40124],[-49.30412,-25.40123],[-49.3045,-25.40124],[-49.30461,-25.40122],[-49.30478,-25.40116],[-49.30488,-25.40099],[-49.30493,-25.40056],[-49.30483,-25.40028],[-49.30463,-25.40013],[-49.30438,-25.40001],[-49.30432,-25.39988],[-49.30427,-25.39966],[-49.30426,-25.39955],[-49.30426,-25.39937],[-49.30416,-25.39932],[-49.30399,-25.39866],[-49.30393,-25.39819],[-49.30384,-25.39783],[-49.30375,-25.39767],[-49.30375,-25.39747],[-49.30387,-25.39714],[-49.30416,-25.39664],[-49.3045,-25.39643],[-49.30474,-25.39606],[-49.30499,-25.39581],[-49.30507,-25.39551],[-49.30497,-25.39558],[-49.30463,-25.39578],[-49.30403,-25.39607],[-49.30367,-25.39621],[-49.30342,-25.39627],[-49.30255,-25.3964],[-49.30196,-25.3965],[-49.30196,-25.39639],[-49.3004,-25.3976],[-49.2999,-25.39773],[-49.29918,-25.39793],[-49.29846,-25.39818],[-49.2979,-25.3984],[-49.29702,-25.39843],[-49.29697,-25.39863],[-49.29686,-25.39891],[-49.29665,-25.39916],[-49.29642,-25.39929],[-49.29629,-25.39949],[-49.296,-25.39979],[-49.29582,-25.39983],[-49.29549,-25.39986],[-49.29535,-25.39994],[-49.29517,-25.40017],[-49.29511,-25.40034],[-49.29505,-25.40045],[-49.29487,-25.40072],[-49.29457,-25.401],[-49.29393,-25.40153],[-49.29352,-25.40192]]]}},{"type":"Feature","properties":{"code":"4106902064","name":"Alto Boqueirão"},"geometry":{"type":"Polygon","coordinates":[[[-49.2456,-25.54807],[-49.24567,-25.5481],[-49.24571,-25.54784],[-49.24575,-25.54766],[-49.24581,-25.54751],[-49.24588,-25.54741],[-49.24591,-25.54731],[-49.246,-25.54704],[-49.24625,-25.5464],[-49.24645,-25.54597],[-49.24665,-25.5459],[-49.24697,-25.54578],[-49.24723,-25.54552],[-49.24735,-25.54538],[-49.24745,-25.54514],[-49.24745,-25.5448],[-49.2473,-25.5443],[-49.24716,-25.5435],[-49.24715,-25.54323],[-49.24714,-25.54312],[-49.24696,-25.54264],[-49.24686,-25.54227],[-49.24694,-25.54193],[-49.24723,-25.54131],[-49.24774,-25.5404],[-49.24815,-25.53957],[-49.24847,-25.53882],[-49.24865,-25.53861],[-49.24871,-25.53835],[-49.24883,-25.53793],[-49.24894,-25.5377],[-49.24909,-25.5375],[-49.24926,-25.53734],[-49.24952,-25.53716],[-49.24991,-25.53687],[-49.25037,-25.53652],[-49.25097,-25.53599],[-49.25073,-25.53577],[-49.25061,-25.53567],[-49.25049,-25.53558],[-49.25036,-25.53551],[-49.25051,-25.53501],[-49.25076,-25.534],[-49.25095,-25.53359],[-49.25127,-25.53309],[-49.25174,-25.53271],[-49.25235,-25.53248],[-49.25279,-25.53239],[-49.25207,-25.53208],[-49.2528,-25.532],[-49.25333,-25.532],[-49.25384,-25.532],[-49.25408,-25.53203],[-49.25457,-25.53207],[-49.25459,-25.5324],[-49.25533,-25.53238],[-49.25575,-25.53217],[-49.25643,-25.5315],[-49.25647,-25.53144],[-49.25651,-25.53139],[-49.25675,-25.53102],[-49.25692,-25.5307],[-49.25701,-25.53073],[-49.2573,-25.53027],[-49.25783,-25.5293],[-49.25733,-25.52837],[-49.25716,-25.52823],[-49.25646,-25.52783],[-49.25683,-25.52733],[-49.25682,-25.52721],[-49.25673,-25.52697],[-49.2565,-25.52654],[-49.25632,-25.52625],[-49.25616,-25.52606],[-49.25589,-25.52587],[-49.25506,-25.52545],[-49.25468,-25.52601],[-49.2543,-25.52659],[-49.25339,-25.52613],[-49.25381,-25.52576],[-49.25405,-25.52529],[-49.25421,-25.52493],[-49.25451,-25.5243],[-49.25462,-25.52398],[-49.25504,-25.52234],[-49.2553,-25.52125],[-49.25534,-25.52075],[-49.25531,-25.52015],[-49.25525,-25.51932],[-49.25524,-25.51915],[-49.25525,-25.51895],[-49.25527,-25.51868],[-49.25556,-25.5179],[-49.25569,-25.51749],[-49.25549,-25.51751],[-49.25298,-25.51779],[-49.25297,-25.51779],[-49.2518,-25.51791],[-49.25093,-25.51756],[-49.25093,-25.51756],[-49.24978,-25.51709],[-49.24948,-25.51772],[-49.24931,-25.51805],[-49.24918,-25.51836],[-49.24903,-25.51867],[-49.24888,-25.51899],[-49.24872,-25.51931],[-49.24862,-25.51952],[-49.2483,-25.52019],[-49.248,-25.52081],[-49.24696,-25.52289],[-49.24664,-25.52353],[-49.24659,-25.52365],[-49.24619,-25.5245],[-49.24516,-25.52409],[-49.24413,-25.52367],[-49.24369,-25.52351],[-49.24205,-25.52285],[-49.24072,-25.52232],[-49.23999,-25.52204],[-49.2397,-25.52264],[-49.2396,-25.52283],[-49.23946,-25.52314],[-49.23929,-25.52349],[-49.23669,-25.52243],[-49.23673,-25.52234],[-49.23687,-25.52206],[-49.2374,-25.521],[-49.23644,-25.52061],[-49.23574,-25.52029],[-49.23529,-25.52009],[-49.23412,-25.51959],[-49.23296,-25.5191],[-49.23295,-25.5191],[-49.23177,-25.51863],[-49.23076,-25.51823],[-49.23066,-25.51819],[-49.23056,-25.51811],[-49.23043,-25.51809],[-49.23009,-25.51795],[-49.23,-25.51791],[-49.22959,-25.51774],[-49.22944,-25.51802],[-49.22869,-25.5196],[-49.22842,-25.52013],[-49.2278,-25.5214],[-49.22727,-25.52255],[-49.22724,-25.52261],[-49.22692,-25.52323],[-49.22667,-25.52374],[-49.22655,-25.52387],[-49.22651,-25.52399],[-49.22641,-25.52415],[-49.22627,-25.52433],[-49.22615,-25.52443],[-49.22611,-25.52452],[-49.22608,-25.52455],[-49.22603,-25.52457],[-49.22589,-25.52475],[-49.22532,-25.52522],[-49.22511,-25.52539],[-49.22478,-25.52561],[-49.22454,-25.52578],[-49.22439,-25.52587],[-49.22421,-25.52597],[-49.22393,-25.52611],[-49.2234,-25.52632],[-49.22223,-25.52689],[-49.22129,-25.52733],[-49.22056,-25.52769],[-49.21996,-25.52798],[-49.21956,-25.52819],[-49.21937,-25.52832],[-49.21678,-25.52957],[-49.21683,-25.52974],[-49.2169,-25.52999],[-49.21719,-25.53059],[-49.21758,-25.53133],[-49.21793,-25.53194],[-49.21829,-25.53253],[-49.21873,-25.53296],[-49.21924,-25.53331],[-49.21978,-25.53357],[-49.22024,-25.53382],[-49.22099,-25.53354],[-49.22203,-25.53281],[-49.22258,-25.53225],[-49.22282,-25.53238],[-49.22304,-25.53254],[-49.22326,-25.53268],[-49.22341,-25.53282],[-49.22363,-25.53304],[-49.22377,-25.53326],[-49.2239,-25.53345],[-49.22396,-25.53356],[-49.22402,-25.53368],[-49.22411,-25.53391],[-49.2242,-25.53408],[-49.22428,-25.53427],[-49.22442,-25.53447],[-49.22448,-25.53469],[-49.22457,-25.53493],[-49.22457,-25.53493],[-49.22464,-25.53513],[-49.22475,-25.53537],[-49.22488,-25.53556],[-49.225,-25.53578],[-49.22512,-25.53606],[-49.22526,-25.53633],[-49.22533,-25.53653],[-49.22554,-25.53696],[-49.22564,-25.53724],[-49.22576,-25.53749],[-49.22588,-25.53779],[-49.22599,-25.53807],[-49.22605,-25.53837],[-49.22599,-25.53874],[-49.22587,-25.53892],[-49.22584,-25.53897],[-49.22564,-25.53926],[-49.22538,-25.53955],[-49.22515,-25.53978],[-49.22489,-25.54014],[-49.22438,-25.54088],[-49.2242,-25.54119],[-49.22389,-25.5416],[-49.22369,-25.54188],[-49.22355,-25.54209],[-49.22354,-25.54228],[-49.22361,-25.54242],[-49.2237,-25.54252],[-49.22393,-25.54271],[-49.22421,-25.54283],[-49.22468,-25.54298],[-49.22504,-25.54309],[-49.22539,-25.54321],[-49.22564,-25.54343],[-49.22571,-25.54362],[-49.22574,-25.54373],[-49.22574,-25.54395],[-49.22563,-25.54422],[-49.22551,-25.5445],[-49.22524,-25.54482],[-49.22487,-25.54508],[-49.2245,-25.5454],[-49.22426,-25.54569],[-49.22408,-25.54594],[-49.22389,-25.54619],[-49.22352,-25.54661],[-49.2233,-25.54697],[-49.22304,-25.54734],[-49.22297,-25.54764],[-49.22295,-25.54782],[-49.22293,-25.54794],[-49.22301,-25.54823],[-49.2231,-25.54843],[-49.22317,-25.54848],[-49.22334,-25.54861],[-49.2235,-25.5488],[-49.22369,-25.54917],[-49.22379,-25.54939],[-49.2238,-25.5494],[-49.22391,-25.54954],[-49.22411,-25.54978],[-49.22435,-25.55004],[-49.22467,-25.55036],[-49.22487,-25.55063],[-49.22516,-25.55101],[-49.22523,-25.55123],[-49.22533,-25.55143],[-49.2254,-25.55169],[-49.22544,-25.55195],[-49.22542,-25.55212],[-49.2254,-25.55229],[-49.22528,-25.55255],[-49.22511,-25.5528],[-49.22491,-25.55314],[-49.22488,-25.55318],[-49.22467,-25.55354],[-49.22449,-25.55401],[-49.22434,-25.55437],[-49.2243,-25.55448],[-49.22423,-25.55466],[-49.22415,-25.55488],[-49.22412,-25.55498],[-49.22407,-25.5551],[-49.22398,-25.55531],[-49.22391,-25.55565],[-49.22391,-25.55566],[-49.22384,-25.55592],[-49.22381,-25.55628],[-49.22376,-25.55656],[-49.22342,-25.5564],[-49.22314,-25.55639],[-49.22279,-25.55642],[-49.22271,-25.55645],[-49.2225,-25.55653],[-49.22226,-25.5567],[-49.22209,-25.5569],[-49.22207,-25.55693],[-49.22196,-25.55709],[-49.22194,-25.55711],[-49.22188,-25.55724],[-49.22184,-25.55734],[-49.22179,-25.55754],[-49.22178,-25.55758],[-49.22172,-25.55792],[-49.2217,-25.5582],[-49.2217,-25.55822],[-49.22169,-25.55853],[-49.22177,-25.55881],[-49.2218,-25.55902],[-49.22186,-25.55924],[-49.22188,-25.55941],[-49.22192,-25.55954],[-49.22195,-25.55969],[-49.22197,-25.55975],[-49.222,-25.55988],[-49.22204,-25.56017],[-49.22205,-25.56024],[-49.22207,-25.56036],[-49.22208,-25.5604],[-49.22213,-25.56054],[-49.22223,-25.56077],[-49.22235,-25.56103],[-49.22253,-25.56125],[-49.22278,-25.56152],[-49.22294,-25.56172],[-49.22303,-25.56183],[-49.22321,-25.56196],[-49.2233,-25.56202],[-49.22332,-25.56203],[-49.22779,-25.56244],[-49.22836,-25.56257],[-49.22921,-25.56277],[-49.23558,-25.56352],[-49.23713,-25.56391],[-49.23762,-25.5643],[-49.2394,-25.56685],[-49.23954,-25.56671],[-49.23969,-25.56651],[-49.24084,-25.56505],[-49.24292,-25.56169],[-49.24301,-25.56115],[-49.24298,-25.5607],[-49.24294,-25.56036],[-49.24277,-25.5598],[-49.24255,-25.55946],[-49.2425,-25.55901],[-49.24256,-25.5588],[-49.24287,-25.55801],[-49.24333,-25.55692],[-49.24333,-25.55691],[-49.24358,-25.55623],[-49.2436,-25.55563],[-49.24339,-25.55503],[-49.24338,-25.55494],[-49.24337,-25.55488],[-49.24332,-25.55443],[-49.24327,-25.55399],[-49.24337,-25.55371],[-49.24356,-25.55325],[-49.24363,-25.55308],[-49.24408,-25.55214],[-49.24507,-25.54942],[-49.2456,-25.54807]]]}},{"type":"Feature","properties":{"code":"4106902048","name":"São João"},"geometry":{"type":"Polygon","coordinates":[[[-49.31359,-25.40002],[-49.31384,-25.39984],[-49.31407,-25.39961],[-49.31417,-25.39944],[-49.31426,-25.39928],[-49.31451,-25.39888],[-49.31475,-25.39856],[-49.31491,-25.39844],[-49.31507,-25.39839],[-49.31531,-25.3983],[-49.31606,-25.39809],[-49.31644,-25.39798],[-49.31679,-25.39788],[-49.31711,-25.39781],[-49.31741,-25.39781],[-49.31775,-25.39705],[-49.31793,-25.39671],[-49.31812,-25.3963],[-49.3185,-25.39553],[-49.31884,-25.39482],[-49.31917,-25.39404],[-49.31926,-25.39395],[-49.31912,-25.39333],[-49.31897,-25.3926],[-49.31885,-25.39183],[-49.31886,-25.39161],[-49.31891,-25.39132],[-49.31909,-25.39097],[-49.31943,-25.39028],[-49.31961,-25.39003],[-49.31994,-25.38972],[-49.32031,-25.38942],[-49.32052,-25.38924],[-49.32075,-25.38887],[-49.32096,-25.38846],[-49.32122,-25.38818],[-49.32134,-25.38799],[-49.32146,-25.3878],[-49.32159,-25.38722],[-49.32167,-25.38665],[-49.32178,-25.38606],[-49.32187,-25.38553],[-49.3216,-25.3855],[-49.3214,-25.38542],[-49.32121,-25.38532],[-49.321,-25.38516],[-49.31989,-25.38439],[-49.31948,-25.38412],[-49.31928,-25.38402],[-49.31906,-25.38393],[-49.31881,-25.38385],[-49.31509,-25.38339],[-49.3147,-25.38328],[-49.31345,-25.38291],[-49.31211,-25.38252],[-49.312,-25.38239],[-49.31136,-25.38289],[-49.31129,-25.38286],[-49.31129,-25.38287],[-49.31076,-25.38326],[-49.31059,-25.3834],[-49.31038,-25.38359],[-49.31025,-25.38362],[-49.31017,-25.38363],[-49.30981,-25.38363],[-49.30931,-25.38366],[-49.30903,-25.38373],[-49.30879,-25.38388],[-49.30859,-25.38392],[-49.30808,-25.38391],[-49.3074,-25.38394],[-49.30684,-25.38401],[-49.30639,-25.38412],[-49.30576,-25.38427],[-49.30518,-25.38433],[-49.3046,-25.38432],[-49.30409,-25.38424],[-49.30373,-25.38418],[-49.30349,-25.38419],[-49.30341,-25.38425],[-49.30344,-25.38433],[-49.30363,-25.38452],[-49.30401,-25.38484],[-49.30397,-25.38512],[-49.30377,-25.38545],[-49.30377,-25.38551],[-49.30378,-25.38583],[-49.30378,-25.38608],[-49.30378,-25.38633],[-49.30366,-25.38649],[-49.30348,-25.38663],[-49.30332,-25.38668],[-49.30266,-25.38695],[-49.30281,-25.38712],[-49.30289,-25.38721],[-49.30295,-25.38728],[-49.303,-25.38728],[-49.30306,-25.38728],[-49.30314,-25.38735],[-49.30331,-25.38751],[-49.30344,-25.38764],[-49.30358,-25.38781],[-49.3036,-25.38798],[-49.30355,-25.38812],[-49.30344,-25.38844],[-49.30346,-25.38898],[-49.30359,-25.3898],[-49.3036,-25.38986],[-49.3042,-25.38996],[-49.30452,-25.39014],[-49.30444,-25.39089],[-49.30437,-25.39147],[-49.3044,-25.39169],[-49.30412,-25.39214],[-49.30405,-25.39254],[-49.30405,-25.39297],[-49.30419,-25.39327],[-49.3042,-25.39329],[-49.30444,-25.39353],[-49.30477,-25.39388],[-49.30497,-25.3941],[-49.30512,-25.39444],[-49.30513,-25.39486],[-49.3051,-25.39539],[-49.30507,-25.39551],[-49.30499,-25.39581],[-49.30474,-25.39606],[-49.3045,-25.39643],[-49.30416,-25.39664],[-49.30387,-25.39714],[-49.30375,-25.39747],[-49.30375,-25.39767],[-49.30384,-25.39783],[-49.30393,-25.39819],[-49.30399,-25.39866],[-49.30416,-25.39932],[-49.30426,-25.39937],[-49.30426,-25.39955],[-49.30427,-25.39966],[-49.30432,-25.39988],[-49.30438,-25.40001],[-49.30463,-25.40013],[-49.30483,-25.40028],[-49.30493,-25.40056],[-49.30488,-25.40099],[-49.30478,-25.40116],[-49.30461,-25.40122],[-49.3045,-25.40124],[-49.30412,-25.40123],[-49.30388,-25.40124],[-49.30371,-25.40141],[-49.30356,-25.40168],[-49.30332,-25.40243],[-49.30314,-25.40349],[-49.30306,-25.40441],[-49.30328,-25.40436],[-49.30347,-25.40432],[-49.30358,-25.40433],[-49.30364,-25.40433],[-49.30375,-25.40431],[-49.30392,-25.40428],[-49.30412,-25.40423],[-49.30425,-25.40416],[-49.30446,-25.40406],[-49.30461,-25.40407],[-49.30478,-25.40418],[-49.30488,-25.40426],[-49.30494,-25.4043],[-49.30494,-25.40437],[-49.30505,-25.40474],[-49.30511,-25.40491],[-49.30525,-25.40521],[-49.30551,-25.40549],[-49.30555,-25.40558],[-49.30567,-25.40555],[-49.3058,-25.4055],[-49.30584,-25.40541],[-49.30587,-25.40524],[-49.30591,-25.40508],[-49.30597,-25.40495],[-49.30608,-25.40477],[-49.3062,-25.40462],[-49.30635,-25.40451],[-49.30656,-25.40439],[-49.30676,-25.40433],[-49.30705,-25.40423],[-49.30756,-25.40413],[-49.30817,-25.40401],[-49.30842,-25.40387],[-49.30916,-25.40326],[-49.31025,-25.40253],[-49.31043,-25.40245],[-49.31141,-25.40179],[-49.31148,-25.4017],[-49.31151,-25.4016],[-49.31156,-25.4015],[-49.31161,-25.40143],[-49.31173,-25.40134],[-49.31186,-25.40124],[-49.31206,-25.4011],[-49.31242,-25.40087],[-49.31285,-25.40056],[-49.31298,-25.40046],[-49.31359,-25.40002]]]}},{"type":"Feature","properties":{"code":"4106902033","name":"São Lourenço"},"geometry":{"type":"Polygon","coordinates":[[[-49.26079,-25.39258],[-49.26073,-25.3927],[-49.26069,-25.39275],[-49.26113,-25.3932],[-49.26171,-25.39335],[-49.26185,-25.3934],[-49.26196,-25.39345],[-49.26203,-25.39354],[-49.26218,-25.39381],[-49.26234,-25.39404],[-49.26244,-25.39413],[-49.26254,-25.39419],[-49.26269,-25.39428],[-49.26283,-25.39434],[-49.26294,-25.39438],[-49.26303,-25.39438],[-49.2635,-25.39455],[-49.26432,-25.39444],[-49.26464,-25.39441],[-49.26546,-25.3943],[-49.26572,-25.39424],[-49.26592,-25.39418],[-49.26604,-25.39414],[-49.26601,-25.39447],[-49.26603,-25.39546],[-49.26601,-25.39608],[-49.26601,-25.3966],[-49.26603,-25.39678],[-49.26604,-25.39765],[-49.26603,-25.39873],[-49.26603,-25.39978],[-49.26604,-25.40028],[-49.26603,-25.40088],[-49.26602,-25.401],[-49.26623,-25.401],[-49.26735,-25.40136],[-49.26764,-25.40147],[-49.26861,-25.40178],[-49.26912,-25.40196],[-49.26936,-25.40202],[-49.26977,-25.40223],[-49.26983,-25.40226],[-49.26995,-25.40232],[-49.27008,-25.40243],[-49.27056,-25.40281],[-49.27076,-25.40297],[-49.27131,-25.40339],[-49.2714,-25.40344],[-49.27158,-25.40356],[-49.27209,-25.40364],[-49.27246,-25.40364],[-49.27487,-25.40348],[-49.27524,-25.40345],[-49.27507,-25.40297],[-49.27506,-25.40286],[-49.27509,-25.40272],[-49.27517,-25.40253],[-49.27523,-25.40233],[-49.27524,-25.40217],[-49.27524,-25.40208],[-49.27522,-25.4019],[-49.27517,-25.40159],[-49.27512,-25.40138],[-49.27507,-25.40123],[-49.27502,-25.40112],[-49.27487,-25.40096],[-49.27478,-25.40086],[-49.27469,-25.40077],[-49.27429,-25.40015],[-49.2741,-25.39983],[-49.27404,-25.39971],[-49.2739,-25.39945],[-49.2738,-25.39927],[-49.27367,-25.39905],[-49.27357,-25.39868],[-49.27353,-25.39849],[-49.2735,-25.39827],[-49.27349,-25.39817],[-49.27347,-25.39793],[-49.27347,-25.3978],[-49.27343,-25.39682],[-49.27342,-25.39654],[-49.27338,-25.39636],[-49.27327,-25.39601],[-49.27323,-25.39589],[-49.27319,-25.39579],[-49.27285,-25.39474],[-49.27279,-25.39451],[-49.27278,-25.39423],[-49.27277,-25.39364],[-49.27276,-25.39328],[-49.2727,-25.39287],[-49.27264,-25.39247],[-49.27238,-25.39104],[-49.27235,-25.39087],[-49.27218,-25.38985],[-49.27215,-25.38962],[-49.2721,-25.38938],[-49.27209,-25.38927],[-49.27207,-25.38906],[-49.2721,-25.38884],[-49.27222,-25.38869],[-49.27207,-25.38851],[-49.27185,-25.38824],[-49.27109,-25.38734],[-49.27074,-25.38745],[-49.2705,-25.38751],[-49.27039,-25.38752],[-49.27019,-25.3875],[-49.27006,-25.38746],[-49.26963,-25.38737],[-49.26923,-25.38728],[-49.26897,-25.38726],[-49.26865,-25.38728],[-49.26823,-25.38741],[-49.26789,-25.38757],[-49.26759,-25.38772],[-49.26756,-25.38756],[-49.26749,-25.38733],[-49.26744,-25.38717],[-49.26742,-25.38709],[-49.26738,-25.38697],[-49.26737,-25.38683],[-49.26748,-25.38646],[-49.26755,-25.38633],[-49.26765,-25.38609],[-49.26774,-25.3859],[-49.26778,-25.38579],[-49.26792,-25.38544],[-49.26787,-25.38461],[-49.26783,-25.38361],[-49.26788,-25.38336],[-49.26793,-25.38316],[-49.268,-25.3829],[-49.26813,-25.38246],[-49.26822,-25.38207],[-49.26831,-25.38171],[-49.26838,-25.38151],[-49.26841,-25.38145],[-49.26847,-25.38131],[-49.26857,-25.3811],[-49.26869,-25.38096],[-49.26886,-25.38086],[-49.26904,-25.38079],[-49.26892,-25.38067],[-49.26846,-25.38034],[-49.26793,-25.37994],[-49.26743,-25.37959],[-49.2671,-25.37933],[-49.26667,-25.37898],[-49.26619,-25.37865],[-49.2648,-25.37724],[-49.26459,-25.37705],[-49.26441,-25.3769],[-49.26427,-25.37686],[-49.26417,-25.37683],[-49.26383,-25.37676],[-49.2634,-25.37669],[-49.26295,-25.37668],[-49.26287,-25.37669],[-49.26266,-25.37672],[-49.26266,-25.37679],[-49.26266,-25.37688],[-49.26261,-25.37702],[-49.26262,-25.37711],[-49.26254,-25.37785],[-49.26254,-25.37797],[-49.26251,-25.37832],[-49.26249,-25.37858],[-49.26247,-25.37887],[-49.26247,-25.37897],[-49.26245,-25.37908],[-49.26242,-25.37914],[-49.26237,-25.37922],[-49.26202,-25.3796],[-49.26166,-25.37997],[-49.26156,-25.38011],[-49.26146,-25.38025],[-49.26137,-25.38047],[-49.26133,-25.38077],[-49.26133,-25.38098],[-49.26131,-25.38108],[-49.26129,-25.38125],[-49.26131,-25.38139],[-49.26133,-25.38148],[-49.26136,-25.38163],[-49.26146,-25.38192],[-49.26154,-25.38209],[-49.26158,-25.38221],[-49.26167,-25.38239],[-49.26171,-25.38263],[-49.2617,-25.38281],[-49.2617,-25.38288],[-49.26168,-25.38345],[-49.26162,-25.3841],[-49.26162,-25.38417],[-49.26159,-25.38438],[-49.26166,-25.38465],[-49.26166,-25.38503],[-49.26166,-25.38524],[-49.26166,-25.38548],[-49.26164,-25.3857],[-49.26163,-25.3858],[-49.26159,-25.38597],[-49.26144,-25.38639],[-49.26134,-25.38655],[-49.26104,-25.387],[-49.26098,-25.38712],[-49.26092,-25.38733],[-49.26089,-25.38753],[-49.26085,-25.38792],[-49.26075,-25.38873],[-49.26071,-25.38925],[-49.2606,-25.38999],[-49.26049,-25.3903],[-49.2605,-25.39071],[-49.26054,-25.39089],[-49.26056,-25.39095],[-49.2606,-25.39106],[-49.2607,-25.39134],[-49.2608,-25.39165],[-49.26083,-25.3918],[-49.26083,-25.39202],[-49.26083,-25.39249],[-49.26079,-25.39258]]]}},{"type":"Feature","properties":{"code":"4106902030","name":"Campina do Siqueira"},"geometry":{"type":"Polygon","coordinates":[[[-49.31212,-25.44281],[-49.31605,-25.44428],[-49.31647,-25.44334],[-49.31705,-25.44197],[-49.31724,-25.44157],[-49.31784,-25.44025],[-49.31785,-25.44024],[-49.31804,-25.43995],[-49.31817,-25.43975],[-49.31826,-25.43952],[-49.31826,-25.43935],[-49.3183,-25.43926],[-49.31829,-25.43916],[-49.31824,-25.43889],[-49.318,-25.43857],[-49.31747,-25.43822],[-49.31523,-25.43647],[-49.31505,-25.43627],[-49.31472,-25.43517],[-49.31462,-25.43474],[-49.31443,-25.43387],[-49.31436,-25.43345],[-49.31422,-25.43304],[-49.31417,-25.43259],[-49.3141,-25.43228],[-49.31397,-25.43206],[-49.31392,-25.43197],[-49.31347,-25.43218],[-49.31314,-25.43231],[-49.3128,-25.43245],[-49.31203,-25.43293],[-49.31154,-25.4333],[-49.31088,-25.43381],[-49.31053,-25.43407],[-49.31024,-25.43428],[-49.31014,-25.43435],[-49.31012,-25.43435],[-49.3101,-25.43434],[-49.31012,-25.43429],[-49.30987,-25.43414],[-49.30956,-25.43411],[-49.30897,-25.43413],[-49.30825,-25.43413],[-49.30812,-25.43415],[-49.30803,-25.43421],[-49.30794,-25.43428],[-49.3078,-25.43439],[-49.30736,-25.43475],[-49.30697,-25.43507],[-49.30673,-25.43528],[-49.30636,-25.43567],[-49.30629,-25.43575],[-49.30625,-25.4358],[-49.30624,-25.43581],[-49.3059,-25.43613],[-49.30566,-25.43632],[-49.30544,-25.43643],[-49.30534,-25.43646],[-49.30476,-25.43664],[-49.30438,-25.43674],[-49.30367,-25.43721],[-49.30363,-25.43725],[-49.3028,-25.43781],[-49.30244,-25.4381],[-49.30173,-25.43873],[-49.30136,-25.43905],[-49.30095,-25.43929],[-49.30009,-25.43962],[-49.29971,-25.43978],[-49.29935,-25.43992],[-49.29887,-25.4405],[-49.29846,-25.441],[-49.29798,-25.44153],[-49.29795,-25.44157],[-49.29858,-25.44187],[-49.29886,-25.442],[-49.2991,-25.44212],[-49.29928,-25.44221],[-49.29951,-25.44232],[-49.29965,-25.44239],[-49.3009,-25.44305],[-49.30184,-25.4435],[-49.3035,-25.4441],[-49.3042,-25.44481],[-49.3044,-25.44502],[-49.30448,-25.44509],[-49.30453,-25.44515],[-49.30464,-25.44529],[-49.30472,-25.44539],[-49.30477,-25.44539],[-49.30504,-25.4454],[-49.3055,-25.44541],[-49.30577,-25.44542],[-49.3059,-25.44542],[-49.30601,-25.44542],[-49.30617,-25.44543],[-49.30632,-25.44543],[-49.30642,-25.44543],[-49.30659,-25.44544],[-49.30668,-25.44544],[-49.30684,-25.44544],[-49.30698,-25.44544],[-49.30712,-25.44544],[-49.30729,-25.44544],[-49.30741,-25.44544],[-49.30758,-25.44545],[-49.30775,-25.44545],[-49.3079,-25.44545],[-49.30864,-25.44524],[-49.30875,-25.44521],[-49.30899,-25.4451],[-49.30902,-25.44508],[-49.30906,-25.44506],[-49.30941,-25.4449],[-49.30943,-25.44489],[-49.30953,-25.44488],[-49.3096,-25.44487],[-49.30967,-25.44486],[-49.30979,-25.44484],[-49.30984,-25.44483],[-49.31013,-25.44479],[-49.31019,-25.44478],[-49.31027,-25.44477],[-49.31035,-25.44476],[-49.31045,-25.44475],[-49.31049,-25.44474],[-49.31056,-25.44473],[-49.31077,-25.4447],[-49.31115,-25.44454],[-49.31124,-25.4445],[-49.31125,-25.4445],[-49.31134,-25.44445],[-49.31139,-25.44442],[-49.3114,-25.44441],[-49.31143,-25.44437],[-49.31146,-25.44433],[-49.31149,-25.44428],[-49.31151,-25.44423],[-49.31152,-25.4442],[-49.31153,-25.44418],[-49.31157,-25.44403],[-49.31169,-25.44362],[-49.3117,-25.4436],[-49.31175,-25.44349],[-49.31179,-25.44341],[-49.31185,-25.44328],[-49.31189,-25.4432],[-49.31194,-25.44313],[-49.312,-25.44303],[-49.31206,-25.44293],[-49.31212,-25.44281]]]}},{"type":"Feature","properties":{"code":"4106902022","name":"Jardim das Américas"},"geometry":{"type":"Polygon","coordinates":[[[-49.21832,-25.46261],[-49.21735,-25.46379],[-49.21701,-25.46423],[-49.21656,-25.46477],[-49.21615,-25.46529],[-49.21588,-25.46563],[-49.21584,-25.46568],[-49.21562,-25.46594],[-49.21551,-25.4661],[-49.21505,-25.46665],[-49.215,-25.4667],[-49.21515,-25.46674],[-49.21545,-25.46681],[-49.21555,-25.46683],[-49.21574,-25.46688],[-49.21671,-25.46718],[-49.21685,-25.46722],[-49.21799,-25.46756],[-49.21852,-25.46771],[-49.2191,-25.4679],[-49.22007,-25.4682],[-49.22023,-25.46825],[-49.2206,-25.46836],[-49.22063,-25.46833],[-49.22107,-25.46847],[-49.22162,-25.46874],[-49.22264,-25.46921],[-49.22346,-25.46955],[-49.22413,-25.46987],[-49.22478,-25.47021],[-49.22478,-25.47021],[-49.22554,-25.47058],[-49.22594,-25.4709],[-49.22638,-25.47115],[-49.22679,-25.47138],[-49.22731,-25.47172],[-49.22774,-25.472],[-49.2288,-25.47259],[-49.22906,-25.47224],[-49.22951,-25.47162],[-49.22973,-25.47132],[-49.22998,-25.47098],[-49.2301,-25.47082],[-49.23023,-25.47063],[-49.23089,-25.46974],[-49.23098,-25.46962],[-49.23103,-25.46955],[-49.23173,-25.46856],[-49.23173,-25.46856],[-49.23257,-25.46743],[-49.23265,-25.46731],[-49.23342,-25.46626],[-49.23348,-25.46618],[-49.23388,-25.46564],[-49.23427,-25.46512],[-49.23445,-25.46482],[-49.23458,-25.46465],[-49.23467,-25.46453],[-49.2348,-25.46438],[-49.23502,-25.46407],[-49.23524,-25.46377],[-49.23539,-25.46356],[-49.23592,-25.46286],[-49.23595,-25.46282],[-49.23605,-25.46269],[-49.23646,-25.4621],[-49.23652,-25.46203],[-49.23678,-25.46165],[-49.23699,-25.46136],[-49.23711,-25.4612],[-49.23729,-25.46094],[-49.23733,-25.46087],[-49.23767,-25.46042],[-49.23807,-25.4599],[-49.23819,-25.45974],[-49.2383,-25.45958],[-49.2384,-25.45946],[-49.23843,-25.45941],[-49.23878,-25.45893],[-49.23912,-25.45845],[-49.23924,-25.45829],[-49.23949,-25.45796],[-49.23969,-25.45769],[-49.24,-25.45724],[-49.24018,-25.45704],[-49.24027,-25.4569],[-49.24035,-25.45678],[-49.24056,-25.45648],[-49.24079,-25.45618],[-49.24083,-25.45611],[-49.24118,-25.45563],[-49.24132,-25.45546],[-49.2414,-25.45535],[-49.24171,-25.45489],[-49.24195,-25.45457],[-49.2422,-25.45423],[-49.24299,-25.45313],[-49.24249,-25.45299],[-49.2422,-25.45292],[-49.24216,-25.45289],[-49.24186,-25.45279],[-49.24107,-25.45254],[-49.24063,-25.45239],[-49.23986,-25.45216],[-49.23979,-25.45214],[-49.23909,-25.45192],[-49.23904,-25.4519],[-49.23867,-25.4518],[-49.23854,-25.45175],[-49.23825,-25.45163],[-49.23809,-25.45156],[-49.23792,-25.45147],[-49.23788,-25.45144],[-49.23764,-25.45128],[-49.23746,-25.45113],[-49.23733,-25.45101],[-49.237,-25.45067],[-49.23676,-25.45033],[-49.23662,-25.45014],[-49.23656,-25.45006],[-49.23595,-25.44921],[-49.23565,-25.44883],[-49.23553,-25.44865],[-49.23536,-25.44839],[-49.23513,-25.44783],[-49.23504,-25.44756],[-49.23468,-25.44654],[-49.23459,-25.44628],[-49.23435,-25.44555],[-49.23415,-25.44502],[-49.23405,-25.44473],[-49.23388,-25.44428],[-49.23371,-25.44381],[-49.23367,-25.44373],[-49.23364,-25.44373],[-49.23361,-25.44374],[-49.23339,-25.44383],[-49.23334,-25.44387],[-49.23316,-25.44401],[-49.2331,-25.44409],[-49.23285,-25.44437],[-49.23282,-25.44441],[-49.23263,-25.44466],[-49.23228,-25.44513],[-49.23208,-25.44536],[-49.23187,-25.44561],[-49.23131,-25.44628],[-49.23126,-25.44633],[-49.23011,-25.44763],[-49.23007,-25.44769],[-49.22915,-25.44898],[-49.22893,-25.44928],[-49.22851,-25.44984],[-49.22839,-25.44999],[-49.22789,-25.45059],[-49.22723,-25.45146],[-49.22675,-25.45204],[-49.22642,-25.45249],[-49.22632,-25.45259],[-49.22603,-25.45294],[-49.22502,-25.45419],[-49.224,-25.45552],[-49.22392,-25.45562],[-49.22277,-25.45703],[-49.22175,-25.45832],[-49.22107,-25.45915],[-49.22049,-25.45989],[-49.21941,-25.46125],[-49.21832,-25.46261]]]}},{"type":"Feature","properties":{"code":"4106902060","name":"São Braz"},"geometry":{"type":"Polygon","coordinates":[[[-49.34909,-25.40261],[-49.34856,-25.40274],[-49.34799,-25.40293],[-49.34728,-25.40321],[-49.34673,-25.40356],[-49.34623,-25.40387],[-49.34591,-25.40407],[-49.34566,-25.4042],[-49.3454,-25.40424],[-49.34492,-25.40425],[-49.3448,-25.40446],[-49.34455,-25.40484],[-49.3443,-25.40517],[-49.34371,-25.40586],[-49.34331,-25.40631],[-49.34308,-25.4067],[-49.34299,-25.40694],[-49.34298,-25.40723],[-49.34304,-25.40797],[-49.343,-25.40832],[-49.34291,-25.40861],[-49.34263,-25.40905],[-49.34064,-25.40834],[-49.34059,-25.4092],[-49.34047,-25.41025],[-49.34008,-25.4101],[-49.33981,-25.40999],[-49.3395,-25.40975],[-49.33938,-25.40963],[-49.33932,-25.40952],[-49.33925,-25.40947],[-49.33909,-25.40945],[-49.33893,-25.40944],[-49.3385,-25.4093],[-49.33831,-25.40924],[-49.33803,-25.40932],[-49.33782,-25.40941],[-49.33761,-25.4095],[-49.33745,-25.40962],[-49.33738,-25.40968],[-49.33733,-25.40977],[-49.33728,-25.40991],[-49.33731,-25.4108],[-49.3373,-25.41242],[-49.33725,-25.41246],[-49.33725,-25.41365],[-49.33749,-25.41366],[-49.33779,-25.41374],[-49.33804,-25.41385],[-49.33837,-25.41403],[-49.33848,-25.41408],[-49.33877,-25.41424],[-49.33932,-25.41446],[-49.33948,-25.4145],[-49.33908,-25.41528],[-49.33884,-25.41604],[-49.33832,-25.41723],[-49.33788,-25.41831],[-49.3376,-25.41897],[-49.33751,-25.41913],[-49.33745,-25.41924],[-49.3373,-25.41947],[-49.33726,-25.41957],[-49.33717,-25.41995],[-49.33711,-25.42012],[-49.33704,-25.42022],[-49.33693,-25.42027],[-49.33672,-25.4203],[-49.3365,-25.42032],[-49.33634,-25.42034],[-49.33616,-25.42038],[-49.33608,-25.42044],[-49.33604,-25.42056],[-49.33591,-25.4213],[-49.3358,-25.42151],[-49.33631,-25.42151],[-49.33642,-25.42163],[-49.33645,-25.42189],[-49.33645,-25.42204],[-49.3365,-25.42216],[-49.33668,-25.42222],[-49.33681,-25.42244],[-49.33692,-25.42253],[-49.33704,-25.42264],[-49.33721,-25.4228],[-49.33745,-25.42299],[-49.33765,-25.42307],[-49.3379,-25.42313],[-49.33826,-25.42317],[-49.33853,-25.42319],[-49.33876,-25.42318],[-49.33879,-25.42318],[-49.33915,-25.42316],[-49.3393,-25.42328],[-49.33948,-25.42347],[-49.33964,-25.42364],[-49.33973,-25.42372],[-49.33984,-25.42378],[-49.3398,-25.42401],[-49.33975,-25.42415],[-49.33971,-25.42427],[-49.33959,-25.42444],[-49.33946,-25.42453],[-49.33928,-25.42465],[-49.33906,-25.42478],[-49.33895,-25.42493],[-49.33881,-25.42529],[-49.3387,-25.42566],[-49.33864,-25.42603],[-49.33858,-25.42612],[-49.33837,-25.42636],[-49.33827,-25.42649],[-49.33818,-25.42672],[-49.33841,-25.4267],[-49.33878,-25.4267],[-49.33919,-25.42664],[-49.33957,-25.42662],[-49.33991,-25.42647],[-49.34043,-25.42621],[-49.34067,-25.42615],[-49.34124,-25.42663],[-49.34154,-25.42662],[-49.34148,-25.42565],[-49.34211,-25.42562],[-49.34268,-25.42559],[-49.34261,-25.42469],[-49.34311,-25.42467],[-49.34325,-25.42483],[-49.34455,-25.42495],[-49.34492,-25.42497],[-49.34511,-25.42501],[-49.34597,-25.42513],[-49.346,-25.42534],[-49.34611,-25.42592],[-49.34624,-25.42651],[-49.34627,-25.42678],[-49.34635,-25.42709],[-49.34638,-25.42745],[-49.34638,-25.42758],[-49.34839,-25.42704],[-49.34881,-25.42692],[-49.34914,-25.42684],[-49.34933,-25.42677],[-49.34946,-25.42668],[-49.34958,-25.42652],[-49.34967,-25.42619],[-49.3497,-25.42577],[-49.34987,-25.4249],[-49.34996,-25.42474],[-49.35016,-25.42448],[-49.35093,-25.42351],[-49.3515,-25.42394],[-49.35207,-25.42436],[-49.35236,-25.4246],[-49.3525,-25.42472],[-49.35269,-25.42361],[-49.35282,-25.42345],[-49.35293,-25.42338],[-49.35321,-25.42326],[-49.35416,-25.42332],[-49.35512,-25.42338],[-49.35556,-25.4234],[-49.35783,-25.42354],[-49.35838,-25.42357],[-49.35848,-25.42357],[-49.35863,-25.42357],[-49.35978,-25.42365],[-49.36051,-25.42375],[-49.36113,-25.42385],[-49.3618,-25.424],[-49.36196,-25.42401],[-49.36264,-25.42415],[-49.36308,-25.42424],[-49.36438,-25.4245],[-49.36443,-25.42428],[-49.36466,-25.42353],[-49.36497,-25.4233],[-49.36507,-25.42307],[-49.36501,-25.42281],[-49.36493,-25.42253],[-49.36505,-25.42186],[-49.36511,-25.42161],[-49.36501,-25.42141],[-49.36499,-25.42122],[-49.36497,-25.42093],[-49.36501,-25.42077],[-49.36509,-25.42073],[-49.36515,-25.42072],[-49.36524,-25.42075],[-49.3653,-25.42078],[-49.36519,-25.42054],[-49.36517,-25.42048],[-49.36508,-25.42023],[-49.36506,-25.42015],[-49.36508,-25.42003],[-49.36504,-25.41987],[-49.36503,-25.41979],[-49.36496,-25.41946],[-49.36476,-25.41886],[-49.36422,-25.41748],[-49.36419,-25.41749],[-49.36408,-25.41753],[-49.36386,-25.41712],[-49.36364,-25.41641],[-49.3635,-25.41611],[-49.36244,-25.41351],[-49.36189,-25.41219],[-49.36178,-25.41204],[-49.36157,-25.41143],[-49.36124,-25.4105],[-49.36105,-25.41007],[-49.36088,-25.40963],[-49.36071,-25.40919],[-49.36054,-25.40873],[-49.36038,-25.40835],[-49.35813,-25.40871],[-49.35715,-25.40886],[-49.35656,-25.40896],[-49.35482,-25.40923],[-49.35461,-25.40927],[-49.35396,-25.40942],[-49.3533,-25.40964],[-49.35306,-25.40822],[-49.35293,-25.40826],[-49.35236,-25.40833],[-49.35224,-25.40766],[-49.35216,-25.4074],[-49.35205,-25.40698],[-49.35176,-25.40594],[-49.35166,-25.40536],[-49.35158,-25.40445],[-49.3515,-25.40358],[-49.35143,-25.40245],[-49.35129,-25.40246],[-49.35091,-25.40248],[-49.35013,-25.40253],[-49.34909,-25.40261]]]}},{"type":"Feature","properties":{"code":"4106902012","name":"Mercês"},"geometry":{"type":"Polygon","coordinates":[[[-49.28866,-25.42884],[-49.28988,-25.42932],[-49.29098,-25.42975],[-49.29101,-25.42976],[-49.29239,-25.43028],[-49.29244,-25.43022],[-49.29261,-25.43009],[-49.29282,-25.42994],[-49.29321,-25.4297],[-49.29355,-25.42952],[-49.29371,-25.42943],[-49.29388,-25.42932],[-49.29418,-25.42944],[-49.29431,-25.42923],[-49.29536,-25.4287],[-49.29563,-25.42854],[-49.29596,-25.42835],[-49.297,-25.42777],[-49.29755,-25.42753],[-49.29775,-25.42744],[-49.29864,-25.42697],[-49.29886,-25.42682],[-49.29891,-25.42679],[-49.29917,-25.42655],[-49.29941,-25.42633],[-49.29967,-25.42605],[-49.30073,-25.42519],[-49.30099,-25.42506],[-49.30108,-25.42489],[-49.30119,-25.42468],[-49.30142,-25.42445],[-49.3015,-25.42443],[-49.30161,-25.42439],[-49.3017,-25.42434],[-49.3018,-25.42425],[-49.30199,-25.42399],[-49.3021,-25.42387],[-49.30225,-25.4238],[-49.30298,-25.42353],[-49.30313,-25.42344],[-49.30338,-25.42327],[-49.3036,-25.42314],[-49.30384,-25.42303],[-49.30414,-25.42293],[-49.30444,-25.42286],[-49.30525,-25.42279],[-49.3063,-25.42297],[-49.30659,-25.42302],[-49.3067,-25.42306],[-49.30677,-25.42313],[-49.30673,-25.42269],[-49.30679,-25.42226],[-49.30699,-25.42182],[-49.30724,-25.42148],[-49.30808,-25.42008],[-49.30852,-25.41948],[-49.30875,-25.41901],[-49.30875,-25.4187],[-49.30884,-25.41825],[-49.30848,-25.41734],[-49.30825,-25.4167],[-49.30809,-25.41629],[-49.30762,-25.41549],[-49.30726,-25.41493],[-49.30725,-25.41469],[-49.30725,-25.41457],[-49.3069,-25.41462],[-49.30668,-25.41464],[-49.30659,-25.41463],[-49.30645,-25.41462],[-49.30639,-25.41461],[-49.30604,-25.41449],[-49.30571,-25.41437],[-49.30564,-25.41436],[-49.30538,-25.4143],[-49.30516,-25.41432],[-49.30501,-25.41434],[-49.30429,-25.41456],[-49.30382,-25.41469],[-49.30288,-25.41495],[-49.30196,-25.41526],[-49.3016,-25.41541],[-49.30143,-25.41552],[-49.30136,-25.41554],[-49.30124,-25.41556],[-49.30108,-25.41556],[-49.30097,-25.41555],[-49.30037,-25.41553],[-49.29918,-25.41545],[-49.29869,-25.41547],[-49.29621,-25.41604],[-49.29533,-25.41625],[-49.29509,-25.41645],[-49.29475,-25.4169],[-49.29431,-25.4175],[-49.29405,-25.41786],[-49.29392,-25.41804],[-49.29383,-25.41793],[-49.29381,-25.41775],[-49.29376,-25.41748],[-49.2938,-25.41685],[-49.29383,-25.41662],[-49.29297,-25.41673],[-49.29219,-25.41693],[-49.29201,-25.41594],[-49.29194,-25.41596],[-49.29019,-25.41635],[-49.29015,-25.41619],[-49.28976,-25.41477],[-49.28974,-25.41469],[-49.28965,-25.41448],[-49.28963,-25.41438],[-49.28961,-25.41433],[-49.2896,-25.41428],[-49.28961,-25.41423],[-49.28951,-25.41425],[-49.28944,-25.41424],[-49.28903,-25.41437],[-49.28811,-25.41457],[-49.287,-25.41481],[-49.2864,-25.41492],[-49.28569,-25.41508],[-49.28568,-25.41508],[-49.28463,-25.41531],[-49.28459,-25.41527],[-49.2842,-25.41535],[-49.28309,-25.41558],[-49.28242,-25.4157],[-49.28162,-25.41589],[-49.28031,-25.41622],[-49.2804,-25.41654],[-49.28065,-25.41739],[-49.28094,-25.41832],[-49.28117,-25.41924],[-49.28128,-25.41956],[-49.28154,-25.42074],[-49.28179,-25.42164],[-49.28194,-25.42227],[-49.28199,-25.42239],[-49.28211,-25.42272],[-49.28238,-25.42289],[-49.28253,-25.42295],[-49.2825,-25.42303],[-49.28179,-25.42453],[-49.28119,-25.42583],[-49.2807,-25.42681],[-49.28016,-25.42795],[-49.28016,-25.42796],[-49.28015,-25.42797],[-49.27975,-25.42878],[-49.27917,-25.43004],[-49.28032,-25.43046],[-49.28056,-25.43054],[-49.28075,-25.43061],[-49.2808,-25.43063],[-49.28084,-25.43064],[-49.2809,-25.43055],[-49.28257,-25.4298],[-49.28266,-25.42976],[-49.28331,-25.42964],[-49.28389,-25.42953],[-49.28413,-25.42947],[-49.2842,-25.42946],[-49.28518,-25.42928],[-49.28569,-25.42919],[-49.28601,-25.42913],[-49.28638,-25.42908],[-49.28744,-25.42889],[-49.28771,-25.42885],[-49.28816,-25.42877],[-49.28827,-25.42875],[-49.2883,-25.42875],[-49.28837,-25.42875],[-49.28844,-25.42876],[-49.28866,-25.42884]]]}},{"type":"Feature","properties":{"code":"4106902006","name":"Cristo Rei"},"geometry":{"type":"Polygon","coordinates":[[[-49.24016,-25.43737],[-49.24055,-25.43736],[-49.2411,-25.43733],[-49.24168,-25.4373],[-49.2428,-25.43713],[-49.24332,-25.43705],[-49.24393,-25.43696],[-49.2447,-25.43682],[-49.2451,-25.43675],[-49.2455,-25.43663],[-49.24752,-25.43605],[-49.24827,-25.43577],[-49.24892,-25.43561],[-49.24977,-25.43553],[-49.25038,-25.43552],[-49.2511,-25.43552],[-49.25332,-25.43554],[-49.25344,-25.43555],[-49.25355,-25.43555],[-49.25391,-25.43553],[-49.25404,-25.43553],[-49.25412,-25.43553],[-49.25418,-25.43544],[-49.25428,-25.43533],[-49.25436,-25.43522],[-49.25442,-25.43514],[-49.25447,-25.43507],[-49.25472,-25.4352],[-49.25538,-25.43396],[-49.25563,-25.43353],[-49.2557,-25.43341],[-49.25562,-25.43338],[-49.25549,-25.43334],[-49.25461,-25.43301],[-49.25436,-25.43295],[-49.25355,-25.43268],[-49.25316,-25.43232],[-49.25304,-25.43233],[-49.25269,-25.43229],[-49.25229,-25.43216],[-49.25199,-25.43203],[-49.25166,-25.43189],[-49.25146,-25.4318],[-49.25098,-25.43165],[-49.2507,-25.43158],[-49.24964,-25.43118],[-49.24933,-25.43107],[-49.24865,-25.43078],[-49.24864,-25.43077],[-49.2486,-25.43072],[-49.24853,-25.43068],[-49.24801,-25.43047],[-49.24752,-25.43022],[-49.24722,-25.43008],[-49.24668,-25.42988],[-49.24495,-25.4292],[-49.24371,-25.42871],[-49.24337,-25.42859],[-49.24275,-25.42834],[-49.2425,-25.4282],[-49.24218,-25.42786],[-49.24205,-25.42776],[-49.2419,-25.42769],[-49.24175,-25.42768],[-49.24162,-25.42771],[-49.24125,-25.42837],[-49.2411,-25.42863],[-49.24012,-25.43058],[-49.24007,-25.4307],[-49.23985,-25.43113],[-49.23963,-25.43149],[-49.23941,-25.43177],[-49.23934,-25.43183],[-49.23922,-25.43193],[-49.23909,-25.43204],[-49.23852,-25.43253],[-49.23838,-25.43265],[-49.23803,-25.43293],[-49.23798,-25.43296],[-49.23758,-25.43332],[-49.23747,-25.43343],[-49.23719,-25.43371],[-49.23676,-25.43429],[-49.23665,-25.43443],[-49.23604,-25.43533],[-49.23596,-25.43544],[-49.23529,-25.43646],[-49.23503,-25.43641],[-49.2348,-25.43636],[-49.23419,-25.43623],[-49.23404,-25.4362],[-49.23404,-25.43646],[-49.23398,-25.43686],[-49.23393,-25.43719],[-49.23379,-25.43785],[-49.23367,-25.43894],[-49.23349,-25.43894],[-49.23351,-25.44],[-49.23351,-25.44018],[-49.23355,-25.44165],[-49.23355,-25.44177],[-49.23366,-25.44176],[-49.23424,-25.44176],[-49.23464,-25.44176],[-49.23504,-25.44171],[-49.23544,-25.44167],[-49.23563,-25.44162],[-49.23595,-25.44145],[-49.23621,-25.44112],[-49.23652,-25.4407],[-49.23754,-25.43937],[-49.238,-25.43875],[-49.23808,-25.43864],[-49.23852,-25.43811],[-49.23876,-25.43788],[-49.23915,-25.43768],[-49.23939,-25.43755],[-49.23962,-25.43747],[-49.23992,-25.4374],[-49.24003,-25.43738],[-49.24016,-25.43737]]]}},{"type":"Feature","properties":{"code":"4106902054","name":"Tinguí"},"geometry":{"type":"Polygon","coordinates":[[[-49.21889,-25.39496],[-49.21949,-25.39513],[-49.22008,-25.3953],[-49.22068,-25.39546],[-49.22078,-25.39533],[-49.22082,-25.39529],[-49.22095,-25.39518],[-49.22107,-25.39515],[-49.2216,-25.3952],[-49.22212,-25.39516],[-49.22236,-25.39508],[-49.22258,-25.39493],[-49.22261,-25.3948],[-49.22265,-25.39465],[-49.22261,-25.39437],[-49.22251,-25.394],[-49.22226,-25.39304],[-49.22218,-25.39291],[-49.22213,-25.39277],[-49.22218,-25.39248],[-49.22269,-25.39175],[-49.22283,-25.39155],[-49.22354,-25.39067],[-49.22345,-25.39061],[-49.22322,-25.39045],[-49.22308,-25.3903],[-49.22302,-25.39018],[-49.22299,-25.39001],[-49.223,-25.38984],[-49.22308,-25.38945],[-49.22318,-25.3889],[-49.22321,-25.3887],[-49.22324,-25.38853],[-49.2232,-25.38841],[-49.22309,-25.38828],[-49.22366,-25.38793],[-49.22471,-25.38735],[-49.22503,-25.38717],[-49.22575,-25.3868],[-49.22668,-25.38745],[-49.22739,-25.38799],[-49.22753,-25.3881],[-49.22826,-25.38727],[-49.22833,-25.38719],[-49.22869,-25.38679],[-49.22919,-25.38621],[-49.22919,-25.38621],[-49.22944,-25.38597],[-49.23011,-25.38525],[-49.23097,-25.38429],[-49.23143,-25.38381],[-49.2315,-25.38374],[-49.23074,-25.38291],[-49.22997,-25.38206],[-49.22931,-25.38135],[-49.22849,-25.38046],[-49.22823,-25.38018],[-49.22788,-25.3798],[-49.22772,-25.37961],[-49.22752,-25.37944],[-49.2272,-25.37913],[-49.22688,-25.37879],[-49.22648,-25.37833],[-49.22615,-25.37795],[-49.22606,-25.37785],[-49.22555,-25.37727],[-49.22527,-25.37695],[-49.22508,-25.37675],[-49.22501,-25.37666],[-49.22489,-25.37668],[-49.2248,-25.3767],[-49.22463,-25.37673],[-49.2244,-25.37673],[-49.22427,-25.37673],[-49.22383,-25.37672],[-49.22345,-25.3767],[-49.22302,-25.37668],[-49.22287,-25.37668],[-49.22267,-25.37666],[-49.22258,-25.37665],[-49.22244,-25.37664],[-49.22221,-25.37663],[-49.22198,-25.37665],[-49.22168,-25.3767],[-49.22142,-25.37679],[-49.22115,-25.37693],[-49.22094,-25.37705],[-49.22065,-25.37728],[-49.22047,-25.37749],[-49.22028,-25.37773],[-49.22007,-25.37815],[-49.21947,-25.37978],[-49.21933,-25.38011],[-49.21917,-25.38048],[-49.21939,-25.38055],[-49.21952,-25.38058],[-49.21961,-25.38061],[-49.21968,-25.38064],[-49.2197,-25.38078],[-49.21968,-25.38118],[-49.21954,-25.3823],[-49.21954,-25.3823],[-49.21937,-25.383],[-49.21928,-25.38317],[-49.21906,-25.3834],[-49.21792,-25.38441],[-49.21742,-25.38485],[-49.217,-25.38524],[-49.21692,-25.38535],[-49.21687,-25.3854],[-49.21679,-25.38548],[-49.21672,-25.38563],[-49.21653,-25.38629],[-49.21637,-25.38676],[-49.21634,-25.38706],[-49.21602,-25.38714],[-49.21504,-25.38734],[-49.21492,-25.38738],[-49.21478,-25.3874],[-49.21457,-25.38745],[-49.21404,-25.3876],[-49.21381,-25.38776],[-49.21261,-25.38864],[-49.21223,-25.38872],[-49.21157,-25.38889],[-49.21141,-25.38975],[-49.21137,-25.38988],[-49.21117,-25.39088],[-49.21099,-25.39155],[-49.2109,-25.39175],[-49.21083,-25.3919],[-49.21058,-25.39235],[-49.21007,-25.39336],[-49.21001,-25.3935],[-49.21066,-25.39422],[-49.21086,-25.39443],[-49.21088,-25.39446],[-49.21126,-25.39475],[-49.2113,-25.39478],[-49.21147,-25.39492],[-49.21201,-25.39533],[-49.21232,-25.39566],[-49.21269,-25.39549],[-49.21486,-25.39437],[-49.21578,-25.39391],[-49.21604,-25.39386],[-49.21633,-25.39392],[-49.21665,-25.39401],[-49.21719,-25.39425],[-49.21774,-25.39448],[-49.21796,-25.39457],[-49.21832,-25.39472],[-49.21889,-25.39496]]]}},{"type":"Feature","properties":{"code":"4106902001","name":"Centro"},"geometry":{"type":"Polygon","coordinates":[[[-49.26417,-25.42356],[-49.26262,-25.42415],[-49.26192,-25.42562],[-49.2609,-25.42518],[-49.25976,-25.42473],[-49.25948,-25.42536],[-49.25912,-25.42626],[-49.25888,-25.42691],[-49.25852,-25.42791],[-49.25828,-25.42858],[-49.258,-25.42934],[-49.25762,-25.43049],[-49.25688,-25.43156],[-49.25674,-25.43181],[-49.25667,-25.43194],[-49.25661,-25.43203],[-49.25656,-25.43211],[-49.25648,-25.43223],[-49.25578,-25.43329],[-49.25574,-25.43336],[-49.2557,-25.43341],[-49.25644,-25.43369],[-49.25664,-25.43376],[-49.25771,-25.43419],[-49.25853,-25.43451],[-49.25874,-25.43459],[-49.25951,-25.43488],[-49.2604,-25.43522],[-49.26131,-25.43554],[-49.26159,-25.4357],[-49.2617,-25.43574],[-49.26189,-25.4358],[-49.26236,-25.43598],[-49.26362,-25.43644],[-49.26365,-25.43645],[-49.26479,-25.43688],[-49.26582,-25.43728],[-49.26728,-25.43786],[-49.26772,-25.43802],[-49.26815,-25.4382],[-49.26836,-25.43828],[-49.26996,-25.4389],[-49.27133,-25.43942],[-49.27201,-25.43968],[-49.27294,-25.44004],[-49.27404,-25.44046],[-49.27511,-25.44089],[-49.27548,-25.44102],[-49.27616,-25.44129],[-49.27644,-25.4414],[-49.27744,-25.44177],[-49.27769,-25.44187],[-49.27773,-25.44178],[-49.27826,-25.44062],[-49.27829,-25.44055],[-49.27831,-25.4405],[-49.27907,-25.4389],[-49.27932,-25.43871],[-49.27994,-25.43813],[-49.27996,-25.43811],[-49.28069,-25.43742],[-49.28194,-25.43631],[-49.28267,-25.43562],[-49.28295,-25.43524],[-49.28326,-25.43483],[-49.28352,-25.43445],[-49.28406,-25.43326],[-49.28408,-25.43323],[-49.28464,-25.43209],[-49.28465,-25.43207],[-49.28517,-25.43088],[-49.28553,-25.43012],[-49.28592,-25.4293],[-49.28601,-25.42913],[-49.28569,-25.42919],[-49.28518,-25.42928],[-49.2842,-25.42946],[-49.28413,-25.42947],[-49.28389,-25.42953],[-49.28331,-25.42964],[-49.28266,-25.42976],[-49.28257,-25.4298],[-49.2809,-25.43055],[-49.28084,-25.43064],[-49.2808,-25.43063],[-49.28075,-25.43061],[-49.28056,-25.43054],[-49.28032,-25.43046],[-49.27917,-25.43004],[-49.27975,-25.42878],[-49.28015,-25.42797],[-49.27817,-25.42723],[-49.27782,-25.428],[-49.27714,-25.42938],[-49.27606,-25.42906],[-49.27514,-25.42876],[-49.27433,-25.42853],[-49.27411,-25.42847],[-49.27408,-25.42852],[-49.274,-25.42868],[-49.27391,-25.42865],[-49.27365,-25.42867],[-49.27316,-25.42856],[-49.27213,-25.42823],[-49.27126,-25.42801],[-49.27116,-25.42795],[-49.27098,-25.42782],[-49.2709,-25.42766],[-49.27074,-25.42699],[-49.27053,-25.42605],[-49.27038,-25.42541],[-49.27011,-25.42436],[-49.27005,-25.42434],[-49.26948,-25.42445],[-49.26915,-25.42443],[-49.26894,-25.42439],[-49.26877,-25.42428],[-49.26871,-25.42423],[-49.26865,-25.42417],[-49.2679,-25.42354],[-49.26783,-25.42349],[-49.26668,-25.42255],[-49.26658,-25.42259],[-49.26522,-25.42313],[-49.2642,-25.42355],[-49.26417,-25.42356]]]}},{"type":"Feature","properties":{"code":"4106902038","name":"Hauer"},"geometry":{"type":"Polygon","coordinates":[[[-49.25344,-25.46875],[-49.2534,-25.46869],[-49.25326,-25.46837],[-49.25315,-25.46814],[-49.25312,-25.46809],[-49.25252,-25.46655],[-49.2517,-25.46441],[-49.25137,-25.46355],[-49.25072,-25.46467],[-49.25052,-25.46521],[-49.25036,-25.46551],[-49.25026,-25.46568],[-49.24983,-25.46623],[-49.24903,-25.46726],[-49.24868,-25.46771],[-49.24813,-25.46842],[-49.24732,-25.46945],[-49.24632,-25.47074],[-49.24536,-25.47196],[-49.24535,-25.47197],[-49.24491,-25.47256],[-49.24489,-25.47257],[-49.24456,-25.47299],[-49.2439,-25.47385],[-49.24375,-25.47403],[-49.24349,-25.47436],[-49.24294,-25.47505],[-49.24294,-25.47506],[-49.24275,-25.4753],[-49.24264,-25.47545],[-49.24226,-25.47594],[-49.24213,-25.4761],[-49.24193,-25.47636],[-49.24144,-25.47698],[-49.24138,-25.47708],[-49.24131,-25.47713],[-49.24113,-25.47737],[-49.24106,-25.47747],[-49.24091,-25.47766],[-49.24089,-25.4777],[-49.24061,-25.47807],[-49.24053,-25.47817],[-49.24047,-25.47824],[-49.2403,-25.47845],[-49.24021,-25.47855],[-49.23986,-25.47897],[-49.23959,-25.47935],[-49.23928,-25.47973],[-49.23922,-25.4798],[-49.23887,-25.48024],[-49.23856,-25.48069],[-49.23819,-25.48106],[-49.23806,-25.48114],[-49.23784,-25.48137],[-49.23834,-25.48172],[-49.23887,-25.48191],[-49.24003,-25.48239],[-49.24119,-25.48285],[-49.2424,-25.48334],[-49.24356,-25.48382],[-49.24467,-25.48424],[-49.2449,-25.48433],[-49.24495,-25.48435],[-49.24561,-25.48464],[-49.24574,-25.48469],[-49.24582,-25.48472],[-49.24657,-25.48499],[-49.24685,-25.48509],[-49.2479,-25.48553],[-49.24909,-25.48603],[-49.25031,-25.48647],[-49.25144,-25.48696],[-49.25265,-25.48746],[-49.25383,-25.48793],[-49.25497,-25.4884],[-49.25619,-25.48889],[-49.25737,-25.48938],[-49.25855,-25.48987],[-49.25886,-25.49],[-49.25892,-25.49002],[-49.25903,-25.49007],[-49.26206,-25.49125],[-49.26223,-25.49112],[-49.26248,-25.4908],[-49.26254,-25.49073],[-49.26261,-25.49064],[-49.26273,-25.49049],[-49.26281,-25.4903],[-49.26287,-25.49014],[-49.26293,-25.49001],[-49.26297,-25.48991],[-49.26302,-25.48978],[-49.26299,-25.48965],[-49.26295,-25.48948],[-49.26367,-25.48979],[-49.26403,-25.48992],[-49.26497,-25.48819],[-49.2661,-25.48587],[-49.26611,-25.48586],[-49.26655,-25.48511],[-49.26659,-25.48504],[-49.26665,-25.48494],[-49.26631,-25.48453],[-49.2645,-25.48227],[-49.26221,-25.47944],[-49.26142,-25.47846],[-49.26058,-25.47743],[-49.25971,-25.47637],[-49.2547,-25.47021],[-49.25432,-25.46971],[-49.25409,-25.46943],[-49.25376,-25.46893],[-49.2535,-25.46864],[-49.25348,-25.46868],[-49.25344,-25.46875]]]}},{"type":"Feature","properties":{"code":"4106902028","name":"Vila Izabel"},"geometry":{"type":"Polygon","coordinates":[[[-49.29412,-25.46138],[-49.29537,-25.46113],[-49.29642,-25.46097],[-49.29663,-25.46093],[-49.29794,-25.46073],[-49.29886,-25.46055],[-49.3001,-25.46034],[-49.30139,-25.46012],[-49.30203,-25.46],[-49.30249,-25.45871],[-49.30292,-25.45747],[-49.3031,-25.45694],[-49.30342,-25.45604],[-49.3036,-25.45549],[-49.30378,-25.45502],[-49.30356,-25.45495],[-49.30342,-25.45491],[-49.30284,-25.45468],[-49.30241,-25.45452],[-49.30166,-25.45426],[-49.30077,-25.45394],[-49.3006,-25.45387],[-49.29966,-25.45353],[-49.29933,-25.45341],[-49.29895,-25.45326],[-49.29821,-25.453],[-49.29802,-25.45294],[-49.29747,-25.45274],[-49.29701,-25.45256],[-49.29553,-25.45203],[-49.29539,-25.45197],[-49.29412,-25.45151],[-49.29369,-25.45233],[-49.29334,-25.45311],[-49.29286,-25.45409],[-49.29233,-25.454],[-49.29125,-25.45393],[-49.29108,-25.45392],[-49.2908,-25.45388],[-49.29055,-25.45372],[-49.2894,-25.4538],[-49.28805,-25.45384],[-49.28793,-25.45384],[-49.28808,-25.45466],[-49.28822,-25.45531],[-49.28826,-25.45555],[-49.28832,-25.45588],[-49.28845,-25.45648],[-49.28853,-25.45693],[-49.28869,-25.45772],[-49.2889,-25.45876],[-49.28905,-25.45947],[-49.28918,-25.4598],[-49.28924,-25.45996],[-49.28927,-25.46002],[-49.2895,-25.46054],[-49.28968,-25.46093],[-49.28977,-25.46112],[-49.2898,-25.46117],[-49.29004,-25.46173],[-49.29014,-25.4619],[-49.2902,-25.46206],[-49.29057,-25.46198],[-49.2911,-25.46189],[-49.29162,-25.46179],[-49.29284,-25.46158],[-49.29407,-25.46139],[-49.29412,-25.46138]]]}},{"type":"Feature","properties":{"code":"4106902015","name":"Juvevê"},"geometry":{"type":"Polygon","coordinates":[[[-49.25831,-25.41736],[-49.25873,-25.41742],[-49.25891,-25.41744],[-49.26021,-25.4164],[-49.26041,-25.41628],[-49.26045,-25.41625],[-49.26106,-25.41581],[-49.26111,-25.41574],[-49.26114,-25.41571],[-49.26118,-25.41567],[-49.26186,-25.41515],[-49.26244,-25.41468],[-49.26249,-25.41464],[-49.26261,-25.41478],[-49.2634,-25.41565],[-49.26367,-25.41546],[-49.26447,-25.41482],[-49.2649,-25.41453],[-49.26509,-25.41441],[-49.2652,-25.41436],[-49.26535,-25.4143],[-49.2655,-25.41427],[-49.26551,-25.41402],[-49.26553,-25.41377],[-49.26554,-25.41354],[-49.2656,-25.41326],[-49.26571,-25.41312],[-49.26571,-25.41306],[-49.26575,-25.41286],[-49.26569,-25.4128],[-49.26567,-25.41273],[-49.26568,-25.41264],[-49.2657,-25.41258],[-49.2657,-25.4125],[-49.26571,-25.41241],[-49.26575,-25.4123],[-49.26592,-25.41103],[-49.26616,-25.40918],[-49.26618,-25.40901],[-49.26603,-25.40911],[-49.26596,-25.40909],[-49.26433,-25.40935],[-49.26345,-25.40949],[-49.26256,-25.40968],[-49.26135,-25.40994],[-49.25962,-25.41028],[-49.25919,-25.41059],[-49.25891,-25.41079],[-49.25838,-25.41114],[-49.25823,-25.41124],[-49.25806,-25.41117],[-49.25779,-25.41093],[-49.25766,-25.41082],[-49.25723,-25.41044],[-49.25706,-25.41024],[-49.25697,-25.41002],[-49.25687,-25.40954],[-49.2561,-25.4102],[-49.25603,-25.41025],[-49.25603,-25.41025],[-49.25592,-25.41026],[-49.25541,-25.41062],[-49.25495,-25.41101],[-49.2548,-25.41117],[-49.25464,-25.41129],[-49.2545,-25.41132],[-49.25439,-25.41137],[-49.25375,-25.41196],[-49.25305,-25.41273],[-49.25289,-25.41289],[-49.25259,-25.4134],[-49.25255,-25.41346],[-49.2521,-25.41403],[-49.25173,-25.41454],[-49.25097,-25.41553],[-49.25005,-25.41688],[-49.25036,-25.41719],[-49.25064,-25.41743],[-49.2514,-25.41812],[-49.25156,-25.41828],[-49.25168,-25.41962],[-49.25185,-25.42094],[-49.25186,-25.42095],[-49.25197,-25.42198],[-49.25201,-25.42243],[-49.25311,-25.42234],[-49.25407,-25.42228],[-49.25459,-25.42229],[-49.25567,-25.42247],[-49.25563,-25.42227],[-49.25561,-25.42213],[-49.25603,-25.42137],[-49.25663,-25.42037],[-49.25712,-25.41943],[-49.25754,-25.41872],[-49.25772,-25.4184],[-49.25831,-25.41736]]]}},{"type":"Feature","properties":{"code":"4106902059","name":"Orleans"},"geometry":{"type":"Polygon","coordinates":[[[-49.35327,-25.43059],[-49.36585,-25.43201],[-49.36842,-25.43231],[-49.37171,-25.43275],[-49.37347,-25.43267],[-49.37501,-25.43224],[-49.37607,-25.43172],[-49.37677,-25.43132],[-49.37745,-25.43074],[-49.37853,-25.42948],[-49.38001,-25.42784],[-49.38062,-25.42744],[-49.38121,-25.42722],[-49.3818,-25.42704],[-49.38246,-25.42699],[-49.38311,-25.427],[-49.38425,-25.42701],[-49.38516,-25.42715],[-49.38533,-25.42703],[-49.3852,-25.42626],[-49.38459,-25.42533],[-49.38489,-25.425],[-49.38556,-25.42476],[-49.38581,-25.42355],[-49.38527,-25.42268],[-49.38471,-25.42222],[-49.38457,-25.42176],[-49.38385,-25.42202],[-49.38343,-25.42179],[-49.38279,-25.42177],[-49.38203,-25.42106],[-49.38287,-25.42015],[-49.38291,-25.41966],[-49.38348,-25.41888],[-49.38313,-25.4189],[-49.38281,-25.41919],[-49.38182,-25.41919],[-49.38184,-25.41833],[-49.38064,-25.41653],[-49.38038,-25.41538],[-49.38001,-25.41508],[-49.37955,-25.41555],[-49.3787,-25.41549],[-49.37835,-25.41473],[-49.37858,-25.41387],[-49.37844,-25.41321],[-49.37768,-25.41284],[-49.37737,-25.41219],[-49.37676,-25.41216],[-49.37661,-25.41197],[-49.3776,-25.4107],[-49.3776,-25.41062],[-49.37647,-25.41104],[-49.37629,-25.41115],[-49.37604,-25.4112],[-49.37548,-25.41155],[-49.37509,-25.41182],[-49.37476,-25.41201],[-49.3746,-25.41213],[-49.37459,-25.41225],[-49.37464,-25.41244],[-49.3747,-25.41254],[-49.37475,-25.41264],[-49.37527,-25.41298],[-49.37558,-25.4132],[-49.37564,-25.41325],[-49.37577,-25.41338],[-49.37589,-25.41365],[-49.37591,-25.41381],[-49.37583,-25.41399],[-49.3756,-25.41427],[-49.37552,-25.41446],[-49.37552,-25.41468],[-49.37551,-25.41492],[-49.37543,-25.41517],[-49.37534,-25.41543],[-49.3753,-25.4156],[-49.37524,-25.41606],[-49.37514,-25.41629],[-49.375,-25.41651],[-49.3748,-25.41668],[-49.37441,-25.41688],[-49.37393,-25.41705],[-49.37339,-25.41735],[-49.37278,-25.41764],[-49.37165,-25.41811],[-49.37065,-25.41849],[-49.36921,-25.41895],[-49.36767,-25.41951],[-49.36751,-25.41957],[-49.3659,-25.42022],[-49.36578,-25.42028],[-49.36558,-25.42031],[-49.36517,-25.42048],[-49.36519,-25.42054],[-49.3653,-25.42078],[-49.36524,-25.42075],[-49.36515,-25.42072],[-49.36509,-25.42073],[-49.36501,-25.42077],[-49.36497,-25.42093],[-49.36499,-25.42122],[-49.36501,-25.42141],[-49.36511,-25.42161],[-49.36505,-25.42186],[-49.36493,-25.42253],[-49.36501,-25.42281],[-49.36507,-25.42307],[-49.36497,-25.4233],[-49.36466,-25.42353],[-49.36443,-25.42428],[-49.36438,-25.4245],[-49.36308,-25.42424],[-49.36264,-25.42415],[-49.36196,-25.42401],[-49.3618,-25.424],[-49.36113,-25.42385],[-49.36051,-25.42375],[-49.35978,-25.42365],[-49.35863,-25.42357],[-49.35848,-25.42357],[-49.35838,-25.42357],[-49.35783,-25.42354],[-49.35556,-25.4234],[-49.35512,-25.42338],[-49.35416,-25.42332],[-49.35321,-25.42326],[-49.35293,-25.42338],[-49.35282,-25.42345],[-49.35269,-25.42361],[-49.3525,-25.42472],[-49.35236,-25.4246],[-49.35207,-25.42436],[-49.3515,-25.42394],[-49.35093,-25.42351],[-49.35016,-25.42448],[-49.34996,-25.42474],[-49.34987,-25.4249],[-49.3497,-25.42577],[-49.34967,-25.42619],[-49.34958,-25.42652],[-49.34946,-25.42668],[-49.34933,-25.42677],[-49.34914,-25.42684],[-49.34881,-25.42692],[-49.34839,-25.42704],[-49.34638,-25.42758],[-49.34642,-25.42816],[-49.34643,-25.42842],[-49.34645,-25.42977],[-49.34674,-25.42995],[-49.34684,-25.43003],[-49.34702,-25.43016],[-49.34703,-25.43028],[-49.34404,-25.43033],[-49.34341,-25.43034],[-49.33971,-25.43044],[-49.33884,-25.43045],[-49.33885,-25.43055],[-49.33888,-25.43094],[-49.33895,-25.43287],[-49.33903,-25.43329],[-49.33957,-25.43464],[-49.33984,-25.43505],[-49.33993,-25.43519],[-49.34015,-25.43514],[-49.34047,-25.43528],[-49.3408,-25.43533],[-49.34113,-25.43529],[-49.34138,-25.4352],[-49.34179,-25.43532],[-49.34205,-25.43545],[-49.34285,-25.4353],[-49.34373,-25.43521],[-49.34433,-25.43511],[-49.3446,-25.43506],[-49.34515,-25.43504],[-49.34519,-25.43653],[-49.34597,-25.4361],[-49.34704,-25.43776],[-49.34723,-25.43745],[-49.34767,-25.43801],[-49.34789,-25.43766],[-49.34793,-25.43759],[-49.3482,-25.4372],[-49.3489,-25.43615],[-49.34916,-25.43593],[-49.34941,-25.43574],[-49.34978,-25.43554],[-49.35046,-25.43521],[-49.35069,-25.43502],[-49.35094,-25.43467],[-49.35149,-25.43384],[-49.35181,-25.43338],[-49.35327,-25.43059]]]}},{"type":"Feature","properties":{"code":"4106902071","name":"Campo de Santana"},"geometry":{"type":"Polygon","coordinates":[[[-49.33953,-25.61241],[-49.33965,-25.61235],[-49.34126,-25.61047],[-49.34222,-25.60985],[-49.34367,-25.60855],[-49.34451,-25.60816],[-49.34468,-25.60735],[-49.34516,-25.60682],[-49.34548,-25.60576],[-49.34596,-25.60518],[-49.34669,-25.60517],[-49.34725,-25.60492],[-49.34816,-25.60465],[-49.34905,-25.60453],[-49.34976,-25.60471],[-49.35072,-25.60497],[-49.3513,-25.60506],[-49.35201,-25.6049],[-49.35224,-25.60462],[-49.35225,-25.6044],[-49.35219,-25.60411],[-49.35206,-25.60347],[-49.35195,-25.6031],[-49.35192,-25.60252],[-49.35177,-25.6018],[-49.35152,-25.60052],[-49.35139,-25.59987],[-49.35134,-25.59961],[-49.35121,-25.59898],[-49.35103,-25.59808],[-49.35097,-25.59787],[-49.35083,-25.59711],[-49.35081,-25.59695],[-49.35074,-25.59659],[-49.35069,-25.59632],[-49.35067,-25.59603],[-49.35064,-25.59559],[-49.35061,-25.5953],[-49.3505,-25.59476],[-49.35045,-25.59465],[-49.35015,-25.5941],[-49.34959,-25.59335],[-49.34911,-25.59276],[-49.34871,-25.59239],[-49.34865,-25.59234],[-49.34838,-25.59207],[-49.34831,-25.59198],[-49.34793,-25.59146],[-49.34762,-25.59104],[-49.3476,-25.59101],[-49.34738,-25.59084],[-49.34708,-25.59061],[-49.34685,-25.5905],[-49.34629,-25.59008],[-49.34618,-25.58992],[-49.34614,-25.58984],[-49.3461,-25.58977],[-49.346,-25.58955],[-49.34589,-25.58896],[-49.34584,-25.58854],[-49.34576,-25.58786],[-49.34574,-25.5874],[-49.34573,-25.58723],[-49.34573,-25.58711],[-49.34569,-25.58698],[-49.34561,-25.58674],[-49.34555,-25.58647],[-49.34554,-25.58643],[-49.34546,-25.58615],[-49.34542,-25.586],[-49.34539,-25.5857],[-49.34537,-25.58553],[-49.34536,-25.5855],[-49.34541,-25.58455],[-49.34541,-25.58453],[-49.34557,-25.58402],[-49.34563,-25.58381],[-49.34574,-25.58331],[-49.34573,-25.58328],[-49.34571,-25.58309],[-49.34566,-25.58292],[-49.34562,-25.58281],[-49.34551,-25.58267],[-49.34535,-25.58259],[-49.34515,-25.58265],[-49.34482,-25.5828],[-49.34468,-25.58281],[-49.34452,-25.58284],[-49.34447,-25.58288],[-49.34441,-25.5829],[-49.34425,-25.58287],[-49.34414,-25.58283],[-49.34405,-25.58276],[-49.34372,-25.58246],[-49.34366,-25.58235],[-49.34354,-25.58231],[-49.34341,-25.58218],[-49.34328,-25.58216],[-49.34309,-25.58205],[-49.34299,-25.58212],[-49.3429,-25.58205],[-49.34269,-25.58197],[-49.34239,-25.58184],[-49.34228,-25.58176],[-49.34218,-25.58174],[-49.34212,-25.58166],[-49.34187,-25.58157],[-49.34164,-25.58151],[-49.3416,-25.58153],[-49.34152,-25.58161],[-49.34142,-25.58166],[-49.34132,-25.58168],[-49.34101,-25.58179],[-49.34095,-25.58182],[-49.34089,-25.58186],[-49.34074,-25.58191],[-49.34056,-25.58194],[-49.34049,-25.58195],[-49.34042,-25.58192],[-49.34027,-25.58183],[-49.34013,-25.58173],[-49.34004,-25.5817],[-49.33994,-25.58169],[-49.33979,-25.58169],[-49.3396,-25.58172],[-49.33946,-25.58178],[-49.33933,-25.58183],[-49.33928,-25.58185],[-49.33909,-25.5819],[-49.33896,-25.58198],[-49.33889,-25.58202],[-49.3388,-25.58201],[-49.33868,-25.58196],[-49.33856,-25.58195],[-49.3384,-25.58201],[-49.33834,-25.58202],[-49.33815,-25.582],[-49.33806,-25.58202],[-49.33794,-25.58208],[-49.33772,-25.5821],[-49.3376,-25.58204],[-49.33741,-25.582],[-49.33729,-25.582],[-49.3372,-25.58204],[-49.33706,-25.58212],[-49.337,-25.58214],[-49.33686,-25.58214],[-49.33678,-25.58217],[-49.33661,-25.58218],[-49.33651,-25.58222],[-49.33639,-25.58235],[-49.33632,-25.5824],[-49.33615,-25.5826],[-49.33606,-25.58273],[-49.33603,-25.58282],[-49.33601,-25.58293],[-49.33585,-25.58312],[-49.33581,-25.5832],[-49.33579,-25.58328],[-49.33574,-25.58337],[-49.33566,-25.58349],[-49.3356,-25.58354],[-49.3355,-25.58358],[-49.3354,-25.58366],[-49.33531,-25.58369],[-49.33518,-25.58371],[-49.33513,-25.58373],[-49.33506,-25.58377],[-49.33501,-25.58377],[-49.33486,-25.5836],[-49.33483,-25.5834],[-49.33462,-25.58321],[-49.33432,-25.5831],[-49.3342,-25.5829],[-49.33401,-25.58262],[-49.33397,-25.5826],[-49.33391,-25.58259],[-49.33379,-25.5826],[-49.33373,-25.58259],[-49.33363,-25.58259],[-49.33357,-25.58258],[-49.3335,-25.58256],[-49.33345,-25.58254],[-49.33336,-25.58249],[-49.33334,-25.58248],[-49.33334,-25.58248],[-49.3333,-25.58248],[-49.33329,-25.58248],[-49.33327,-25.58247],[-49.33325,-25.58246],[-49.33322,-25.58244],[-49.33319,-25.58243],[-49.33317,-25.58242],[-49.33314,-25.5824],[-49.33312,-25.58238],[-49.33306,-25.58233],[-49.33305,-25.58232],[-49.33304,-25.5823],[-49.33303,-25.58229],[-49.33301,-25.58221],[-49.33298,-25.58218],[-49.33286,-25.58209],[-49.33282,-25.58206],[-49.33276,-25.58202],[-49.33273,-25.58201],[-49.33267,-25.582],[-49.33263,-25.582],[-49.3326,-25.582],[-49.33256,-25.58201],[-49.33254,-25.58201],[-49.33252,-25.58201],[-49.3325,-25.582],[-49.33249,-25.58198],[-49.33247,-25.58195],[-49.33245,-25.58188],[-49.33238,-25.58179],[-49.33238,-25.58174],[-49.33234,-25.5817],[-49.33229,-25.58169],[-49.33223,-25.5817],[-49.33218,-25.58173],[-49.33213,-25.58174],[-49.3321,-25.58178],[-49.33208,-25.58183],[-49.33203,-25.58182],[-49.33195,-25.58176],[-49.3319,-25.58177],[-49.33185,-25.58176],[-49.3318,-25.58174],[-49.33177,-25.58171],[-49.33174,-25.58167],[-49.33165,-25.58164],[-49.33165,-25.58154],[-49.33161,-25.58151],[-49.33156,-25.58149],[-49.33151,-25.58148],[-49.33146,-25.58146],[-49.33143,-25.58143],[-49.33138,-25.58141],[-49.33136,-25.58137],[-49.33134,-25.58133],[-49.33129,-25.58131],[-49.33124,-25.5813],[-49.33121,-25.58129],[-49.33115,-25.58125],[-49.33111,-25.58121],[-49.33106,-25.58119],[-49.33095,-25.58119],[-49.33091,-25.58117],[-49.33085,-25.58116],[-49.33076,-25.58111],[-49.33069,-25.58109],[-49.33066,-25.58108],[-49.33061,-25.58109],[-49.33056,-25.5811],[-49.33052,-25.5811],[-49.3305,-25.58107],[-49.33051,-25.58102],[-49.33051,-25.58097],[-49.33049,-25.58092],[-49.33047,-25.58085],[-49.33046,-25.5808],[-49.33042,-25.58074],[-49.33038,-25.58072],[-49.33035,-25.58067],[-49.33031,-25.58064],[-49.33029,-25.58061],[-49.33029,-25.5806],[-49.3303,-25.5805],[-49.33028,-25.58045],[-49.33024,-25.58043],[-49.33021,-25.58037],[-49.33011,-25.58022],[-49.33005,-25.5801],[-49.32997,-25.57998],[-49.32985,-25.57987],[-49.32971,-25.57985],[-49.32957,-25.57989],[-49.32945,-25.5799],[-49.32937,-25.57986],[-49.32935,-25.57981],[-49.32929,-25.57974],[-49.32924,-25.57972],[-49.32929,-25.57959],[-49.32926,-25.5795],[-49.32922,-25.57942],[-49.32918,-25.57938],[-49.32831,-25.57898],[-49.32818,-25.57912],[-49.32811,-25.57914],[-49.32805,-25.57914],[-49.32802,-25.57897],[-49.32811,-25.57891],[-49.32811,-25.57883],[-49.32804,-25.57869],[-49.32794,-25.57837],[-49.32724,-25.57838],[-49.32712,-25.57833],[-49.32703,-25.57826],[-49.32678,-25.57835],[-49.32656,-25.57834],[-49.32653,-25.57829],[-49.32644,-25.57819],[-49.3263,-25.57814],[-49.32628,-25.57808],[-49.32638,-25.5779],[-49.32638,-25.57781],[-49.32642,-25.5777],[-49.32637,-25.57764],[-49.32624,-25.57761],[-49.32613,-25.57754],[-49.32611,-25.57753],[-49.32606,-25.57752],[-49.32601,-25.57752],[-49.32597,-25.5775],[-49.32594,-25.57746],[-49.32594,-25.57741],[-49.32592,-25.57736],[-49.32592,-25.57731],[-49.32593,-25.57727],[-49.32593,-25.57722],[-49.32594,-25.57717],[-49.32594,-25.57712],[-49.32594,-25.57707],[-49.32593,-25.57703],[-49.3259,-25.57694],[-49.32588,-25.57688],[-49.32587,-25.57684],[-49.32584,-25.57673],[-49.32577,-25.57653],[-49.32575,-25.57642],[-49.32574,-25.57637],[-49.32573,-25.57635],[-49.32572,-25.57633],[-49.32568,-25.5763],[-49.32563,-25.57628],[-49.32558,-25.57626],[-49.32553,-25.57623],[-49.32549,-25.5762],[-49.32545,-25.57615],[-49.32542,-25.57612],[-49.32529,-25.576],[-49.32516,-25.57586],[-49.32512,-25.5758],[-49.32503,-25.57566],[-49.32497,-25.57558],[-49.32491,-25.57552],[-49.32485,-25.57547],[-49.32481,-25.57543],[-49.32477,-25.5754],[-49.32473,-25.57536],[-49.32467,-25.57527],[-49.32466,-25.57522],[-49.32464,-25.57518],[-49.3246,-25.57514],[-49.32457,-25.57511],[-49.32453,-25.57506],[-49.32451,-25.57502],[-49.32449,-25.57499],[-49.32447,-25.57495],[-49.32446,-25.57493],[-49.32445,-25.57488],[-49.3244,-25.57481],[-49.32437,-25.5747],[-49.32435,-25.57465],[-49.32432,-25.57461],[-49.32415,-25.57427],[-49.32411,-25.57422],[-49.32405,-25.57413],[-49.32398,-25.57406],[-49.32396,-25.57407],[-49.32393,-25.57406],[-49.32393,-25.57405],[-49.32392,-25.57404],[-49.32392,-25.57402],[-49.32391,-25.57401],[-49.32388,-25.57399],[-49.3238,-25.57395],[-49.32368,-25.57392],[-49.32358,-25.57388],[-49.3235,-25.57383],[-49.32345,-25.5738],[-49.32333,-25.57368],[-49.32313,-25.57351],[-49.32308,-25.5735],[-49.32303,-25.5735],[-49.32292,-25.57354],[-49.32274,-25.57355],[-49.32264,-25.57353],[-49.32257,-25.57349],[-49.32246,-25.5734],[-49.32241,-25.57337],[-49.32225,-25.57332],[-49.3221,-25.57317],[-49.32209,-25.57308],[-49.32197,-25.57298],[-49.32186,-25.57287],[-49.3213,-25.57237],[-49.32076,-25.57198],[-49.32032,-25.57203],[-49.3202,-25.57188],[-49.31984,-25.57179],[-49.31989,-25.57204],[-49.31959,-25.572],[-49.31942,-25.57202],[-49.3193,-25.57204],[-49.31925,-25.57205],[-49.31905,-25.57215],[-49.31877,-25.57222],[-49.31856,-25.57223],[-49.31818,-25.57215],[-49.31779,-25.57209],[-49.31764,-25.57211],[-49.31751,-25.57217],[-49.31746,-25.57241],[-49.31644,-25.57231],[-49.31664,-25.57124],[-49.31503,-25.56952],[-49.31374,-25.57002],[-49.31261,-25.57039],[-49.31087,-25.57085],[-49.31077,-25.57043],[-49.31018,-25.57042],[-49.30942,-25.57094],[-49.30933,-25.57112],[-49.30921,-25.57126],[-49.30901,-25.57131],[-49.30885,-25.57123],[-49.30872,-25.57141],[-49.30754,-25.57143],[-49.30724,-25.57154],[-49.307,-25.57154],[-49.30678,-25.57162],[-49.30662,-25.57223],[-49.30657,-25.57268],[-49.3068,-25.57319],[-49.30667,-25.57372],[-49.30655,-25.57378],[-49.30653,-25.57381],[-49.30623,-25.57392],[-49.30597,-25.57419],[-49.30583,-25.57443],[-49.30555,-25.57475],[-49.30542,-25.57492],[-49.30543,-25.57507],[-49.30544,-25.57515],[-49.30569,-25.57535],[-49.3057,-25.57568],[-49.3057,-25.57619],[-49.3057,-25.5762],[-49.30588,-25.57635],[-49.30602,-25.57646],[-49.30612,-25.57652],[-49.30631,-25.5767],[-49.30645,-25.57686],[-49.3067,-25.57696],[-49.30681,-25.57725],[-49.30681,-25.57767],[-49.30663,-25.57781],[-49.3065,-25.5781],[-49.30664,-25.57835],[-49.30668,-25.57848],[-49.30679,-25.5786],[-49.30677,-25.57873],[-49.30679,-25.57879],[-49.30676,-25.57881],[-49.30675,-25.57886],[-49.30646,-25.57915],[-49.30591,-25.57971],[-49.30582,-25.57991],[-49.30578,-25.58016],[-49.30578,-25.5803],[-49.30589,-25.58075],[-49.30602,-25.58113],[-49.30634,-25.58147],[-49.30664,-25.58195],[-49.3071,-25.58288],[-49.30708,-25.58317],[-49.30703,-25.58346],[-49.30704,-25.58381],[-49.30679,-25.58434],[-49.30663,-25.58458],[-49.30649,-25.58489],[-49.30644,-25.58509],[-49.30622,-25.5854],[-49.30619,-25.5861],[-49.30639,-25.58691],[-49.30634,-25.58727],[-49.30624,-25.58799],[-49.30614,-25.58863],[-49.30595,-25.58908],[-49.30549,-25.58956],[-49.30543,-25.58984],[-49.30542,-25.59006],[-49.30561,-25.5903],[-49.30558,-25.59034],[-49.30562,-25.5904],[-49.30511,-25.59115],[-49.30472,-25.59219],[-49.30459,-25.59253],[-49.30445,-25.59317],[-49.30409,-25.59374],[-49.30369,-25.59415],[-49.30357,-25.59464],[-49.30369,-25.59508],[-49.30403,-25.59548],[-49.30412,-25.59584],[-49.30424,-25.59633],[-49.30452,-25.59655],[-49.30461,-25.59683],[-49.3046,-25.59706],[-49.30455,-25.59702],[-49.30412,-25.59744],[-49.30393,-25.59801],[-49.30428,-25.59923],[-49.30428,-25.59987],[-49.30391,-25.60047],[-49.30302,-25.60084],[-49.30293,-25.60111],[-49.30306,-25.60192],[-49.30292,-25.6032],[-49.303,-25.60412],[-49.30282,-25.60464],[-49.30203,-25.60519],[-49.30142,-25.6062],[-49.30116,-25.60674],[-49.30172,-25.60792],[-49.30172,-25.60792],[-49.30172,-25.60792],[-49.30175,-25.60799],[-49.30128,-25.60874],[-49.3013,-25.6098],[-49.30146,-25.61077],[-49.30162,-25.61128],[-49.3015,-25.61213],[-49.30163,-25.61295],[-49.30163,-25.61338],[-49.30179,-25.6142],[-49.30183,-25.61419],[-49.30233,-25.6141],[-49.303,-25.61448],[-49.30386,-25.61544],[-49.30415,-25.61599],[-49.30399,-25.61722],[-49.30439,-25.61788],[-49.30507,-25.61826],[-49.30563,-25.6183],[-49.30583,-25.61831],[-49.30738,-25.61781],[-49.30749,-25.61835],[-49.30797,-25.61883],[-49.30963,-25.61947],[-49.31028,-25.61917],[-49.31047,-25.61872],[-49.30998,-25.61761],[-49.31008,-25.61741],[-49.31044,-25.61737],[-49.31116,-25.61835],[-49.31184,-25.61855],[-49.31233,-25.61838],[-49.31253,-25.61797],[-49.31106,-25.617],[-49.31107,-25.61655],[-49.31142,-25.61618],[-49.31191,-25.61598],[-49.31248,-25.61612],[-49.31308,-25.61657],[-49.31438,-25.61818],[-49.31554,-25.61861],[-49.31588,-25.61899],[-49.31599,-25.61951],[-49.3156,-25.62026],[-49.31465,-25.62059],[-49.31382,-25.62015],[-49.31329,-25.62038],[-49.31328,-25.62066],[-49.31411,-25.62149],[-49.3141,-25.62184],[-49.31379,-25.62218],[-49.31163,-25.62273],[-49.31146,-25.62416],[-49.31175,-25.62447],[-49.31277,-25.62451],[-49.31369,-25.62432],[-49.31506,-25.62334],[-49.31582,-25.62321],[-49.3165,-25.62339],[-49.31683,-25.62374],[-49.31685,-25.6254],[-49.31703,-25.62599],[-49.3174,-25.62623],[-49.31797,-25.62631],[-49.3185,-25.62614],[-49.31866,-25.6256],[-49.31856,-25.62508],[-49.31883,-25.62474],[-49.31939,-25.62485],[-49.32002,-25.62561],[-49.32021,-25.62611],[-49.3214,-25.62698],[-49.32185,-25.62754],[-49.3222,-25.62727],[-49.32224,-25.62699],[-49.32195,-25.62579],[-49.32215,-25.62538],[-49.3226,-25.62518],[-49.32313,-25.62532],[-49.32328,-25.62563],[-49.32315,-25.62678],[-49.32348,-25.6272],[-49.32513,-25.62821],[-49.32513,-25.62855],[-49.32447,-25.6293],[-49.32462,-25.62954],[-49.325,-25.62955],[-49.32588,-25.62901],[-49.32614,-25.62908],[-49.32621,-25.62947],[-49.32598,-25.62995],[-49.32541,-25.63021],[-49.32454,-25.63025],[-49.32435,-25.63052],[-49.32441,-25.63155],[-49.32406,-25.63172],[-49.32274,-25.6317],[-49.3224,-25.6319],[-49.32239,-25.63224],[-49.32265,-25.63263],[-49.3231,-25.63285],[-49.32393,-25.63297],[-49.32484,-25.6328],[-49.32587,-25.6322],[-49.32629,-25.63234],[-49.3271,-25.63348],[-49.32744,-25.63366],[-49.32805,-25.63349],[-49.32905,-25.63249],[-49.32899,-25.63132],[-49.32926,-25.63085],[-49.32972,-25.63058],[-49.33033,-25.63052],[-49.3304,-25.63058],[-49.33042,-25.63051],[-49.3304,-25.63045],[-49.3302,-25.62961],[-49.33037,-25.62935],[-49.33073,-25.62921],[-49.33095,-25.62933],[-49.33157,-25.63006],[-49.33202,-25.63022],[-49.33243,-25.63005],[-49.33267,-25.62971],[-49.33255,-25.62933],[-49.3323,-25.629],[-49.33186,-25.62878],[-49.33192,-25.62852],[-49.33358,-25.627],[-49.33944,-25.61246],[-49.33953,-25.61241]]]}},{"type":"Feature","properties":{"code":"4106902050","name":"Abranches"},"geometry":{"type":"Polygon","coordinates":[[[-49.27416,-25.37464],[-49.27394,-25.3744],[-49.27403,-25.37388],[-49.27418,-25.3733],[-49.2743,-25.37267],[-49.2743,-25.37257],[-49.27429,-25.37248],[-49.27429,-25.37229],[-49.27439,-25.37203],[-49.27442,-25.37175],[-49.27445,-25.37168],[-49.27451,-25.37106],[-49.27455,-25.37088],[-49.27458,-25.37074],[-49.27459,-25.37068],[-49.27465,-25.37029],[-49.27468,-25.37023],[-49.27472,-25.37013],[-49.27495,-25.36979],[-49.27496,-25.36965],[-49.27488,-25.36935],[-49.27491,-25.36907],[-49.27496,-25.3688],[-49.27498,-25.36873],[-49.27507,-25.36838],[-49.27523,-25.36808],[-49.2754,-25.36779],[-49.27593,-25.367],[-49.27612,-25.36717],[-49.27649,-25.36663],[-49.27657,-25.36651],[-49.27677,-25.36627],[-49.27713,-25.36578],[-49.27745,-25.36535],[-49.2782,-25.36437],[-49.27838,-25.36414],[-49.27854,-25.36394],[-49.27918,-25.36311],[-49.27967,-25.36243],[-49.28055,-25.36131],[-49.28097,-25.36077],[-49.28115,-25.36046],[-49.28123,-25.36025],[-49.28129,-25.36001],[-49.2813,-25.3598],[-49.28132,-25.35966],[-49.28132,-25.3594],[-49.28133,-25.35889],[-49.28131,-25.35843],[-49.28122,-25.35774],[-49.28152,-25.3577],[-49.28145,-25.35657],[-49.28142,-25.35627],[-49.28139,-25.35576],[-49.28125,-25.3551],[-49.28128,-25.35497],[-49.28147,-25.35468],[-49.28184,-25.35447],[-49.28187,-25.35426],[-49.28177,-25.3541],[-49.28122,-25.35388],[-49.28101,-25.35369],[-49.28091,-25.35364],[-49.28073,-25.35352],[-49.28051,-25.35337],[-49.28034,-25.35327],[-49.28013,-25.35291],[-49.28002,-25.35273],[-49.28004,-25.3526],[-49.28027,-25.35233],[-49.28023,-25.3522],[-49.28002,-25.352],[-49.2802,-25.35165],[-49.28015,-25.35153],[-49.27997,-25.35142],[-49.27988,-25.35131],[-49.27989,-25.35122],[-49.27991,-25.35114],[-49.27956,-25.35079],[-49.27928,-25.35066],[-49.279,-25.35062],[-49.27872,-25.35058],[-49.2785,-25.35067],[-49.27829,-25.35077],[-49.27818,-25.35074],[-49.27806,-25.35072],[-49.27797,-25.35063],[-49.27778,-25.35037],[-49.27773,-25.35008],[-49.27769,-25.34982],[-49.27769,-25.34981],[-49.27769,-25.34979],[-49.27768,-25.34979],[-49.27756,-25.34955],[-49.27729,-25.34936],[-49.27696,-25.34922],[-49.27659,-25.34913],[-49.27642,-25.34904],[-49.27632,-25.3489],[-49.27621,-25.34877],[-49.27601,-25.34861],[-49.27585,-25.34832],[-49.27529,-25.3481],[-49.27519,-25.34798],[-49.27508,-25.34775],[-49.27502,-25.34763],[-49.27501,-25.34754],[-49.27497,-25.34722],[-49.27463,-25.34659],[-49.27452,-25.34648],[-49.27422,-25.34636],[-49.2741,-25.34627],[-49.27402,-25.34596],[-49.27403,-25.34561],[-49.27395,-25.34541],[-49.27389,-25.34524],[-49.27363,-25.34515],[-49.27342,-25.34507],[-49.27336,-25.34509],[-49.27047,-25.34611],[-49.26906,-25.34661],[-49.26969,-25.34672],[-49.26962,-25.34692],[-49.26964,-25.34692],[-49.26957,-25.34732],[-49.26984,-25.34728],[-49.26976,-25.34767],[-49.26977,-25.34823],[-49.26963,-25.34907],[-49.26952,-25.34958],[-49.27143,-25.34969],[-49.27139,-25.35024],[-49.27124,-25.35094],[-49.27121,-25.3512],[-49.27122,-25.35131],[-49.27124,-25.35138],[-49.27128,-25.3515],[-49.27125,-25.35264],[-49.27129,-25.35345],[-49.27136,-25.35376],[-49.27137,-25.35378],[-49.26983,-25.35372],[-49.26976,-25.35373],[-49.26972,-25.35397],[-49.26967,-25.35405],[-49.2696,-25.35408],[-49.2696,-25.3541],[-49.26953,-25.3543],[-49.2695,-25.35441],[-49.26958,-25.35451],[-49.26972,-25.35468],[-49.26963,-25.35514],[-49.26971,-25.35529],[-49.26964,-25.35545],[-49.26954,-25.35602],[-49.26955,-25.35655],[-49.26944,-25.357],[-49.26937,-25.35715],[-49.26912,-25.35756],[-49.26901,-25.35772],[-49.26886,-25.35791],[-49.26869,-25.35812],[-49.26858,-25.35834],[-49.26857,-25.35882],[-49.26847,-25.35923],[-49.2684,-25.35966],[-49.26842,-25.35981],[-49.2683,-25.35997],[-49.26814,-25.36024],[-49.26799,-25.36079],[-49.26809,-25.36123],[-49.26819,-25.36137],[-49.26826,-25.36155],[-49.26822,-25.362],[-49.26823,-25.36232],[-49.26836,-25.36255],[-49.26805,-25.36295],[-49.26835,-25.36291],[-49.26837,-25.363],[-49.26836,-25.36311],[-49.26839,-25.36314],[-49.26848,-25.3632],[-49.26842,-25.36326],[-49.26831,-25.36341],[-49.26841,-25.36352],[-49.26851,-25.36352],[-49.26863,-25.36363],[-49.26863,-25.36378],[-49.26854,-25.36384],[-49.26845,-25.36388],[-49.26839,-25.36399],[-49.26845,-25.36407],[-49.26823,-25.36439],[-49.26826,-25.36452],[-49.26837,-25.36452],[-49.26839,-25.36438],[-49.26848,-25.36432],[-49.26854,-25.36436],[-49.26854,-25.36438],[-49.26854,-25.36453],[-49.26844,-25.36464],[-49.26845,-25.36475],[-49.26832,-25.36499],[-49.26824,-25.36527],[-49.26883,-25.36564],[-49.26817,-25.36648],[-49.26776,-25.36698],[-49.26748,-25.36731],[-49.26706,-25.36784],[-49.26682,-25.36814],[-49.26694,-25.36821],[-49.26781,-25.36875],[-49.26711,-25.3696],[-49.26705,-25.36979],[-49.26705,-25.36995],[-49.26698,-25.3703],[-49.267,-25.37047],[-49.26707,-25.37062],[-49.26698,-25.37078],[-49.26692,-25.37096],[-49.26684,-25.37119],[-49.26672,-25.37142],[-49.26673,-25.37155],[-49.26675,-25.37164],[-49.26677,-25.37178],[-49.26673,-25.37197],[-49.26681,-25.37206],[-49.26689,-25.37234],[-49.26697,-25.37248],[-49.26725,-25.37253],[-49.26801,-25.37316],[-49.26827,-25.37363],[-49.2684,-25.37384],[-49.26831,-25.37391],[-49.26825,-25.37401],[-49.26764,-25.37431],[-49.26706,-25.37522],[-49.26562,-25.37647],[-49.2648,-25.37724],[-49.26619,-25.37865],[-49.26667,-25.37898],[-49.2671,-25.37933],[-49.26743,-25.37959],[-49.26793,-25.37994],[-49.26846,-25.38034],[-49.26892,-25.38067],[-49.26904,-25.38079],[-49.26886,-25.38086],[-49.26869,-25.38096],[-49.26857,-25.3811],[-49.26847,-25.38131],[-49.26841,-25.38145],[-49.26838,-25.38151],[-49.26831,-25.38171],[-49.26822,-25.38207],[-49.26813,-25.38246],[-49.268,-25.3829],[-49.26793,-25.38316],[-49.26788,-25.38336],[-49.26783,-25.38361],[-49.26787,-25.38461],[-49.26792,-25.38544],[-49.26778,-25.38579],[-49.26774,-25.3859],[-49.26765,-25.38609],[-49.26755,-25.38633],[-49.26748,-25.38646],[-49.26737,-25.38683],[-49.26738,-25.38697],[-49.26742,-25.38709],[-49.26744,-25.38717],[-49.26749,-25.38733],[-49.26756,-25.38756],[-49.26759,-25.38772],[-49.26789,-25.38757],[-49.26823,-25.38741],[-49.26865,-25.38728],[-49.26897,-25.38726],[-49.26923,-25.38728],[-49.26963,-25.38737],[-49.27006,-25.38746],[-49.27019,-25.3875],[-49.27039,-25.38752],[-49.2705,-25.38751],[-49.27074,-25.38745],[-49.27109,-25.38734],[-49.27155,-25.38703],[-49.27232,-25.38639],[-49.27251,-25.38623],[-49.2727,-25.38613],[-49.27333,-25.38599],[-49.2748,-25.38567],[-49.27507,-25.38563],[-49.27533,-25.3856],[-49.27561,-25.38561],[-49.27596,-25.38562],[-49.27631,-25.38563],[-49.27738,-25.38569],[-49.27831,-25.38576],[-49.27844,-25.38577],[-49.27889,-25.38577],[-49.27903,-25.38577],[-49.27917,-25.38571],[-49.27933,-25.38564],[-49.27943,-25.38556],[-49.27959,-25.38544],[-49.27964,-25.38539],[-49.27962,-25.38524],[-49.27984,-25.38411],[-49.28001,-25.38333],[-49.28007,-25.38293],[-49.28004,-25.38269],[-49.27991,-25.38243],[-49.27983,-25.3823],[-49.27966,-25.38204],[-49.27958,-25.3818],[-49.27958,-25.38167],[-49.27956,-25.38145],[-49.27975,-25.38087],[-49.27995,-25.38016],[-49.27962,-25.37994],[-49.27938,-25.37976],[-49.27912,-25.37971],[-49.27895,-25.37927],[-49.2788,-25.37881],[-49.27846,-25.37833],[-49.27814,-25.37793],[-49.27794,-25.37762],[-49.27766,-25.37718],[-49.27748,-25.37707],[-49.27732,-25.37695],[-49.27721,-25.37691],[-49.27705,-25.37677],[-49.2766,-25.37643],[-49.27644,-25.37628],[-49.27628,-25.37607],[-49.27609,-25.3758],[-49.27604,-25.37577],[-49.27585,-25.37569],[-49.27563,-25.37563],[-49.27524,-25.37552],[-49.27478,-25.37539],[-49.27459,-25.37533],[-49.2745,-25.37517],[-49.27444,-25.3751],[-49.27438,-25.37502],[-49.27434,-25.37491],[-49.2743,-25.3747],[-49.27416,-25.37464]]]}},{"type":"Feature","properties":{"code":"4106902029","name":"Seminário"},"geometry":{"type":"Polygon","coordinates":[[[-49.29553,-25.45203],[-49.29701,-25.45256],[-49.29747,-25.45274],[-49.29802,-25.45294],[-49.29821,-25.453],[-49.29895,-25.45326],[-49.29933,-25.45341],[-49.29966,-25.45353],[-49.3006,-25.45387],[-49.30077,-25.45394],[-49.30166,-25.45426],[-49.30241,-25.45452],[-49.30284,-25.45468],[-49.30342,-25.45491],[-49.30356,-25.45495],[-49.30378,-25.45502],[-49.30387,-25.45472],[-49.30395,-25.45453],[-49.30401,-25.45436],[-49.3041,-25.45406],[-49.30418,-25.45383],[-49.30423,-25.45371],[-49.30503,-25.45391],[-49.30525,-25.45398],[-49.30561,-25.45412],[-49.30566,-25.45423],[-49.30598,-25.45455],[-49.30624,-25.45465],[-49.30644,-25.4547],[-49.3066,-25.45474],[-49.30699,-25.45487],[-49.3073,-25.45498],[-49.30755,-25.45499],[-49.30786,-25.45483],[-49.30815,-25.45464],[-49.30825,-25.45459],[-49.30874,-25.45429],[-49.30934,-25.45374],[-49.30945,-25.45365],[-49.30961,-25.45361],[-49.30985,-25.45369],[-49.31041,-25.45386],[-49.31101,-25.45401],[-49.3114,-25.45412],[-49.31203,-25.45429],[-49.31249,-25.45444],[-49.31271,-25.45449],[-49.31305,-25.4546],[-49.31341,-25.45473],[-49.31323,-25.45452],[-49.31293,-25.45418],[-49.31249,-25.45366],[-49.3123,-25.45343],[-49.3122,-25.45328],[-49.31217,-25.45305],[-49.3122,-25.4529],[-49.3123,-25.45278],[-49.31244,-25.45264],[-49.31284,-25.45245],[-49.31305,-25.45235],[-49.31314,-25.45231],[-49.31344,-25.45218],[-49.31421,-25.45182],[-49.31476,-25.45154],[-49.31499,-25.45142],[-49.31493,-25.45061],[-49.31492,-25.45057],[-49.31491,-25.45053],[-49.31485,-25.45032],[-49.31489,-25.45005],[-49.31483,-25.44976],[-49.31482,-25.4497],[-49.31481,-25.44965],[-49.31479,-25.44958],[-49.31478,-25.44952],[-49.31477,-25.44948],[-49.31468,-25.44906],[-49.31467,-25.44901],[-49.31467,-25.44897],[-49.31465,-25.44891],[-49.31461,-25.44872],[-49.3146,-25.44867],[-49.31455,-25.44846],[-49.31451,-25.44821],[-49.31451,-25.44817],[-49.3145,-25.4481],[-49.3145,-25.44804],[-49.3145,-25.44802],[-49.31452,-25.44798],[-49.31453,-25.44794],[-49.31462,-25.44769],[-49.31504,-25.44666],[-49.31511,-25.44652],[-49.31605,-25.44428],[-49.31212,-25.44281],[-49.31206,-25.44293],[-49.312,-25.44303],[-49.31194,-25.44313],[-49.31189,-25.4432],[-49.31185,-25.44328],[-49.31179,-25.44341],[-49.31175,-25.44349],[-49.3117,-25.4436],[-49.31169,-25.44362],[-49.31157,-25.44403],[-49.31153,-25.44418],[-49.31152,-25.4442],[-49.31151,-25.44423],[-49.31149,-25.44428],[-49.31146,-25.44433],[-49.31143,-25.44437],[-49.3114,-25.44441],[-49.31139,-25.44442],[-49.31134,-25.44445],[-49.31125,-25.4445],[-49.31124,-25.4445],[-49.31115,-25.44454],[-49.31077,-25.4447],[-49.31056,-25.44473],[-49.31049,-25.44474],[-49.31045,-25.44475],[-49.31035,-25.44476],[-49.31027,-25.44477],[-49.31019,-25.44478],[-49.31013,-25.44479],[-49.30984,-25.44483],[-49.30979,-25.44484],[-49.30967,-25.44486],[-49.3096,-25.44487],[-49.30953,-25.44488],[-49.30943,-25.44489],[-49.30941,-25.4449],[-49.30906,-25.44506],[-49.30902,-25.44508],[-49.30899,-25.4451],[-49.30875,-25.44521],[-49.30864,-25.44524],[-49.3079,-25.44545],[-49.30775,-25.44545],[-49.30758,-25.44545],[-49.30741,-25.44544],[-49.30729,-25.44544],[-49.30712,-25.44544],[-49.30698,-25.44544],[-49.30684,-25.44544],[-49.30668,-25.44544],[-49.30659,-25.44544],[-49.30642,-25.44543],[-49.30632,-25.44543],[-49.30617,-25.44543],[-49.30601,-25.44542],[-49.3059,-25.44542],[-49.30577,-25.44542],[-49.3055,-25.44541],[-49.30504,-25.4454],[-49.30477,-25.44539],[-49.30472,-25.44539],[-49.30464,-25.44529],[-49.30453,-25.44515],[-49.30448,-25.44509],[-49.3044,-25.44502],[-49.3042,-25.44481],[-49.3035,-25.4441],[-49.30184,-25.4435],[-49.3009,-25.44305],[-49.29965,-25.44239],[-49.29951,-25.44232],[-49.29928,-25.44221],[-49.2991,-25.44212],[-49.29886,-25.442],[-49.29858,-25.44187],[-49.29795,-25.44157],[-49.29788,-25.44174],[-49.29773,-25.44213],[-49.29752,-25.44261],[-49.29737,-25.4429],[-49.29727,-25.44308],[-49.29713,-25.44324],[-49.29689,-25.44351],[-49.29624,-25.44403],[-49.29613,-25.44432],[-49.29568,-25.44534],[-49.29554,-25.44568],[-49.29604,-25.44614],[-49.29615,-25.44621],[-49.29552,-25.44712],[-49.29538,-25.44725],[-49.29481,-25.44845],[-49.29541,-25.44865],[-49.29551,-25.44869],[-49.29551,-25.44869],[-49.29489,-25.44994],[-49.29449,-25.45072],[-49.29412,-25.45151],[-49.29539,-25.45197],[-49.29553,-25.45203]]]}},{"type":"Feature","properties":{"code":"4106902004","name":"Alto da Glória"},"geometry":{"type":"Polygon","coordinates":[[[-49.2642,-25.42355],[-49.26522,-25.42313],[-49.26658,-25.42259],[-49.26668,-25.42255],[-49.26677,-25.42252],[-49.26683,-25.4225],[-49.26756,-25.42205],[-49.26777,-25.4218],[-49.26791,-25.42178],[-49.26783,-25.42157],[-49.26774,-25.42126],[-49.26751,-25.42042],[-49.26712,-25.41905],[-49.26702,-25.41906],[-49.26552,-25.41903],[-49.26561,-25.41776],[-49.26565,-25.41722],[-49.26562,-25.41696],[-49.26553,-25.41578],[-49.2655,-25.41427],[-49.26535,-25.4143],[-49.2652,-25.41436],[-49.26509,-25.41441],[-49.2649,-25.41453],[-49.26447,-25.41482],[-49.26367,-25.41546],[-49.2634,-25.41565],[-49.26261,-25.41478],[-49.26249,-25.41464],[-49.26244,-25.41468],[-49.26186,-25.41515],[-49.26118,-25.41567],[-49.26114,-25.41571],[-49.26111,-25.41574],[-49.26106,-25.41581],[-49.26045,-25.41625],[-49.26041,-25.41628],[-49.26021,-25.4164],[-49.25891,-25.41744],[-49.25873,-25.41742],[-49.25831,-25.41736],[-49.25772,-25.4184],[-49.25754,-25.41872],[-49.25712,-25.41943],[-49.25663,-25.42037],[-49.25603,-25.42137],[-49.25561,-25.42213],[-49.25563,-25.42227],[-49.25567,-25.42247],[-49.25586,-25.42261],[-49.25666,-25.42299],[-49.2573,-25.4233],[-49.25742,-25.42336],[-49.25976,-25.42473],[-49.2609,-25.42518],[-49.26192,-25.42562],[-49.26262,-25.42415],[-49.26417,-25.42356],[-49.2642,-25.42355]]]}},{"type":"Feature","properties":{"code":"4106902052","name":"Barreirinha"},"geometry":{"type":"Polygon","coordinates":[[[-49.26261,-25.37702],[-49.26266,-25.37688],[-49.26266,-25.37679],[-49.26266,-25.37672],[-49.26287,-25.37669],[-49.26295,-25.37668],[-49.2634,-25.37669],[-49.26383,-25.37676],[-49.26417,-25.37683],[-49.26427,-25.37686],[-49.26441,-25.3769],[-49.26459,-25.37705],[-49.2648,-25.37724],[-49.26562,-25.37647],[-49.26706,-25.37522],[-49.26764,-25.37431],[-49.26825,-25.37401],[-49.26831,-25.37391],[-49.2684,-25.37384],[-49.26827,-25.37363],[-49.26801,-25.37316],[-49.26725,-25.37253],[-49.26697,-25.37248],[-49.26689,-25.37234],[-49.26681,-25.37206],[-49.26673,-25.37197],[-49.26677,-25.37178],[-49.26675,-25.37164],[-49.26673,-25.37155],[-49.26672,-25.37142],[-49.26684,-25.37119],[-49.26692,-25.37096],[-49.26698,-25.37078],[-49.26707,-25.37062],[-49.267,-25.37047],[-49.26698,-25.3703],[-49.26705,-25.36995],[-49.26705,-25.36979],[-49.26711,-25.3696],[-49.26781,-25.36875],[-49.26694,-25.36821],[-49.26682,-25.36814],[-49.26706,-25.36784],[-49.26748,-25.36731],[-49.26776,-25.36698],[-49.26817,-25.36648],[-49.26883,-25.36564],[-49.26824,-25.36527],[-49.26832,-25.36499],[-49.26845,-25.36475],[-49.26844,-25.36464],[-49.26854,-25.36453],[-49.26854,-25.36438],[-49.26854,-25.36436],[-49.26848,-25.36432],[-49.26839,-25.36438],[-49.26837,-25.36452],[-49.26826,-25.36452],[-49.26823,-25.36439],[-49.26845,-25.36407],[-49.26839,-25.36399],[-49.26845,-25.36388],[-49.26854,-25.36384],[-49.26863,-25.36378],[-49.26863,-25.36363],[-49.26851,-25.36352],[-49.26841,-25.36352],[-49.26831,-25.36341],[-49.26842,-25.36326],[-49.26848,-25.3632],[-49.26839,-25.36314],[-49.26836,-25.36311],[-49.26837,-25.363],[-49.26835,-25.36291],[-49.26805,-25.36295],[-49.26836,-25.36255],[-49.26823,-25.36232],[-49.26822,-25.362],[-49.26826,-25.36155],[-49.26819,-25.36137],[-49.26803,-25.36138],[-49.26599,-25.3615],[-49.26389,-25.36167],[-49.26389,-25.36183],[-49.26372,-25.36223],[-49.26349,-25.36249],[-49.26312,-25.36287],[-49.26314,-25.36273],[-49.26315,-25.36259],[-49.2631,-25.3624],[-49.26308,-25.36235],[-49.26304,-25.36221],[-49.26303,-25.36214],[-49.26301,-25.36206],[-49.26299,-25.36194],[-49.26301,-25.36187],[-49.26302,-25.36178],[-49.26304,-25.36167],[-49.26305,-25.36162],[-49.26306,-25.36157],[-49.26307,-25.36151],[-49.26309,-25.36142],[-49.26063,-25.361],[-49.26066,-25.36014],[-49.25851,-25.35978],[-49.25814,-25.36011],[-49.25793,-25.36037],[-49.25773,-25.36089],[-49.25752,-25.36155],[-49.25739,-25.36228],[-49.25668,-25.36242],[-49.25595,-25.36256],[-49.25569,-25.36255],[-49.25518,-25.36258],[-49.25505,-25.36272],[-49.25505,-25.36282],[-49.25507,-25.3631],[-49.25473,-25.36333],[-49.25471,-25.36324],[-49.25467,-25.36309],[-49.25457,-25.3629],[-49.2545,-25.36284],[-49.2544,-25.36275],[-49.25432,-25.36268],[-49.25427,-25.36265],[-49.2542,-25.36259],[-49.25413,-25.36258],[-49.25395,-25.36254],[-49.25379,-25.36255],[-49.25341,-25.36257],[-49.25303,-25.36248],[-49.25296,-25.36244],[-49.25292,-25.36242],[-49.25236,-25.3621],[-49.25204,-25.36193],[-49.25187,-25.36181],[-49.25176,-25.36164],[-49.25173,-25.36147],[-49.25169,-25.3612],[-49.25163,-25.36101],[-49.25153,-25.3609],[-49.25136,-25.36081],[-49.25121,-25.36076],[-49.25076,-25.36059],[-49.25043,-25.36052],[-49.24968,-25.36051],[-49.24937,-25.36047],[-49.24928,-25.36042],[-49.24883,-25.3602],[-49.2487,-25.36018],[-49.24855,-25.36017],[-49.24833,-25.36024],[-49.24769,-25.36042],[-49.24821,-25.36164],[-49.24884,-25.36291],[-49.25017,-25.36467],[-49.2502,-25.36481],[-49.25021,-25.36497],[-49.25022,-25.36518],[-49.25043,-25.3676],[-49.25129,-25.36752],[-49.25215,-25.36744],[-49.25219,-25.36824],[-49.25214,-25.3687],[-49.25195,-25.36931],[-49.25184,-25.36947],[-49.2516,-25.36974],[-49.25119,-25.37005],[-49.25063,-25.36943],[-49.25044,-25.36926],[-49.2502,-25.36898],[-49.24979,-25.36856],[-49.24936,-25.36896],[-49.24885,-25.36947],[-49.24828,-25.37004],[-49.24774,-25.37057],[-49.24666,-25.37164],[-49.24659,-25.3717],[-49.25051,-25.37282],[-49.25084,-25.37289],[-49.2509,-25.37291],[-49.25118,-25.37299],[-49.25125,-25.37302],[-49.25162,-25.37312],[-49.25214,-25.37327],[-49.25265,-25.37341],[-49.25316,-25.37356],[-49.25298,-25.37401],[-49.25291,-25.37419],[-49.25235,-25.37431],[-49.25174,-25.3744],[-49.25117,-25.37454],[-49.25049,-25.37468],[-49.24999,-25.37532],[-49.24978,-25.37563],[-49.24962,-25.37592],[-49.24957,-25.376],[-49.25162,-25.3767],[-49.25298,-25.37716],[-49.25307,-25.37722],[-49.25323,-25.37732],[-49.25351,-25.37761],[-49.25381,-25.37798],[-49.25392,-25.3781],[-49.25453,-25.37857],[-49.25535,-25.37944],[-49.25627,-25.38041],[-49.25718,-25.38138],[-49.25784,-25.38208],[-49.25843,-25.3827],[-49.2589,-25.38322],[-49.25905,-25.38333],[-49.25924,-25.3834],[-49.25937,-25.38343],[-49.25953,-25.38355],[-49.25969,-25.38369],[-49.25988,-25.38387],[-49.26031,-25.38426],[-49.26049,-25.38443],[-49.26059,-25.38459],[-49.26069,-25.38475],[-49.26076,-25.38498],[-49.26081,-25.38521],[-49.26094,-25.38529],[-49.26164,-25.3857],[-49.26166,-25.38548],[-49.26166,-25.38524],[-49.26166,-25.38503],[-49.26166,-25.38465],[-49.26159,-25.38438],[-49.26162,-25.38417],[-49.26162,-25.3841],[-49.26168,-25.38345],[-49.2617,-25.38288],[-49.2617,-25.38281],[-49.26171,-25.38263],[-49.26167,-25.38239],[-49.26158,-25.38221],[-49.26154,-25.38209],[-49.26146,-25.38192],[-49.26136,-25.38163],[-49.26133,-25.38148],[-49.26131,-25.38139],[-49.26129,-25.38125],[-49.26131,-25.38108],[-49.26133,-25.38098],[-49.26133,-25.38077],[-49.26137,-25.38047],[-49.26146,-25.38025],[-49.26156,-25.38011],[-49.26166,-25.37997],[-49.26202,-25.3796],[-49.26237,-25.37922],[-49.26242,-25.37914],[-49.26245,-25.37908],[-49.26247,-25.37897],[-49.26247,-25.37887],[-49.26249,-25.37858],[-49.26251,-25.37832],[-49.26254,-25.37797],[-49.26254,-25.37785],[-49.26262,-25.37711],[-49.26261,-25.37702]]]}},{"type":"Feature","properties":{"code":"4106902047","name":"Cascatinha"},"geometry":{"type":"Polygon","coordinates":[[[-49.3131,-25.40773],[-49.31343,-25.40723],[-49.31368,-25.40534],[-49.31369,-25.40481],[-49.31366,-25.4044],[-49.31361,-25.4041],[-49.31348,-25.40382],[-49.31332,-25.40355],[-49.31299,-25.40313],[-49.31264,-25.40268],[-49.31249,-25.40256],[-49.31235,-25.40246],[-49.31213,-25.40229],[-49.31184,-25.40209],[-49.31141,-25.40179],[-49.31043,-25.40245],[-49.31025,-25.40253],[-49.30916,-25.40326],[-49.30842,-25.40387],[-49.30817,-25.40401],[-49.30756,-25.40413],[-49.30705,-25.40423],[-49.30676,-25.40433],[-49.30656,-25.40439],[-49.30635,-25.40451],[-49.3062,-25.40462],[-49.30608,-25.40477],[-49.30597,-25.40495],[-49.30591,-25.40508],[-49.30587,-25.40524],[-49.30584,-25.40541],[-49.3058,-25.4055],[-49.30567,-25.40555],[-49.30555,-25.40558],[-49.30551,-25.40549],[-49.30525,-25.40521],[-49.30511,-25.40491],[-49.30505,-25.40474],[-49.30494,-25.40437],[-49.30494,-25.4043],[-49.30488,-25.40426],[-49.30478,-25.40418],[-49.30461,-25.40407],[-49.30446,-25.40406],[-49.30425,-25.40416],[-49.30412,-25.40423],[-49.30392,-25.40428],[-49.30375,-25.40431],[-49.30364,-25.40433],[-49.30358,-25.40433],[-49.30347,-25.40432],[-49.30328,-25.40436],[-49.30306,-25.40441],[-49.30301,-25.40441],[-49.30293,-25.40441],[-49.30298,-25.40453],[-49.30299,-25.40465],[-49.303,-25.40479],[-49.30303,-25.40497],[-49.30296,-25.40512],[-49.30288,-25.40527],[-49.30283,-25.40545],[-49.30281,-25.40582],[-49.30286,-25.40611],[-49.30287,-25.40617],[-49.30297,-25.40642],[-49.30317,-25.40668],[-49.30349,-25.40696],[-49.30364,-25.40691],[-49.30376,-25.40694],[-49.30423,-25.40694],[-49.30466,-25.40697],[-49.30518,-25.40697],[-49.30561,-25.40699],[-49.30587,-25.40705],[-49.30612,-25.40709],[-49.30627,-25.4071],[-49.30646,-25.40708],[-49.30682,-25.40667],[-49.30717,-25.40683],[-49.30768,-25.40718],[-49.30702,-25.4078],[-49.30665,-25.40814],[-49.30647,-25.40838],[-49.30641,-25.40848],[-49.30639,-25.40865],[-49.30636,-25.40902],[-49.30636,-25.40921],[-49.30639,-25.40934],[-49.30635,-25.40977],[-49.30636,-25.40995],[-49.3065,-25.41006],[-49.30666,-25.41028],[-49.30686,-25.41051],[-49.307,-25.41075],[-49.30725,-25.41112],[-49.30746,-25.41149],[-49.30776,-25.41175],[-49.30811,-25.41204],[-49.30832,-25.41223],[-49.30853,-25.41244],[-49.3086,-25.41265],[-49.30859,-25.41287],[-49.30856,-25.41308],[-49.30839,-25.41333],[-49.30825,-25.4135],[-49.30808,-25.41373],[-49.30787,-25.41392],[-49.30748,-25.41428],[-49.30725,-25.41469],[-49.30726,-25.41493],[-49.30762,-25.41549],[-49.30809,-25.41629],[-49.30825,-25.4167],[-49.30848,-25.41734],[-49.30884,-25.41825],[-49.30875,-25.4187],[-49.30875,-25.41901],[-49.30852,-25.41948],[-49.30808,-25.42008],[-49.30724,-25.42148],[-49.30699,-25.42182],[-49.30679,-25.42226],[-49.30673,-25.42269],[-49.30677,-25.42313],[-49.30687,-25.42314],[-49.30705,-25.42314],[-49.30711,-25.42315],[-49.30737,-25.4232],[-49.30787,-25.42314],[-49.30836,-25.42308],[-49.30846,-25.42306],[-49.30913,-25.42292],[-49.30948,-25.42279],[-49.30956,-25.42276],[-49.30985,-25.42272],[-49.31062,-25.42273],[-49.31081,-25.42274],[-49.31136,-25.42271],[-49.31148,-25.42271],[-49.312,-25.42267],[-49.31217,-25.42272],[-49.31238,-25.42279],[-49.3126,-25.42288],[-49.31297,-25.42292],[-49.31361,-25.4229],[-49.31445,-25.42288],[-49.31547,-25.42285],[-49.31596,-25.42276],[-49.31651,-25.42265],[-49.31689,-25.42245],[-49.31726,-25.42236],[-49.31791,-25.42233],[-49.31942,-25.42242],[-49.31944,-25.42233],[-49.32058,-25.4156],[-49.32041,-25.41575],[-49.32003,-25.41633],[-49.31987,-25.41656],[-49.3197,-25.41678],[-49.31937,-25.41696],[-49.31813,-25.41619],[-49.31712,-25.41578],[-49.31636,-25.41546],[-49.31618,-25.41532],[-49.31605,-25.41485],[-49.31585,-25.41417],[-49.31576,-25.41393],[-49.31569,-25.41354],[-49.31566,-25.41334],[-49.31564,-25.41313],[-49.31564,-25.41308],[-49.31623,-25.41317],[-49.31656,-25.4132],[-49.31699,-25.41315],[-49.31738,-25.413],[-49.31814,-25.41271],[-49.3184,-25.41253],[-49.31825,-25.4124],[-49.3178,-25.41194],[-49.31756,-25.41171],[-49.3175,-25.41165],[-49.31745,-25.41149],[-49.31757,-25.41073],[-49.31756,-25.41038],[-49.31748,-25.41013],[-49.3174,-25.41004],[-49.31729,-25.40991],[-49.317,-25.40962],[-49.31688,-25.4095],[-49.31642,-25.40915],[-49.31619,-25.40903],[-49.31587,-25.40889],[-49.31566,-25.40878],[-49.31546,-25.40858],[-49.31527,-25.40835],[-49.3151,-25.40816],[-49.31495,-25.40809],[-49.31434,-25.4081],[-49.31386,-25.40808],[-49.31292,-25.40799],[-49.31296,-25.40793],[-49.3131,-25.40773]]]}},{"type":"Feature","properties":{"code":"4106902058","name":"Capão Raso"},"geometry":{"type":"Polygon","coordinates":[[[-49.28134,-25.50307],[-49.28162,-25.50344],[-49.28218,-25.50414],[-49.28244,-25.50444],[-49.28275,-25.50486],[-49.28364,-25.50601],[-49.28376,-25.50615],[-49.2848,-25.50743],[-49.28505,-25.50727],[-49.28629,-25.50642],[-49.2874,-25.5057],[-49.28817,-25.50516],[-49.28855,-25.50492],[-49.28895,-25.50468],[-49.28911,-25.50461],[-49.28956,-25.50445],[-49.28996,-25.50436],[-49.29043,-25.50434],[-49.29102,-25.50437],[-49.29258,-25.5046],[-49.2941,-25.50485],[-49.29415,-25.50486],[-49.29396,-25.50599],[-49.29396,-25.50601],[-49.29383,-25.50685],[-49.2938,-25.50705],[-49.29374,-25.50753],[-49.29374,-25.50771],[-49.29389,-25.50864],[-49.29402,-25.50946],[-49.29415,-25.51012],[-49.29433,-25.51115],[-49.29434,-25.51164],[-49.2943,-25.51176],[-49.29425,-25.51361],[-49.29425,-25.51369],[-49.2942,-25.51408],[-49.29381,-25.51515],[-49.29379,-25.51524],[-49.29366,-25.51562],[-49.29369,-25.51572],[-49.29373,-25.51595],[-49.29375,-25.51605],[-49.29389,-25.51671],[-49.29392,-25.51688],[-49.29567,-25.51688],[-49.29719,-25.51692],[-49.29895,-25.51697],[-49.30073,-25.517],[-49.30255,-25.51704],[-49.30434,-25.51704],[-49.30615,-25.51712],[-49.30791,-25.51715],[-49.30888,-25.51719],[-49.30973,-25.51719],[-49.31062,-25.51723],[-49.31067,-25.51723],[-49.31115,-25.51783],[-49.31199,-25.51754],[-49.31206,-25.51752],[-49.31195,-25.51762],[-49.31207,-25.51794],[-49.31193,-25.51808],[-49.3115,-25.51823],[-49.31083,-25.51851],[-49.31074,-25.51837],[-49.31049,-25.51847],[-49.31045,-25.51841],[-49.30953,-25.51878],[-49.30964,-25.51908],[-49.31062,-25.51867],[-49.31078,-25.51899],[-49.31095,-25.51931],[-49.31127,-25.51905],[-49.31189,-25.51827],[-49.31207,-25.51809],[-49.31265,-25.51752],[-49.31304,-25.51735],[-49.31322,-25.51723],[-49.31343,-25.51702],[-49.31366,-25.51679],[-49.31381,-25.51665],[-49.31365,-25.51659],[-49.31326,-25.51647],[-49.31322,-25.51644],[-49.31317,-25.51642],[-49.31292,-25.51615],[-49.31279,-25.51594],[-49.3127,-25.51567],[-49.31263,-25.51546],[-49.31241,-25.51494],[-49.31216,-25.51472],[-49.31204,-25.51471],[-49.31169,-25.51426],[-49.31164,-25.5141],[-49.31159,-25.51389],[-49.3115,-25.51355],[-49.31135,-25.51346],[-49.31119,-25.51343],[-49.3109,-25.5134],[-49.31067,-25.51326],[-49.31042,-25.51317],[-49.31031,-25.51297],[-49.31025,-25.51279],[-49.31025,-25.5126],[-49.31025,-25.5126],[-49.31002,-25.51245],[-49.30991,-25.51243],[-49.30986,-25.51242],[-49.3098,-25.51241],[-49.3098,-25.5122],[-49.30871,-25.51218],[-49.30826,-25.51217],[-49.30815,-25.51205],[-49.30798,-25.51183],[-49.30793,-25.51171],[-49.30784,-25.51154],[-49.30783,-25.51149],[-49.30773,-25.51127],[-49.30757,-25.51099],[-49.30739,-25.51035],[-49.30729,-25.50997],[-49.30711,-25.50976],[-49.30696,-25.50957],[-49.30673,-25.50934],[-49.30652,-25.50918],[-49.3064,-25.50904],[-49.30638,-25.50875],[-49.30639,-25.50869],[-49.30644,-25.50784],[-49.30644,-25.50781],[-49.30644,-25.50781],[-49.30642,-25.50722],[-49.30641,-25.50718],[-49.30663,-25.50656],[-49.30665,-25.50654],[-49.30669,-25.50647],[-49.30691,-25.50629],[-49.30695,-25.50623],[-49.30695,-25.50598],[-49.30697,-25.50572],[-49.30706,-25.50557],[-49.30704,-25.50539],[-49.30718,-25.50513],[-49.3072,-25.5049],[-49.30737,-25.50466],[-49.30742,-25.50444],[-49.30738,-25.50434],[-49.30737,-25.50427],[-49.30738,-25.50423],[-49.30739,-25.50418],[-49.3074,-25.50416],[-49.30743,-25.50412],[-49.30741,-25.50398],[-49.30739,-25.50388],[-49.30738,-25.50379],[-49.3074,-25.50375],[-49.30743,-25.5037],[-49.30747,-25.50366],[-49.30751,-25.50363],[-49.30754,-25.50361],[-49.30759,-25.5035],[-49.30764,-25.50331],[-49.30769,-25.50322],[-49.30771,-25.5032],[-49.30773,-25.50317],[-49.30773,-25.50297],[-49.30778,-25.50284],[-49.30787,-25.50259],[-49.30795,-25.50244],[-49.30804,-25.50212],[-49.30816,-25.5018],[-49.30819,-25.5017],[-49.30829,-25.50153],[-49.30842,-25.50136],[-49.3086,-25.50118],[-49.30863,-25.50105],[-49.30876,-25.50098],[-49.30896,-25.50095],[-49.30917,-25.50099],[-49.30923,-25.50101],[-49.30939,-25.50109],[-49.30953,-25.50119],[-49.30964,-25.50126],[-49.31069,-25.50125],[-49.31134,-25.49986],[-49.31093,-25.4996],[-49.30928,-25.49856],[-49.30863,-25.49815],[-49.30833,-25.49813],[-49.30753,-25.49813],[-49.30747,-25.49813],[-49.3072,-25.49813],[-49.30651,-25.49803],[-49.30592,-25.49793],[-49.30556,-25.49787],[-49.30468,-25.49773],[-49.30371,-25.4975],[-49.30313,-25.4974],[-49.30301,-25.49738],[-49.30272,-25.49739],[-49.30241,-25.49748],[-49.30159,-25.49774],[-49.30098,-25.49793],[-49.30015,-25.49816],[-49.29981,-25.49817],[-49.29954,-25.49812],[-49.29927,-25.49788],[-49.2988,-25.49741],[-49.2987,-25.49735],[-49.29855,-25.49731],[-49.29813,-25.49716],[-49.29809,-25.49715],[-49.29695,-25.49681],[-49.29639,-25.49662],[-49.296,-25.49638],[-49.29513,-25.49591],[-49.29424,-25.49514],[-49.29415,-25.49496],[-49.2941,-25.49486],[-49.29397,-25.49459],[-49.29392,-25.49435],[-49.29377,-25.49433],[-49.29368,-25.49436],[-49.29225,-25.49503],[-49.29179,-25.49526],[-49.29165,-25.49532],[-49.29133,-25.49514],[-49.29105,-25.49498],[-49.29074,-25.49486],[-49.28838,-25.49419],[-49.28809,-25.49444],[-49.28776,-25.49475],[-49.28751,-25.49484],[-49.28721,-25.49497],[-49.287,-25.49498],[-49.28677,-25.49493],[-49.28654,-25.49487],[-49.28629,-25.49478],[-49.28615,-25.49474],[-49.28599,-25.49468],[-49.28582,-25.49468],[-49.2849,-25.49468],[-49.28464,-25.49468],[-49.28394,-25.49465],[-49.28381,-25.49465],[-49.28375,-25.49465],[-49.2836,-25.49464],[-49.28192,-25.49449],[-49.2815,-25.49443],[-49.28124,-25.49441],[-49.28097,-25.49442],[-49.27973,-25.49463],[-49.27933,-25.49469],[-49.2792,-25.49471],[-49.2787,-25.49485],[-49.27834,-25.49497],[-49.27802,-25.49508],[-49.27728,-25.49533],[-49.27712,-25.49539],[-49.27663,-25.49556],[-49.27621,-25.4957],[-49.27556,-25.49591],[-49.27774,-25.49858],[-49.27825,-25.49921],[-49.27851,-25.49952],[-49.27879,-25.49987],[-49.27924,-25.50042],[-49.28001,-25.50141],[-49.28002,-25.50143],[-49.28077,-25.50233],[-49.28134,-25.50307]]]}},{"type":"Feature","properties":{"code":"4106902067","name":"São Miguel"},"geometry":{"type":"Polygon","coordinates":[[[-49.35217,-25.50176],[-49.3522,-25.50261],[-49.35166,-25.50303],[-49.35095,-25.50344],[-49.35054,-25.50325],[-49.34985,-25.50331],[-49.3497,-25.50334],[-49.34984,-25.5035],[-49.34993,-25.50358],[-49.35027,-25.50349],[-49.35051,-25.50374],[-49.35024,-25.50389],[-49.35086,-25.50503],[-49.35096,-25.50525],[-49.35124,-25.50589],[-49.35182,-25.50568],[-49.35219,-25.50571],[-49.35261,-25.50557],[-49.35301,-25.50535],[-49.35338,-25.50537],[-49.35374,-25.50544],[-49.35408,-25.50607],[-49.3535,-25.5063],[-49.35323,-25.50636],[-49.35304,-25.50636],[-49.35275,-25.5065],[-49.35265,-25.50647],[-49.35204,-25.50669],[-49.35218,-25.50708],[-49.35225,-25.50738],[-49.3524,-25.50757],[-49.35283,-25.50784],[-49.35197,-25.50869],[-49.35217,-25.50882],[-49.35284,-25.50924],[-49.35297,-25.50935],[-49.3531,-25.50947],[-49.35298,-25.50965],[-49.35294,-25.50973],[-49.35291,-25.50982],[-49.35289,-25.51003],[-49.35295,-25.51041],[-49.35297,-25.51062],[-49.35287,-25.51085],[-49.35272,-25.51109],[-49.3523,-25.51183],[-49.35216,-25.51213],[-49.35203,-25.51246],[-49.35189,-25.51283],[-49.35182,-25.51307],[-49.35153,-25.51343],[-49.35073,-25.5142],[-49.3507,-25.51442],[-49.35072,-25.51481],[-49.35075,-25.51504],[-49.35081,-25.51541],[-49.35095,-25.51593],[-49.35047,-25.51646],[-49.35003,-25.51677],[-49.34833,-25.51688],[-49.34802,-25.51694],[-49.34788,-25.51687],[-49.34777,-25.51702],[-49.3478,-25.51712],[-49.34789,-25.51726],[-49.34811,-25.5175],[-49.34816,-25.51757],[-49.34833,-25.51775],[-49.34843,-25.51786],[-49.34868,-25.51814],[-49.34901,-25.51846],[-49.34925,-25.51869],[-49.34945,-25.51864],[-49.34962,-25.51854],[-49.34988,-25.51855],[-49.35006,-25.51847],[-49.3502,-25.51841],[-49.3498,-25.51807],[-49.35018,-25.51785],[-49.35027,-25.51787],[-49.35034,-25.51792],[-49.35063,-25.51777],[-49.35097,-25.518],[-49.35073,-25.51814],[-49.3507,-25.51834],[-49.35086,-25.51842],[-49.35138,-25.5184],[-49.35169,-25.5183],[-49.35196,-25.51832],[-49.35235,-25.51854],[-49.35284,-25.51862],[-49.35292,-25.51861],[-49.35301,-25.51904],[-49.3532,-25.51989],[-49.35346,-25.52022],[-49.35347,-25.52023],[-49.35515,-25.52022],[-49.35534,-25.52022],[-49.35768,-25.52021],[-49.35806,-25.52021],[-49.35843,-25.52021],[-49.35901,-25.52021],[-49.36016,-25.51869],[-49.36067,-25.51837],[-49.36148,-25.51788],[-49.36192,-25.51809],[-49.36223,-25.5179],[-49.36261,-25.51765],[-49.36342,-25.51774],[-49.36393,-25.51761],[-49.36405,-25.51758],[-49.36451,-25.51777],[-49.36557,-25.51819],[-49.36632,-25.51812],[-49.36734,-25.51801],[-49.36902,-25.51713],[-49.36966,-25.51644],[-49.37048,-25.51592],[-49.3717,-25.51554],[-49.37335,-25.51428],[-49.37446,-25.51342],[-49.37272,-25.51253],[-49.37296,-25.51225],[-49.374,-25.51107],[-49.3744,-25.50924],[-49.3743,-25.50854],[-49.37386,-25.50777],[-49.37415,-25.50691],[-49.37397,-25.50649],[-49.37436,-25.50412],[-49.37387,-25.50338],[-49.37375,-25.50285],[-49.373,-25.50245],[-49.3728,-25.50196],[-49.37266,-25.50164],[-49.37212,-25.50159],[-49.3722,-25.50117],[-49.37187,-25.50054],[-49.37255,-25.49999],[-49.37245,-25.49904],[-49.3721,-25.49856],[-49.37226,-25.49761],[-49.37208,-25.497],[-49.37271,-25.49659],[-49.37251,-25.4961],[-49.37306,-25.49637],[-49.37323,-25.49621],[-49.37337,-25.49526],[-49.37359,-25.49531],[-49.3747,-25.49482],[-49.37478,-25.49368],[-49.37512,-25.49346],[-49.37602,-25.49355],[-49.37714,-25.49343],[-49.37954,-25.49245],[-49.37954,-25.49215],[-49.37868,-25.49166],[-49.3787,-25.49152],[-49.37952,-25.49152],[-49.37912,-25.49035],[-49.37898,-25.49025],[-49.37843,-25.48964],[-49.37797,-25.48963],[-49.37749,-25.48963],[-49.37718,-25.48944],[-49.37657,-25.48885],[-49.3761,-25.48881],[-49.37527,-25.48815],[-49.37503,-25.48796],[-49.37481,-25.48779],[-49.37455,-25.48765],[-49.37413,-25.48749],[-49.37326,-25.4871],[-49.37291,-25.48667],[-49.37269,-25.48632],[-49.37251,-25.48659],[-49.37239,-25.48671],[-49.37223,-25.48684],[-49.37188,-25.48705],[-49.37155,-25.48718],[-49.37106,-25.48733],[-49.37062,-25.48743],[-49.37025,-25.48764],[-49.37006,-25.48778],[-49.36997,-25.48783],[-49.36978,-25.48793],[-49.36968,-25.48795],[-49.3695,-25.48786],[-49.36929,-25.48779],[-49.3692,-25.48775],[-49.36911,-25.48773],[-49.36882,-25.48768],[-49.3685,-25.48767],[-49.3681,-25.48772],[-49.36781,-25.48781],[-49.36755,-25.48786],[-49.36726,-25.48793],[-49.3667,-25.48812],[-49.36597,-25.48844],[-49.36571,-25.48847],[-49.36536,-25.4886],[-49.36485,-25.48889],[-49.36447,-25.48913],[-49.36422,-25.48933],[-49.36406,-25.48943],[-49.36392,-25.48955],[-49.36373,-25.48962],[-49.36356,-25.4897],[-49.3633,-25.48976],[-49.36303,-25.48978],[-49.36278,-25.48982],[-49.36257,-25.48984],[-49.36247,-25.48985],[-49.36231,-25.48987],[-49.36211,-25.48994],[-49.36196,-25.48996],[-49.36148,-25.49004],[-49.36133,-25.49012],[-49.36116,-25.49027],[-49.36096,-25.49048],[-49.36087,-25.49061],[-49.36078,-25.49083],[-49.36074,-25.49105],[-49.36071,-25.49124],[-49.36064,-25.49144],[-49.36058,-25.49155],[-49.36051,-25.49164],[-49.3587,-25.49175],[-49.35645,-25.49183],[-49.35634,-25.49165],[-49.35605,-25.49106],[-49.3559,-25.49075],[-49.35559,-25.49005],[-49.35505,-25.48881],[-49.35481,-25.48834],[-49.35476,-25.48819],[-49.35474,-25.48806],[-49.35407,-25.48965],[-49.35391,-25.49003],[-49.35374,-25.49049],[-49.35361,-25.4908],[-49.35345,-25.49123],[-49.35341,-25.49133],[-49.35331,-25.49158],[-49.35323,-25.49179],[-49.35303,-25.49231],[-49.353,-25.49241],[-49.35276,-25.49303],[-49.35255,-25.49364],[-49.35217,-25.49465],[-49.35203,-25.49502],[-49.35175,-25.49572],[-49.3515,-25.49637],[-49.35134,-25.49674],[-49.35117,-25.4971],[-49.35074,-25.4981],[-49.35088,-25.4981],[-49.35104,-25.4981],[-49.35122,-25.4981],[-49.3516,-25.49812],[-49.3517,-25.49813],[-49.35175,-25.49823],[-49.35184,-25.49866],[-49.3519,-25.49909],[-49.35195,-25.49952],[-49.35148,-25.49991],[-49.35139,-25.49996],[-49.35129,-25.50001],[-49.35117,-25.50001],[-49.35096,-25.49993],[-49.3507,-25.49973],[-49.35033,-25.4994],[-49.35016,-25.49931],[-49.34984,-25.49926],[-49.34967,-25.49922],[-49.3492,-25.4992],[-49.3488,-25.49918],[-49.34833,-25.49908],[-49.3481,-25.49902],[-49.34774,-25.49888],[-49.34747,-25.49879],[-49.3471,-25.49876],[-49.34664,-25.49873],[-49.3465,-25.49873],[-49.34673,-25.49917],[-49.34682,-25.49925],[-49.3475,-25.49965],[-49.34768,-25.49977],[-49.34786,-25.50011],[-49.34813,-25.50065],[-49.34841,-25.50118],[-49.34873,-25.5018],[-49.34904,-25.50168],[-49.35009,-25.5017],[-49.35063,-25.50172],[-49.3511,-25.50173],[-49.35162,-25.50175],[-49.35217,-25.50176]]]}},{"type":"Feature","properties":{"code":"4106902068","name":"Augusta"},"geometry":{"type":"Polygon","coordinates":[[[-49.37269,-25.48632],[-49.37291,-25.48667],[-49.37326,-25.4871],[-49.37413,-25.48749],[-49.37455,-25.48765],[-49.37481,-25.48779],[-49.37503,-25.48796],[-49.37527,-25.48815],[-49.3761,-25.48881],[-49.37657,-25.48885],[-49.37718,-25.48944],[-49.37749,-25.48963],[-49.37797,-25.48963],[-49.37843,-25.48964],[-49.37898,-25.49025],[-49.37912,-25.49035],[-49.37911,-25.49031],[-49.38003,-25.48977],[-49.38007,-25.4894],[-49.38086,-25.48916],[-49.38107,-25.48886],[-49.38092,-25.48843],[-49.3797,-25.48764],[-49.37928,-25.48693],[-49.37974,-25.487],[-49.38014,-25.48739],[-49.38062,-25.48746],[-49.3811,-25.48778],[-49.38128,-25.48774],[-49.38134,-25.48745],[-49.38103,-25.48716],[-49.38182,-25.48629],[-49.38342,-25.48584],[-49.38363,-25.48516],[-49.38361,-25.48347],[-49.38393,-25.48314],[-49.38482,-25.48273],[-49.38455,-25.48226],[-49.38374,-25.48232],[-49.38339,-25.48189],[-49.38389,-25.48107],[-49.38419,-25.47989],[-49.3841,-25.47963],[-49.38343,-25.47959],[-49.38272,-25.47796],[-49.38201,-25.47816],[-49.38192,-25.47788],[-49.38208,-25.47746],[-49.38397,-25.47639],[-49.38291,-25.47591],[-49.38295,-25.47551],[-49.38322,-25.47543],[-49.38363,-25.47562],[-49.38441,-25.47532],[-49.38429,-25.47512],[-49.38375,-25.47498],[-49.38397,-25.47426],[-49.38454,-25.47401],[-49.38457,-25.47358],[-49.38425,-25.47334],[-49.38405,-25.47239],[-49.38364,-25.4725],[-49.38357,-25.4723],[-49.38381,-25.47198],[-49.38473,-25.47145],[-49.38459,-25.47114],[-49.38388,-25.47072],[-49.38412,-25.47037],[-49.38473,-25.47011],[-49.38468,-25.46971],[-49.38428,-25.46952],[-49.38333,-25.46989],[-49.38257,-25.46945],[-49.38231,-25.4689],[-49.3827,-25.46854],[-49.38285,-25.46859],[-49.38328,-25.46876],[-49.38376,-25.46805],[-49.38477,-25.46781],[-49.38545,-25.46681],[-49.38499,-25.46669],[-49.38479,-25.46625],[-49.38433,-25.46592],[-49.38461,-25.46556],[-49.38503,-25.46566],[-49.38502,-25.46516],[-49.38596,-25.465],[-49.38558,-25.46475],[-49.38538,-25.46432],[-49.38495,-25.46458],[-49.38475,-25.46454],[-49.38472,-25.4643],[-49.38511,-25.46377],[-49.38572,-25.46366],[-49.38637,-25.46377],[-49.38645,-25.46341],[-49.38599,-25.46327],[-49.38624,-25.46263],[-49.3857,-25.46233],[-49.38614,-25.46178],[-49.38476,-25.46143],[-49.38369,-25.46086],[-49.38302,-25.45933],[-49.38361,-25.45856],[-49.3836,-25.45831],[-49.38318,-25.45794],[-49.38255,-25.4579],[-49.38258,-25.45713],[-49.38169,-25.4561],[-49.38173,-25.45604],[-49.38174,-25.45603],[-49.38178,-25.45598],[-49.38262,-25.45652],[-49.38305,-25.45623],[-49.38364,-25.4562],[-49.38319,-25.45549],[-49.38334,-25.45494],[-49.38276,-25.45432],[-49.38197,-25.45416],[-49.38174,-25.45369],[-49.38182,-25.45324],[-49.38146,-25.4526],[-49.38158,-25.45234],[-49.38184,-25.45237],[-49.38269,-25.45297],[-49.38373,-25.45274],[-49.38373,-25.45273],[-49.38377,-25.45241],[-49.38294,-25.45247],[-49.38263,-25.45233],[-49.3827,-25.45157],[-49.38339,-25.4516],[-49.38366,-25.45144],[-49.38346,-25.45091],[-49.38379,-25.45084],[-49.38299,-25.45052],[-49.38335,-25.45033],[-49.38353,-25.44987],[-49.38413,-25.45002],[-49.3843,-25.44992],[-49.38374,-25.44945],[-49.38448,-25.44875],[-49.38433,-25.4479],[-49.38517,-25.44792],[-49.38558,-25.44812],[-49.38543,-25.44777],[-49.38569,-25.4474],[-49.38702,-25.447],[-49.38704,-25.44668],[-49.3863,-25.44679],[-49.38611,-25.44658],[-49.38639,-25.44631],[-49.38656,-25.44561],[-49.38618,-25.44527],[-49.38622,-25.44506],[-49.3869,-25.44471],[-49.38701,-25.44447],[-49.38725,-25.44397],[-49.38831,-25.44357],[-49.38607,-25.44357],[-49.38601,-25.44358],[-49.3847,-25.44359],[-49.38444,-25.44362],[-49.38426,-25.44367],[-49.38415,-25.44376],[-49.38399,-25.44392],[-49.38389,-25.44406],[-49.38374,-25.44417],[-49.38364,-25.44421],[-49.38345,-25.44422],[-49.38336,-25.44422],[-49.38326,-25.4442],[-49.38309,-25.44413],[-49.38297,-25.44409],[-49.38289,-25.44407],[-49.38279,-25.44408],[-49.38266,-25.44412],[-49.38248,-25.4442],[-49.38245,-25.44424],[-49.38244,-25.44432],[-49.38246,-25.44443],[-49.38249,-25.44449],[-49.38254,-25.44461],[-49.38252,-25.44511],[-49.38249,-25.44519],[-49.38245,-25.44526],[-49.38237,-25.44528],[-49.38233,-25.44531],[-49.38223,-25.44531],[-49.38217,-25.44531],[-49.38211,-25.44531],[-49.38205,-25.44529],[-49.38198,-25.44526],[-49.38193,-25.44521],[-49.38185,-25.44516],[-49.38174,-25.44512],[-49.38165,-25.44511],[-49.38156,-25.44508],[-49.38146,-25.44504],[-49.38139,-25.44498],[-49.38131,-25.44492],[-49.38122,-25.44485],[-49.38117,-25.44478],[-49.38111,-25.44473],[-49.38107,-25.44471],[-49.38102,-25.44468],[-49.38085,-25.44462],[-49.38059,-25.44455],[-49.37951,-25.44428],[-49.37917,-25.4442],[-49.37901,-25.44418],[-49.37887,-25.44419],[-49.37876,-25.44429],[-49.37849,-25.44456],[-49.37768,-25.44509],[-49.37747,-25.4452],[-49.37708,-25.44532],[-49.37691,-25.44535],[-49.37684,-25.44536],[-49.3762,-25.44543],[-49.37401,-25.44583],[-49.37427,-25.45318],[-49.37426,-25.4535],[-49.37397,-25.45414],[-49.37394,-25.45442],[-49.37373,-25.45572],[-49.37369,-25.45593],[-49.37364,-25.45604],[-49.37365,-25.45605],[-49.37379,-25.45613],[-49.37384,-25.45739],[-49.37376,-25.45756],[-49.37369,-25.45773],[-49.37368,-25.45783],[-49.37367,-25.45834],[-49.3737,-25.45847],[-49.37375,-25.45854],[-49.37385,-25.45863],[-49.37438,-25.4589],[-49.37442,-25.45897],[-49.37427,-25.45975],[-49.37356,-25.46059],[-49.37325,-25.4609],[-49.3731,-25.46107],[-49.37294,-25.46129],[-49.37282,-25.46154],[-49.37257,-25.46209],[-49.37251,-25.46222],[-49.37233,-25.46235],[-49.37194,-25.46257],[-49.37173,-25.46268],[-49.37158,-25.4628],[-49.37145,-25.46292],[-49.37122,-25.46322],[-49.37085,-25.46348],[-49.37045,-25.46379],[-49.37007,-25.46405],[-49.36987,-25.46421],[-49.36964,-25.46434],[-49.36947,-25.46444],[-49.36931,-25.46448],[-49.3692,-25.46435],[-49.36891,-25.46418],[-49.36857,-25.46397],[-49.36816,-25.46368],[-49.36801,-25.46355],[-49.36797,-25.46351],[-49.36782,-25.46337],[-49.36765,-25.46321],[-49.3675,-25.46307],[-49.36726,-25.46284],[-49.36685,-25.46261],[-49.36655,-25.46247],[-49.36625,-25.46236],[-49.3659,-25.46225],[-49.36574,-25.46221],[-49.36546,-25.46259],[-49.36495,-25.46329],[-49.36442,-25.46406],[-49.36379,-25.46479],[-49.36358,-25.46508],[-49.36316,-25.46547],[-49.36281,-25.46572],[-49.36247,-25.46583],[-49.36247,-25.46583],[-49.36242,-25.46595],[-49.36234,-25.46605],[-49.36145,-25.46659],[-49.36134,-25.46676],[-49.36131,-25.46713],[-49.36133,-25.46742],[-49.36138,-25.46764],[-49.3616,-25.46806],[-49.36162,-25.46828],[-49.36161,-25.46856],[-49.3613,-25.46973],[-49.3613,-25.46998],[-49.36134,-25.47018],[-49.36139,-25.47039],[-49.36148,-25.47059],[-49.36159,-25.47077],[-49.36178,-25.47098],[-49.36193,-25.47112],[-49.36235,-25.4714],[-49.3624,-25.47147],[-49.36242,-25.47159],[-49.36238,-25.47168],[-49.36221,-25.47195],[-49.36193,-25.47223],[-49.36176,-25.47235],[-49.3616,-25.47245],[-49.36072,-25.47307],[-49.36029,-25.47336],[-49.36001,-25.47367],[-49.35977,-25.47389],[-49.35932,-25.47439],[-49.35915,-25.47457],[-49.35905,-25.47474],[-49.359,-25.47489],[-49.35899,-25.47508],[-49.359,-25.47552],[-49.35905,-25.47597],[-49.35909,-25.47648],[-49.35926,-25.47729],[-49.35926,-25.47754],[-49.35921,-25.47773],[-49.35899,-25.47796],[-49.35869,-25.47815],[-49.35833,-25.47824],[-49.35807,-25.47824],[-49.35703,-25.4782],[-49.35681,-25.47826],[-49.35668,-25.47833],[-49.35639,-25.47851],[-49.35621,-25.47868],[-49.35588,-25.47902],[-49.35553,-25.47935],[-49.3552,-25.47965],[-49.35488,-25.47991],[-49.35537,-25.48008],[-49.35556,-25.48007],[-49.35568,-25.48012],[-49.35579,-25.48024],[-49.35581,-25.48034],[-49.35579,-25.48046],[-49.35576,-25.48063],[-49.35567,-25.48082],[-49.35566,-25.48094],[-49.35563,-25.48114],[-49.35565,-25.48124],[-49.35571,-25.48139],[-49.35574,-25.48146],[-49.35575,-25.48154],[-49.35577,-25.4816],[-49.35582,-25.48168],[-49.35585,-25.48174],[-49.35586,-25.48188],[-49.35583,-25.48204],[-49.35576,-25.48225],[-49.35573,-25.48234],[-49.35559,-25.48266],[-49.35549,-25.48296],[-49.35535,-25.48342],[-49.35532,-25.48351],[-49.35519,-25.48411],[-49.35517,-25.48435],[-49.35522,-25.48448],[-49.35535,-25.48469],[-49.35545,-25.48478],[-49.35552,-25.48486],[-49.35562,-25.48503],[-49.3558,-25.48535],[-49.35592,-25.48553],[-49.3561,-25.48577],[-49.35615,-25.48581],[-49.35612,-25.48591],[-49.35601,-25.48605],[-49.35556,-25.48656],[-49.35518,-25.48689],[-49.355,-25.48703],[-49.355,-25.48719],[-49.35496,-25.48735],[-49.35491,-25.48755],[-49.35483,-25.48769],[-49.35474,-25.48806],[-49.35476,-25.48819],[-49.35481,-25.48834],[-49.35505,-25.48881],[-49.35559,-25.49005],[-49.3559,-25.49075],[-49.35605,-25.49106],[-49.35634,-25.49165],[-49.35645,-25.49183],[-49.3587,-25.49175],[-49.36051,-25.49164],[-49.36058,-25.49155],[-49.36064,-25.49144],[-49.36071,-25.49124],[-49.36074,-25.49105],[-49.36078,-25.49083],[-49.36087,-25.49061],[-49.36096,-25.49048],[-49.36116,-25.49027],[-49.36133,-25.49012],[-49.36148,-25.49004],[-49.36196,-25.48996],[-49.36211,-25.48994],[-49.36231,-25.48987],[-49.36247,-25.48985],[-49.36257,-25.48984],[-49.36278,-25.48982],[-49.36303,-25.48978],[-49.3633,-25.48976],[-49.36356,-25.4897],[-49.36373,-25.48962],[-49.36392,-25.48955],[-49.36406,-25.48943],[-49.36422,-25.48933],[-49.36447,-25.48913],[-49.36485,-25.48889],[-49.36536,-25.4886],[-49.36571,-25.48847],[-49.36597,-25.48844],[-49.3667,-25.48812],[-49.36726,-25.48793],[-49.36755,-25.48786],[-49.36781,-25.48781],[-49.3681,-25.48772],[-49.3685,-25.48767],[-49.36882,-25.48768],[-49.36911,-25.48773],[-49.3692,-25.48775],[-49.36929,-25.48779],[-49.3695,-25.48786],[-49.36968,-25.48795],[-49.36978,-25.48793],[-49.36997,-25.48783],[-49.37006,-25.48778],[-49.37025,-25.48764],[-49.37062,-25.48743],[-49.37106,-25.48733],[-49.37155,-25.48718],[-49.37188,-25.48705],[-49.37223,-25.48684],[-49.37239,-25.48671],[-49.37251,-25.48659],[-49.37269,-25.48632]]]}},{"type":"Feature","properties":{"code":"4106902072","name":"Ganchinho"},"geometry":{"type":"Polygon","coordinates":[[[-49.25292,-25.55542],[-49.2528,-25.55529],[-49.25266,-25.55515],[-49.25249,-25.55497],[-49.25233,-25.55482],[-49.25195,-25.55443],[-49.25194,-25.55442],[-49.25179,-25.55427],[-49.25171,-25.55419],[-49.25097,-25.5534],[-49.25071,-25.55311],[-49.25052,-25.55293],[-49.25039,-25.5528],[-49.24995,-25.55238],[-49.24985,-25.55228],[-49.24962,-25.55205],[-49.24956,-25.55199],[-49.24923,-25.55165],[-49.24897,-25.55139],[-49.24841,-25.55084],[-49.24826,-25.55069],[-49.24823,-25.55065],[-49.24796,-25.55038],[-49.24764,-25.55005],[-49.24729,-25.54969],[-49.24693,-25.54936],[-49.24675,-25.54916],[-49.2466,-25.54902],[-49.24624,-25.54868],[-49.24585,-25.54831],[-49.2457,-25.54814],[-49.24567,-25.5481],[-49.2456,-25.54807],[-49.24507,-25.54942],[-49.24408,-25.55214],[-49.24363,-25.55308],[-49.24356,-25.55325],[-49.24337,-25.55371],[-49.24327,-25.55399],[-49.24332,-25.55443],[-49.24337,-25.55488],[-49.24338,-25.55494],[-49.24339,-25.55503],[-49.2436,-25.55563],[-49.24358,-25.55623],[-49.24333,-25.55691],[-49.24333,-25.55692],[-49.24287,-25.55801],[-49.24256,-25.5588],[-49.2425,-25.55901],[-49.24255,-25.55946],[-49.24277,-25.5598],[-49.24294,-25.56036],[-49.24298,-25.5607],[-49.24301,-25.56115],[-49.24292,-25.56169],[-49.24084,-25.56505],[-49.23969,-25.56651],[-49.23954,-25.56671],[-49.2394,-25.56685],[-49.23946,-25.56693],[-49.24031,-25.56814],[-49.24218,-25.57082],[-49.24453,-25.57381],[-49.24482,-25.57418],[-49.24523,-25.57505],[-49.245,-25.57649],[-49.24327,-25.58],[-49.2428,-25.58235],[-49.24194,-25.58304],[-49.24195,-25.5835],[-49.24237,-25.58384],[-49.24275,-25.58385],[-49.24334,-25.58299],[-49.24382,-25.58286],[-49.24427,-25.583],[-49.24487,-25.58371],[-49.24567,-25.5839],[-49.24558,-25.58441],[-49.24505,-25.58477],[-49.24368,-25.5848],[-49.24322,-25.58527],[-49.24321,-25.58591],[-49.24451,-25.58681],[-49.24755,-25.58688],[-49.24831,-25.58721],[-49.24999,-25.5875],[-49.25033,-25.58796],[-49.25048,-25.58934],[-49.25081,-25.58971],[-49.25078,-25.59003],[-49.25013,-25.59009],[-49.25004,-25.59056],[-49.25094,-25.59129],[-49.2508,-25.59166],[-49.24992,-25.5919],[-49.24981,-25.59246],[-49.25002,-25.59292],[-49.25038,-25.59313],[-49.25164,-25.59242],[-49.25266,-25.59215],[-49.25281,-25.59114],[-49.25327,-25.59083],[-49.25439,-25.59066],[-49.25441,-25.59067],[-49.25498,-25.59096],[-49.25564,-25.59162],[-49.25564,-25.59181],[-49.25498,-25.59223],[-49.25349,-25.59246],[-49.25325,-25.59283],[-49.25387,-25.59311],[-49.2561,-25.59314],[-49.25681,-25.59296],[-49.2576,-25.59317],[-49.2583,-25.59398],[-49.25757,-25.59697],[-49.25777,-25.59735],[-49.25881,-25.59736],[-49.25903,-25.59742],[-49.25992,-25.59768],[-49.26056,-25.59826],[-49.26103,-25.59904],[-49.26147,-25.59924],[-49.26284,-25.59988],[-49.2644,-25.60035],[-49.26609,-25.60144],[-49.26815,-25.60332],[-49.26917,-25.6035],[-49.26933,-25.60352],[-49.26999,-25.60244],[-49.27076,-25.60248],[-49.27075,-25.60205],[-49.27094,-25.60153],[-49.27096,-25.60142],[-49.27092,-25.60128],[-49.27087,-25.60122],[-49.27081,-25.60111],[-49.27077,-25.60096],[-49.27079,-25.60054],[-49.27063,-25.6002],[-49.27062,-25.59989],[-49.27069,-25.59963],[-49.27068,-25.59931],[-49.27074,-25.59899],[-49.27059,-25.59878],[-49.27057,-25.59863],[-49.27059,-25.59845],[-49.27061,-25.59825],[-49.27055,-25.59819],[-49.27046,-25.59816],[-49.27033,-25.59814],[-49.27024,-25.5981],[-49.2702,-25.59803],[-49.2702,-25.59793],[-49.27022,-25.59784],[-49.27027,-25.59773],[-49.27041,-25.59761],[-49.2705,-25.59754],[-49.27054,-25.59745],[-49.27048,-25.59736],[-49.27036,-25.59731],[-49.27022,-25.59726],[-49.27011,-25.59719],[-49.27003,-25.5971],[-49.26999,-25.59702],[-49.26999,-25.59691],[-49.26996,-25.59679],[-49.26993,-25.59661],[-49.26992,-25.59647],[-49.26991,-25.59624],[-49.26994,-25.59599],[-49.26992,-25.59582],[-49.26999,-25.59566],[-49.27013,-25.59558],[-49.27019,-25.5955],[-49.27029,-25.59538],[-49.27044,-25.59541],[-49.27058,-25.59547],[-49.27068,-25.59545],[-49.27073,-25.59532],[-49.27077,-25.59519],[-49.2708,-25.59516],[-49.27088,-25.59516],[-49.27093,-25.59514],[-49.271,-25.59505],[-49.27104,-25.59498],[-49.27108,-25.59496],[-49.27116,-25.59495],[-49.27121,-25.59493],[-49.27129,-25.59487],[-49.27137,-25.59474],[-49.27151,-25.59463],[-49.27157,-25.59455],[-49.27167,-25.59439],[-49.27169,-25.59434],[-49.27169,-25.59431],[-49.27171,-25.59407],[-49.27172,-25.594],[-49.27172,-25.59391],[-49.27173,-25.59375],[-49.27173,-25.59368],[-49.27173,-25.59352],[-49.27171,-25.59348],[-49.27167,-25.59345],[-49.27164,-25.59342],[-49.27164,-25.59336],[-49.27167,-25.5933],[-49.2717,-25.59324],[-49.27171,-25.59317],[-49.27172,-25.59305],[-49.27172,-25.5929],[-49.2717,-25.59282],[-49.27169,-25.59275],[-49.27168,-25.59259],[-49.27166,-25.59246],[-49.27165,-25.59223],[-49.27166,-25.59216],[-49.2717,-25.5921],[-49.27173,-25.59202],[-49.27175,-25.59191],[-49.27178,-25.59185],[-49.27179,-25.59177],[-49.27178,-25.59168],[-49.27176,-25.59159],[-49.27175,-25.59145],[-49.27174,-25.5914],[-49.2717,-25.59135],[-49.27165,-25.59128],[-49.2716,-25.59121],[-49.27154,-25.59116],[-49.27146,-25.5911],[-49.27138,-25.59106],[-49.2713,-25.59104],[-49.27123,-25.591],[-49.27116,-25.59095],[-49.27107,-25.59091],[-49.271,-25.59084],[-49.27095,-25.59078],[-49.27092,-25.59071],[-49.2708,-25.59057],[-49.27078,-25.59051],[-49.27075,-25.59042],[-49.27068,-25.59019],[-49.27062,-25.59009],[-49.27056,-25.59004],[-49.27047,-25.58998],[-49.27039,-25.58992],[-49.27037,-25.58983],[-49.27037,-25.5898],[-49.2704,-25.58971],[-49.27045,-25.58957],[-49.27048,-25.58949],[-49.2705,-25.58939],[-49.27051,-25.58931],[-49.27052,-25.58921],[-49.27052,-25.58911],[-49.27051,-25.58905],[-49.27051,-25.58899],[-49.27052,-25.58887],[-49.27052,-25.58878],[-49.27053,-25.5887],[-49.27056,-25.58865],[-49.2706,-25.58857],[-49.2706,-25.58851],[-49.27057,-25.58844],[-49.27048,-25.5883],[-49.27039,-25.58814],[-49.27033,-25.58798],[-49.27031,-25.58786],[-49.27025,-25.58771],[-49.2702,-25.58757],[-49.2702,-25.5875],[-49.27022,-25.58743],[-49.27022,-25.58737],[-49.27021,-25.58731],[-49.27014,-25.58727],[-49.27007,-25.58723],[-49.27002,-25.58716],[-49.26989,-25.5868],[-49.26985,-25.58654],[-49.26982,-25.58641],[-49.2698,-25.58632],[-49.26979,-25.58627],[-49.2698,-25.58614],[-49.26983,-25.58595],[-49.26978,-25.58579],[-49.26972,-25.58558],[-49.26971,-25.5855],[-49.26973,-25.58534],[-49.26968,-25.58516],[-49.26967,-25.5851],[-49.26973,-25.58497],[-49.26976,-25.5847],[-49.26981,-25.58465],[-49.26995,-25.58453],[-49.26997,-25.58447],[-49.26999,-25.58439],[-49.26998,-25.58432],[-49.26996,-25.58426],[-49.26991,-25.58417],[-49.26984,-25.58406],[-49.26984,-25.584],[-49.26984,-25.58395],[-49.26981,-25.58395],[-49.26976,-25.58395],[-49.26969,-25.58394],[-49.26964,-25.58392],[-49.26959,-25.58389],[-49.26955,-25.58384],[-49.26954,-25.5838],[-49.26951,-25.58376],[-49.26944,-25.58372],[-49.26937,-25.58366],[-49.26931,-25.58358],[-49.26932,-25.58348],[-49.26931,-25.58338],[-49.26928,-25.58329],[-49.26922,-25.5832],[-49.26917,-25.5831],[-49.26917,-25.58301],[-49.26913,-25.58295],[-49.26905,-25.58283],[-49.26903,-25.5828],[-49.26894,-25.58275],[-49.26887,-25.58259],[-49.26884,-25.58245],[-49.26879,-25.5823],[-49.26883,-25.58212],[-49.26884,-25.58193],[-49.26881,-25.58179],[-49.2688,-25.58165],[-49.26881,-25.58149],[-49.2688,-25.58131],[-49.26865,-25.58115],[-49.26858,-25.58105],[-49.26858,-25.58095],[-49.26864,-25.58084],[-49.26871,-25.58074],[-49.26874,-25.58066],[-49.26876,-25.58058],[-49.2688,-25.58049],[-49.26883,-25.58041],[-49.26891,-25.58035],[-49.26898,-25.5803],[-49.26902,-25.57997],[-49.26905,-25.57986],[-49.26905,-25.5798],[-49.26898,-25.57976],[-49.26898,-25.57966],[-49.26897,-25.57932],[-49.26899,-25.57899],[-49.26909,-25.57859],[-49.26918,-25.57828],[-49.26917,-25.57819],[-49.26919,-25.57806],[-49.26927,-25.57789],[-49.26924,-25.57782],[-49.26918,-25.57781],[-49.26908,-25.57787],[-49.26897,-25.57785],[-49.26883,-25.5778],[-49.26878,-25.57775],[-49.26876,-25.57769],[-49.26875,-25.5776],[-49.26869,-25.57756],[-49.2686,-25.57755],[-49.26844,-25.57743],[-49.2684,-25.5773],[-49.26843,-25.57718],[-49.26852,-25.57711],[-49.26879,-25.57708],[-49.26895,-25.57707],[-49.26899,-25.57696],[-49.26877,-25.57689],[-49.26877,-25.5768],[-49.26895,-25.57675],[-49.26895,-25.57666],[-49.2688,-25.57652],[-49.26879,-25.57636],[-49.26877,-25.57615],[-49.26877,-25.57589],[-49.26879,-25.57566],[-49.26884,-25.57545],[-49.26889,-25.57524],[-49.26898,-25.57501],[-49.26913,-25.57477],[-49.26927,-25.57462],[-49.26951,-25.57435],[-49.2696,-25.57416],[-49.2697,-25.57378],[-49.2697,-25.57358],[-49.26965,-25.57312],[-49.26973,-25.57291],[-49.26986,-25.57267],[-49.27009,-25.57233],[-49.27027,-25.57193],[-49.27037,-25.57169],[-49.27042,-25.57144],[-49.27041,-25.57122],[-49.27034,-25.57108],[-49.27036,-25.57096],[-49.27042,-25.57086],[-49.27046,-25.57069],[-49.27051,-25.57027],[-49.27059,-25.56984],[-49.27068,-25.56963],[-49.27077,-25.56951],[-49.27085,-25.56944],[-49.27087,-25.56929],[-49.27081,-25.56913],[-49.27082,-25.56905],[-49.27082,-25.56896],[-49.27083,-25.56883],[-49.27085,-25.56874],[-49.27084,-25.56855],[-49.27084,-25.56844],[-49.27073,-25.56847],[-49.27064,-25.56851],[-49.27064,-25.56841],[-49.2706,-25.56832],[-49.27057,-25.56823],[-49.27057,-25.56813],[-49.27067,-25.56815],[-49.27076,-25.56819],[-49.27086,-25.56822],[-49.27093,-25.56815],[-49.27085,-25.56809],[-49.27078,-25.56805],[-49.27067,-25.56799],[-49.27061,-25.56791],[-49.2706,-25.56782],[-49.27056,-25.56773],[-49.2705,-25.56767],[-49.27048,-25.56758],[-49.27048,-25.56753],[-49.27049,-25.56737],[-49.27053,-25.56728],[-49.2706,-25.56715],[-49.27069,-25.56702],[-49.27076,-25.56695],[-49.27092,-25.56682],[-49.27102,-25.56679],[-49.27113,-25.56677],[-49.27124,-25.56678],[-49.27135,-25.56681],[-49.27143,-25.56686],[-49.27151,-25.56694],[-49.27162,-25.567],[-49.2717,-25.56706],[-49.27179,-25.5671],[-49.27185,-25.5671],[-49.27203,-25.56709],[-49.27213,-25.56707],[-49.27225,-25.56706],[-49.27243,-25.56704],[-49.27266,-25.56699],[-49.2727,-25.56698],[-49.27277,-25.56695],[-49.27284,-25.56689],[-49.27299,-25.56676],[-49.27312,-25.56661],[-49.27318,-25.56653],[-49.2734,-25.5663],[-49.27344,-25.56621],[-49.2735,-25.56602],[-49.27351,-25.56598],[-49.27353,-25.56592],[-49.27352,-25.56583],[-49.27353,-25.56573],[-49.27358,-25.56565],[-49.27364,-25.56556],[-49.2737,-25.56542],[-49.27376,-25.56529],[-49.27381,-25.5651],[-49.27384,-25.56499],[-49.27392,-25.56472],[-49.27396,-25.56463],[-49.27139,-25.56355],[-49.26762,-25.5622],[-49.26573,-25.56148],[-49.26512,-25.56115],[-49.26399,-25.56055],[-49.26377,-25.56041],[-49.26374,-25.56041],[-49.2631,-25.56006],[-49.26206,-25.55951],[-49.26171,-25.55935],[-49.26091,-25.55902],[-49.26041,-25.5589],[-49.25913,-25.55869],[-49.25871,-25.55862],[-49.25856,-25.5586],[-49.25807,-25.55853],[-49.25728,-25.55842],[-49.25686,-25.55837],[-49.25655,-25.55833],[-49.25618,-25.55829],[-49.25604,-25.55823],[-49.25591,-25.55817],[-49.25566,-25.55797],[-49.2554,-25.55773],[-49.25486,-25.55725],[-49.25417,-25.55662],[-49.25369,-25.55613],[-49.25358,-25.55603],[-49.25341,-25.55588],[-49.25326,-25.55574],[-49.25305,-25.55554],[-49.25296,-25.55545],[-49.25292,-25.55542]]]}},{"type":"Feature","properties":{"code":"4106902025","name":"Parolin"},"geometry":{"type":"Polygon","coordinates":[[[-49.26428,-25.46654],[-49.2643,-25.46635],[-49.26451,-25.46626],[-49.26469,-25.46616],[-49.26479,-25.4661],[-49.26514,-25.46601],[-49.26531,-25.46593],[-49.26562,-25.46576],[-49.26615,-25.46548],[-49.26669,-25.46524],[-49.26671,-25.46523],[-49.26736,-25.46495],[-49.26748,-25.46488],[-49.26757,-25.46484],[-49.26775,-25.46476],[-49.26787,-25.46468],[-49.26793,-25.46465],[-49.26797,-25.46463],[-49.26809,-25.46458],[-49.26833,-25.46451],[-49.26848,-25.46445],[-49.26876,-25.46435],[-49.2689,-25.46428],[-49.26896,-25.46426],[-49.26908,-25.46417],[-49.26921,-25.4641],[-49.26952,-25.46397],[-49.27095,-25.4633],[-49.27133,-25.46316],[-49.27144,-25.46311],[-49.27153,-25.46306],[-49.27202,-25.46286],[-49.27239,-25.46267],[-49.2727,-25.46253],[-49.27298,-25.46243],[-49.27326,-25.46229],[-49.27342,-25.4622],[-49.27351,-25.46215],[-49.27377,-25.46202],[-49.27402,-25.46192],[-49.27425,-25.46182],[-49.27441,-25.46173],[-49.27414,-25.46149],[-49.27384,-25.46122],[-49.27373,-25.46111],[-49.27281,-25.4603],[-49.27208,-25.45962],[-49.27182,-25.45937],[-49.27094,-25.45859],[-49.2706,-25.45828],[-49.26975,-25.45751],[-49.26924,-25.45707],[-49.26838,-25.45628],[-49.26815,-25.45604],[-49.26789,-25.45583],[-49.26769,-25.45568],[-49.26725,-25.45536],[-49.26703,-25.4552],[-49.266,-25.45425],[-49.26535,-25.45366],[-49.2652,-25.45353],[-49.26455,-25.45295],[-49.26379,-25.45223],[-49.26305,-25.45158],[-49.26271,-25.45124],[-49.26245,-25.45099],[-49.26234,-25.45079],[-49.26227,-25.45076],[-49.26224,-25.45084],[-49.26194,-25.45149],[-49.26145,-25.45251],[-49.26095,-25.45351],[-49.26031,-25.45483],[-49.25964,-25.45619],[-49.25941,-25.45666],[-49.25901,-25.45746],[-49.25826,-25.45902],[-49.25739,-25.46079],[-49.25599,-25.46366],[-49.2559,-25.46384],[-49.25504,-25.46566],[-49.2548,-25.46614],[-49.25462,-25.4664],[-49.25378,-25.46806],[-49.25375,-25.4681],[-49.25368,-25.46825],[-49.2535,-25.46864],[-49.25376,-25.46893],[-49.25409,-25.46943],[-49.25432,-25.46971],[-49.2547,-25.47021],[-49.25501,-25.47028],[-49.25924,-25.47132],[-49.26006,-25.47152],[-49.2619,-25.47194],[-49.26205,-25.47199],[-49.2621,-25.47176],[-49.26255,-25.4703],[-49.2627,-25.47019],[-49.26305,-25.46993],[-49.26314,-25.46982],[-49.26323,-25.46965],[-49.26336,-25.46937],[-49.26377,-25.46851],[-49.26396,-25.46809],[-49.26422,-25.46755],[-49.26427,-25.46745],[-49.26427,-25.46728],[-49.26428,-25.46654]]]}},{"type":"Feature","properties":{"code":"4106902003","name":"Centro Cívico"},"geometry":{"type":"Polygon","coordinates":[[[-49.26712,-25.41905],[-49.26751,-25.42042],[-49.26774,-25.42126],[-49.26783,-25.42157],[-49.26791,-25.42178],[-49.26777,-25.4218],[-49.26756,-25.42205],[-49.26683,-25.4225],[-49.26677,-25.42252],[-49.26668,-25.42255],[-49.26783,-25.42349],[-49.2679,-25.42354],[-49.26865,-25.42417],[-49.26871,-25.42423],[-49.26877,-25.42428],[-49.26894,-25.42439],[-49.26915,-25.42443],[-49.26948,-25.42445],[-49.27005,-25.42434],[-49.27011,-25.42436],[-49.27118,-25.42417],[-49.27116,-25.42412],[-49.27078,-25.42245],[-49.27078,-25.42245],[-49.27088,-25.42136],[-49.27105,-25.41979],[-49.27117,-25.41865],[-49.27124,-25.41805],[-49.2713,-25.4176],[-49.27133,-25.41727],[-49.27135,-25.41699],[-49.27136,-25.41684],[-49.27141,-25.41623],[-49.27136,-25.41561],[-49.27135,-25.41546],[-49.2713,-25.41496],[-49.27125,-25.41442],[-49.27121,-25.4138],[-49.27121,-25.41351],[-49.27123,-25.41338],[-49.27124,-25.41315],[-49.27142,-25.41257],[-49.27162,-25.41206],[-49.27171,-25.41184],[-49.27176,-25.41169],[-49.27178,-25.41161],[-49.27178,-25.41152],[-49.27177,-25.41148],[-49.27173,-25.41132],[-49.27171,-25.41127],[-49.27156,-25.41073],[-49.27147,-25.41042],[-49.27145,-25.4103],[-49.27145,-25.41025],[-49.2714,-25.41],[-49.2714,-25.40983],[-49.27141,-25.40978],[-49.27142,-25.40956],[-49.27148,-25.40932],[-49.27157,-25.40898],[-49.27165,-25.40876],[-49.27175,-25.4084],[-49.27179,-25.40826],[-49.27182,-25.40813],[-49.27183,-25.40799],[-49.2718,-25.40784],[-49.27175,-25.40769],[-49.27171,-25.4076],[-49.27164,-25.40745],[-49.27157,-25.40728],[-49.27033,-25.40706],[-49.27026,-25.40706],[-49.2701,-25.40704],[-49.26999,-25.40704],[-49.26865,-25.40712],[-49.26692,-25.40725],[-49.26689,-25.40757],[-49.26681,-25.40783],[-49.26667,-25.40813],[-49.26628,-25.40885],[-49.26618,-25.40901],[-49.26616,-25.40918],[-49.26592,-25.41103],[-49.26575,-25.4123],[-49.26571,-25.41241],[-49.2657,-25.4125],[-49.2657,-25.41258],[-49.26568,-25.41264],[-49.26567,-25.41273],[-49.26569,-25.4128],[-49.26575,-25.41286],[-49.26571,-25.41306],[-49.26571,-25.41312],[-49.2656,-25.41326],[-49.26554,-25.41354],[-49.26553,-25.41377],[-49.26551,-25.41402],[-49.2655,-25.41427],[-49.26553,-25.41578],[-49.26562,-25.41696],[-49.26565,-25.41722],[-49.26561,-25.41776],[-49.26552,-25.41903],[-49.26702,-25.41906],[-49.26712,-25.41905]]]}},{"type":"Feature","properties":{"code":"4106902019","name":"Tarumã"},"geometry":{"type":"Polygon","coordinates":[[[-49.22613,-25.43499],[-49.22664,-25.43503],[-49.22716,-25.43511],[-49.22821,-25.43531],[-49.22895,-25.43545],[-49.22941,-25.43551],[-49.23054,-25.43565],[-49.23175,-25.43586],[-49.23283,-25.43602],[-49.23293,-25.43604],[-49.23361,-25.43613],[-49.23381,-25.43616],[-49.23404,-25.4362],[-49.23419,-25.43623],[-49.2348,-25.43636],[-49.23503,-25.43641],[-49.23529,-25.43646],[-49.23596,-25.43544],[-49.23604,-25.43533],[-49.23665,-25.43443],[-49.23676,-25.43429],[-49.23719,-25.43371],[-49.23747,-25.43343],[-49.23758,-25.43332],[-49.23798,-25.43296],[-49.23803,-25.43293],[-49.23838,-25.43265],[-49.23852,-25.43253],[-49.23909,-25.43204],[-49.23922,-25.43193],[-49.23934,-25.43183],[-49.23941,-25.43177],[-49.23963,-25.43149],[-49.23985,-25.43113],[-49.24007,-25.4307],[-49.24012,-25.43058],[-49.2411,-25.42863],[-49.24125,-25.42837],[-49.24162,-25.42771],[-49.2417,-25.42758],[-49.24163,-25.42759],[-49.24151,-25.42761],[-49.24134,-25.42767],[-49.24115,-25.42766],[-49.2408,-25.4276],[-49.24015,-25.42735],[-49.23954,-25.42717],[-49.23944,-25.42715],[-49.23931,-25.42713],[-49.23923,-25.4271],[-49.23828,-25.42671],[-49.237,-25.42621],[-49.23699,-25.42621],[-49.23686,-25.42616],[-49.23573,-25.42572],[-49.23557,-25.42565],[-49.23444,-25.42524],[-49.23426,-25.42517],[-49.23299,-25.42468],[-49.23281,-25.42462],[-49.23147,-25.42412],[-49.23146,-25.42412],[-49.23135,-25.42408],[-49.23003,-25.42358],[-49.22988,-25.42352],[-49.22853,-25.423],[-49.22793,-25.42278],[-49.22725,-25.42256],[-49.22704,-25.42247],[-49.226,-25.42209],[-49.22592,-25.42206],[-49.22578,-25.42195],[-49.22567,-25.42187],[-49.22557,-25.42164],[-49.2254,-25.42101],[-49.22512,-25.42111],[-49.22451,-25.42088],[-49.22367,-25.42051],[-49.22292,-25.42006],[-49.22207,-25.41947],[-49.22168,-25.41907],[-49.2215,-25.41896],[-49.22121,-25.41885],[-49.22074,-25.41864],[-49.21994,-25.41832],[-49.21891,-25.41781],[-49.21856,-25.41761],[-49.21812,-25.41748],[-49.2177,-25.41739],[-49.21728,-25.41743],[-49.21572,-25.41768],[-49.21431,-25.41783],[-49.21402,-25.41787],[-49.21377,-25.41796],[-49.21359,-25.41811],[-49.21348,-25.41827],[-49.21325,-25.41884],[-49.213,-25.41931],[-49.21284,-25.4197],[-49.21274,-25.41985],[-49.21261,-25.4201],[-49.21251,-25.42022],[-49.21242,-25.42037],[-49.21205,-25.42082],[-49.21155,-25.42114],[-49.21043,-25.4219],[-49.21024,-25.42203],[-49.20943,-25.42251],[-49.20925,-25.42275],[-49.20921,-25.42306],[-49.20921,-25.42325],[-49.20918,-25.42359],[-49.2092,-25.42381],[-49.20924,-25.42405],[-49.20928,-25.42426],[-49.20935,-25.42447],[-49.20931,-25.42462],[-49.20926,-25.42478],[-49.2092,-25.42502],[-49.2091,-25.42519],[-49.20906,-25.4255],[-49.20888,-25.42608],[-49.20888,-25.42609],[-49.20864,-25.42652],[-49.20838,-25.42694],[-49.20806,-25.42717],[-49.20788,-25.42725],[-49.2076,-25.42736],[-49.20746,-25.42744],[-49.20721,-25.42754],[-49.20691,-25.42763],[-49.20582,-25.42811],[-49.20512,-25.42864],[-49.2044,-25.42907],[-49.20437,-25.42923],[-49.20436,-25.42935],[-49.20433,-25.42953],[-49.20426,-25.42981],[-49.20417,-25.43012],[-49.20399,-25.4305],[-49.20383,-25.43089],[-49.20374,-25.4311],[-49.20522,-25.43094],[-49.20578,-25.43089],[-49.20612,-25.43085],[-49.20724,-25.43072],[-49.20754,-25.43068],[-49.2076,-25.43067],[-49.20933,-25.4305],[-49.20947,-25.43048],[-49.20978,-25.43045],[-49.21052,-25.43037],[-49.2108,-25.43034],[-49.21159,-25.43025],[-49.21184,-25.43022],[-49.21258,-25.43016],[-49.21298,-25.43011],[-49.21327,-25.43008],[-49.21353,-25.43005],[-49.21465,-25.42992],[-49.21494,-25.42988],[-49.21523,-25.42985],[-49.21576,-25.4298],[-49.21669,-25.4297],[-49.21674,-25.42988],[-49.21687,-25.43077],[-49.21698,-25.43156],[-49.21719,-25.43181],[-49.2173,-25.43195],[-49.21757,-25.43227],[-49.21777,-25.43247],[-49.21788,-25.43257],[-49.21819,-25.43278],[-49.21836,-25.4329],[-49.21876,-25.43312],[-49.21886,-25.43317],[-49.21959,-25.43345],[-49.22007,-25.43365],[-49.22102,-25.43408],[-49.22179,-25.43445],[-49.22181,-25.43446],[-49.22197,-25.43457],[-49.22218,-25.43463],[-49.22239,-25.43463],[-49.22308,-25.43457],[-49.22417,-25.43446],[-49.22462,-25.43449],[-49.22477,-25.43449],[-49.22504,-25.43456],[-49.22524,-25.43464],[-49.22613,-25.43499]]]}},{"type":"Feature","properties":{"code":"4106902073","name":"Umbará"},"geometry":{"type":"Polygon","coordinates":[[[-49.27084,-25.56844],[-49.27084,-25.56855],[-49.27085,-25.56874],[-49.27083,-25.56883],[-49.27082,-25.56896],[-49.27082,-25.56905],[-49.27081,-25.56913],[-49.27087,-25.56929],[-49.27085,-25.56944],[-49.27077,-25.56951],[-49.27068,-25.56963],[-49.27059,-25.56984],[-49.27051,-25.57027],[-49.27046,-25.57069],[-49.27042,-25.57086],[-49.27036,-25.57096],[-49.27034,-25.57108],[-49.27041,-25.57122],[-49.27042,-25.57144],[-49.27037,-25.57169],[-49.27027,-25.57193],[-49.27009,-25.57233],[-49.26986,-25.57267],[-49.26973,-25.57291],[-49.26965,-25.57312],[-49.2697,-25.57358],[-49.2697,-25.57378],[-49.2696,-25.57416],[-49.26951,-25.57435],[-49.26927,-25.57462],[-49.26913,-25.57477],[-49.26898,-25.57501],[-49.26889,-25.57524],[-49.26884,-25.57545],[-49.26879,-25.57566],[-49.26877,-25.57589],[-49.26877,-25.57615],[-49.26879,-25.57636],[-49.2688,-25.57652],[-49.26895,-25.57666],[-49.26895,-25.57675],[-49.26877,-25.5768],[-49.26877,-25.57689],[-49.26899,-25.57696],[-49.26895,-25.57707],[-49.26879,-25.57708],[-49.26852,-25.57711],[-49.26843,-25.57718],[-49.2684,-25.5773],[-49.26844,-25.57743],[-49.2686,-25.57755],[-49.26869,-25.57756],[-49.26875,-25.5776],[-49.26876,-25.57769],[-49.26878,-25.57775],[-49.26883,-25.5778],[-49.26897,-25.57785],[-49.26908,-25.57787],[-49.26918,-25.57781],[-49.26924,-25.57782],[-49.26927,-25.57789],[-49.26919,-25.57806],[-49.26917,-25.57819],[-49.26918,-25.57828],[-49.26909,-25.57859],[-49.26899,-25.57899],[-49.26897,-25.57932],[-49.26898,-25.57966],[-49.26898,-25.57976],[-49.26905,-25.5798],[-49.26905,-25.57986],[-49.26902,-25.57997],[-49.26898,-25.5803],[-49.26891,-25.58035],[-49.26883,-25.58041],[-49.2688,-25.58049],[-49.26876,-25.58058],[-49.26874,-25.58066],[-49.26871,-25.58074],[-49.26864,-25.58084],[-49.26858,-25.58095],[-49.26858,-25.58105],[-49.26865,-25.58115],[-49.2688,-25.58131],[-49.26881,-25.58149],[-49.2688,-25.58165],[-49.26881,-25.58179],[-49.26884,-25.58193],[-49.26883,-25.58212],[-49.26879,-25.5823],[-49.26884,-25.58245],[-49.26887,-25.58259],[-49.26894,-25.58275],[-49.26903,-25.5828],[-49.26905,-25.58283],[-49.26913,-25.58295],[-49.26917,-25.58301],[-49.26917,-25.5831],[-49.26922,-25.5832],[-49.26928,-25.58329],[-49.26931,-25.58338],[-49.26932,-25.58348],[-49.26931,-25.58358],[-49.26937,-25.58366],[-49.26944,-25.58372],[-49.26951,-25.58376],[-49.26954,-25.5838],[-49.26955,-25.58384],[-49.26959,-25.58389],[-49.26964,-25.58392],[-49.26969,-25.58394],[-49.26976,-25.58395],[-49.26981,-25.58395],[-49.26984,-25.58395],[-49.26984,-25.584],[-49.26984,-25.58406],[-49.26991,-25.58417],[-49.26996,-25.58426],[-49.26998,-25.58432],[-49.26999,-25.58439],[-49.26997,-25.58447],[-49.26995,-25.58453],[-49.26981,-25.58465],[-49.26976,-25.5847],[-49.26973,-25.58497],[-49.26967,-25.5851],[-49.26968,-25.58516],[-49.26973,-25.58534],[-49.26971,-25.5855],[-49.26972,-25.58558],[-49.26978,-25.58579],[-49.26983,-25.58595],[-49.2698,-25.58614],[-49.26979,-25.58627],[-49.2698,-25.58632],[-49.26982,-25.58641],[-49.26985,-25.58654],[-49.26989,-25.5868],[-49.27002,-25.58716],[-49.27007,-25.58723],[-49.27014,-25.58727],[-49.27021,-25.58731],[-49.27022,-25.58737],[-49.27022,-25.58743],[-49.2702,-25.5875],[-49.2702,-25.58757],[-49.27025,-25.58771],[-49.27031,-25.58786],[-49.27033,-25.58798],[-49.27039,-25.58814],[-49.27048,-25.5883],[-49.27057,-25.58844],[-49.2706,-25.58851],[-49.2706,-25.58857],[-49.27056,-25.58865],[-49.27053,-25.5887],[-49.27052,-25.58878],[-49.27052,-25.58887],[-49.27051,-25.58899],[-49.27051,-25.58905],[-49.27052,-25.58911],[-49.27052,-25.58921],[-49.27051,-25.58931],[-49.2705,-25.58939],[-49.27048,-25.58949],[-49.27045,-25.58957],[-49.2704,-25.58971],[-49.27037,-25.5898],[-49.27037,-25.58983],[-49.27039,-25.58992],[-49.27047,-25.58998],[-49.27056,-25.59004],[-49.27062,-25.59009],[-49.27068,-25.59019],[-49.27075,-25.59042],[-49.27078,-25.59051],[-49.2708,-25.59057],[-49.27092,-25.59071],[-49.27095,-25.59078],[-49.271,-25.59084],[-49.27107,-25.59091],[-49.27116,-25.59095],[-49.27123,-25.591],[-49.2713,-25.59104],[-49.27138,-25.59106],[-49.27146,-25.5911],[-49.27154,-25.59116],[-49.2716,-25.59121],[-49.27165,-25.59128],[-49.2717,-25.59135],[-49.27174,-25.5914],[-49.27175,-25.59145],[-49.27176,-25.59159],[-49.27178,-25.59168],[-49.27179,-25.59177],[-49.27178,-25.59185],[-49.27175,-25.59191],[-49.27173,-25.59202],[-49.2717,-25.5921],[-49.27166,-25.59216],[-49.27165,-25.59223],[-49.27166,-25.59246],[-49.27168,-25.59259],[-49.27169,-25.59275],[-49.2717,-25.59282],[-49.27172,-25.5929],[-49.27172,-25.59305],[-49.27171,-25.59317],[-49.2717,-25.59324],[-49.27167,-25.5933],[-49.27164,-25.59336],[-49.27164,-25.59342],[-49.27167,-25.59345],[-49.27171,-25.59348],[-49.27173,-25.59352],[-49.27173,-25.59368],[-49.27173,-25.59375],[-49.27172,-25.59391],[-49.27172,-25.594],[-49.27171,-25.59407],[-49.27169,-25.59431],[-49.27169,-25.59434],[-49.27167,-25.59439],[-49.27157,-25.59455],[-49.27151,-25.59463],[-49.27137,-25.59474],[-49.27129,-25.59487],[-49.27121,-25.59493],[-49.27116,-25.59495],[-49.27108,-25.59496],[-49.27104,-25.59498],[-49.271,-25.59505],[-49.27093,-25.59514],[-49.27088,-25.59516],[-49.2708,-25.59516],[-49.27077,-25.59519],[-49.27073,-25.59532],[-49.27068,-25.59545],[-49.27058,-25.59547],[-49.27044,-25.59541],[-49.27029,-25.59538],[-49.27019,-25.5955],[-49.27013,-25.59558],[-49.26999,-25.59566],[-49.26992,-25.59582],[-49.26994,-25.59599],[-49.26991,-25.59624],[-49.26992,-25.59647],[-49.26993,-25.59661],[-49.26996,-25.59679],[-49.26999,-25.59691],[-49.26999,-25.59702],[-49.27003,-25.5971],[-49.27011,-25.59719],[-49.27022,-25.59726],[-49.27036,-25.59731],[-49.27048,-25.59736],[-49.27054,-25.59745],[-49.2705,-25.59754],[-49.27041,-25.59761],[-49.27027,-25.59773],[-49.27022,-25.59784],[-49.2702,-25.59793],[-49.2702,-25.59803],[-49.27024,-25.5981],[-49.27033,-25.59814],[-49.27046,-25.59816],[-49.27055,-25.59819],[-49.27061,-25.59825],[-49.27059,-25.59845],[-49.27057,-25.59863],[-49.27059,-25.59878],[-49.27074,-25.59899],[-49.27068,-25.59931],[-49.27069,-25.59963],[-49.27062,-25.59989],[-49.27063,-25.6002],[-49.27079,-25.60054],[-49.27077,-25.60096],[-49.27081,-25.60111],[-49.27087,-25.60122],[-49.27092,-25.60128],[-49.27096,-25.60142],[-49.27094,-25.60153],[-49.27075,-25.60205],[-49.27076,-25.60248],[-49.27137,-25.60321],[-49.27142,-25.6038],[-49.27039,-25.60544],[-49.26943,-25.60645],[-49.2689,-25.60651],[-49.26739,-25.60622],[-49.26698,-25.6066],[-49.26693,-25.60694],[-49.26743,-25.60752],[-49.26838,-25.60771],[-49.26987,-25.60757],[-49.27016,-25.60788],[-49.27023,-25.60829],[-49.26971,-25.60888],[-49.26953,-25.60971],[-49.27052,-25.61069],[-49.27098,-25.61221],[-49.27141,-25.61233],[-49.27221,-25.61198],[-49.27334,-25.61178],[-49.27387,-25.6119],[-49.27431,-25.61283],[-49.27571,-25.61329],[-49.27597,-25.61363],[-49.27627,-25.61367],[-49.27646,-25.61323],[-49.27629,-25.61226],[-49.27652,-25.61196],[-49.27698,-25.61137],[-49.27748,-25.61099],[-49.27778,-25.61103],[-49.27803,-25.61131],[-49.27812,-25.61187],[-49.27767,-25.61326],[-49.27794,-25.61347],[-49.27847,-25.61351],[-49.27983,-25.61304],[-49.28104,-25.61349],[-49.2815,-25.61308],[-49.28166,-25.61247],[-49.282,-25.61213],[-49.28234,-25.61213],[-49.28272,-25.61268],[-49.28313,-25.61262],[-49.28378,-25.61191],[-49.28466,-25.61188],[-49.28497,-25.61129],[-49.28543,-25.61098],[-49.28588,-25.61102],[-49.28648,-25.61165],[-49.28642,-25.61274],[-49.28695,-25.61275],[-49.2873,-25.61256],[-49.28755,-25.61276],[-49.28721,-25.61341],[-49.28731,-25.61372],[-49.28837,-25.61397],[-49.28889,-25.61461],[-49.28915,-25.61468],[-49.28939,-25.61434],[-49.28936,-25.61369],[-49.28963,-25.61342],[-49.29004,-25.61342],[-49.29057,-25.61384],[-49.29078,-25.61467],[-49.2913,-25.61519],[-49.29179,-25.6153],[-49.29248,-25.61491],[-49.29303,-25.61378],[-49.29367,-25.61362],[-49.29443,-25.61373],[-49.29514,-25.61405],[-49.29551,-25.6146],[-49.29511,-25.61645],[-49.29559,-25.61689],[-49.29593,-25.61685],[-49.29624,-25.61658],[-49.29637,-25.61552],[-49.29764,-25.61506],[-49.2986,-25.61507],[-49.30048,-25.61644],[-49.30123,-25.61662],[-49.30188,-25.61625],[-49.30212,-25.61581],[-49.30153,-25.61447],[-49.30173,-25.61421],[-49.30179,-25.6142],[-49.30163,-25.61338],[-49.30163,-25.61295],[-49.3015,-25.61213],[-49.30162,-25.61128],[-49.30146,-25.61077],[-49.3013,-25.6098],[-49.30128,-25.60874],[-49.30175,-25.60799],[-49.30172,-25.60792],[-49.30172,-25.60792],[-49.30172,-25.60792],[-49.30116,-25.60674],[-49.30142,-25.6062],[-49.30203,-25.60519],[-49.30282,-25.60464],[-49.303,-25.60412],[-49.30292,-25.6032],[-49.30306,-25.60192],[-49.30293,-25.60111],[-49.30302,-25.60084],[-49.30391,-25.60047],[-49.30428,-25.59987],[-49.30428,-25.59923],[-49.30393,-25.59801],[-49.30412,-25.59744],[-49.30455,-25.59702],[-49.3046,-25.59706],[-49.30461,-25.59683],[-49.30452,-25.59655],[-49.30424,-25.59633],[-49.30412,-25.59584],[-49.30403,-25.59548],[-49.30369,-25.59508],[-49.30357,-25.59464],[-49.30369,-25.59415],[-49.30409,-25.59374],[-49.30445,-25.59317],[-49.30459,-25.59253],[-49.30472,-25.59219],[-49.30511,-25.59115],[-49.30562,-25.5904],[-49.30558,-25.59034],[-49.30561,-25.5903],[-49.30542,-25.59006],[-49.30543,-25.58984],[-49.30549,-25.58956],[-49.30595,-25.58908],[-49.30614,-25.58863],[-49.30624,-25.58799],[-49.30634,-25.58727],[-49.30639,-25.58691],[-49.30619,-25.5861],[-49.30622,-25.5854],[-49.30644,-25.58509],[-49.30649,-25.58489],[-49.30663,-25.58458],[-49.30679,-25.58434],[-49.30704,-25.58381],[-49.30703,-25.58346],[-49.30708,-25.58317],[-49.3071,-25.58288],[-49.30664,-25.58195],[-49.30634,-25.58147],[-49.30602,-25.58113],[-49.30589,-25.58075],[-49.30578,-25.5803],[-49.30578,-25.58016],[-49.30582,-25.57991],[-49.30591,-25.57971],[-49.30646,-25.57915],[-49.30675,-25.57886],[-49.30676,-25.57881],[-49.30679,-25.57879],[-49.30677,-25.57873],[-49.30679,-25.5786],[-49.30668,-25.57848],[-49.30664,-25.57835],[-49.3065,-25.5781],[-49.30663,-25.57781],[-49.30681,-25.57767],[-49.30681,-25.57725],[-49.3067,-25.57696],[-49.30645,-25.57686],[-49.30631,-25.5767],[-49.30612,-25.57652],[-49.30602,-25.57646],[-49.30588,-25.57635],[-49.3057,-25.5762],[-49.3057,-25.57619],[-49.3057,-25.57568],[-49.30569,-25.57535],[-49.30544,-25.57515],[-49.30543,-25.57507],[-49.30542,-25.57492],[-49.30555,-25.57475],[-49.30583,-25.57443],[-49.30597,-25.57419],[-49.30623,-25.57392],[-49.30653,-25.57381],[-49.30655,-25.57378],[-49.30667,-25.57372],[-49.3068,-25.57319],[-49.30657,-25.57268],[-49.30662,-25.57223],[-49.30678,-25.57162],[-49.30679,-25.57157],[-49.30671,-25.57138],[-49.30658,-25.57126],[-49.30645,-25.57106],[-49.30639,-25.57101],[-49.30633,-25.57098],[-49.30619,-25.57098],[-49.30605,-25.57107],[-49.30599,-25.57107],[-49.30598,-25.57103],[-49.30591,-25.5707],[-49.30596,-25.57045],[-49.30616,-25.57],[-49.30612,-25.56974],[-49.30573,-25.5692],[-49.30568,-25.56901],[-49.30558,-25.56885],[-49.30538,-25.56873],[-49.30532,-25.56863],[-49.30558,-25.56839],[-49.30569,-25.56817],[-49.30574,-25.56784],[-49.3058,-25.56775],[-49.30597,-25.56766],[-49.30608,-25.56751],[-49.30331,-25.56496],[-49.30305,-25.56476],[-49.30292,-25.5646],[-49.3029,-25.56455],[-49.30287,-25.5645],[-49.30284,-25.5644],[-49.30284,-25.56426],[-49.3028,-25.56407],[-49.30268,-25.5639],[-49.30245,-25.56362],[-49.30226,-25.56351],[-49.30195,-25.56323],[-49.30178,-25.56294],[-49.30176,-25.56289],[-49.30165,-25.5628],[-49.30137,-25.5626],[-49.30116,-25.56202],[-49.30135,-25.56187],[-49.30164,-25.56158],[-49.30166,-25.5615],[-49.30145,-25.56128],[-49.30125,-25.56115],[-49.30098,-25.56097],[-49.30035,-25.56046],[-49.30005,-25.56005],[-49.29976,-25.55975],[-49.29944,-25.55942],[-49.29933,-25.5593],[-49.29927,-25.55918],[-49.29917,-25.55907],[-49.29881,-25.55874],[-49.29822,-25.55827],[-49.29813,-25.5582],[-49.29802,-25.55811],[-49.2978,-25.55803],[-49.29779,-25.55802],[-49.29778,-25.55802],[-49.29765,-25.55804],[-49.29734,-25.55828],[-49.29571,-25.55937],[-49.29407,-25.56049],[-49.29374,-25.56066],[-49.29342,-25.56076],[-49.29285,-25.5608],[-49.29141,-25.56098],[-49.29145,-25.56084],[-49.29172,-25.55978],[-49.29173,-25.55963],[-49.29174,-25.5592],[-49.29174,-25.55905],[-49.29174,-25.55822],[-49.29177,-25.55784],[-49.29196,-25.55743],[-49.29216,-25.5571],[-49.29258,-25.55647],[-49.29305,-25.55585],[-49.29361,-25.55529],[-49.29376,-25.55514],[-49.29395,-25.55476],[-49.29395,-25.55444],[-49.29389,-25.55429],[-49.29383,-25.55415],[-49.2937,-25.55403],[-49.29343,-25.55377],[-49.29306,-25.55347],[-49.29286,-25.5533],[-49.29277,-25.55312],[-49.2927,-25.55302],[-49.29265,-25.55294],[-49.29258,-25.55273],[-49.29254,-25.55248],[-49.29259,-25.55214],[-49.29261,-25.5519],[-49.29263,-25.55156],[-49.29275,-25.55088],[-49.29297,-25.54962],[-49.29329,-25.54799],[-49.29033,-25.54798],[-49.28812,-25.54805],[-49.28683,-25.5484],[-49.28604,-25.54869],[-49.28507,-25.54891],[-49.28455,-25.54895],[-49.28259,-25.54939],[-49.28213,-25.54952],[-49.28162,-25.54964],[-49.28056,-25.54987],[-49.27975,-25.55039],[-49.27876,-25.55115],[-49.27799,-25.55168],[-49.27798,-25.55169],[-49.27749,-25.55224],[-49.2774,-25.55234],[-49.27716,-25.55258],[-49.27661,-25.55297],[-49.27593,-25.55345],[-49.27579,-25.55354],[-49.27584,-25.55358],[-49.27541,-25.55391],[-49.27489,-25.55421],[-49.275,-25.55438],[-49.27493,-25.55475],[-49.27466,-25.55495],[-49.27436,-25.55516],[-49.27418,-25.55525],[-49.27382,-25.55568],[-49.27309,-25.55622],[-49.27258,-25.55661],[-49.27204,-25.55703],[-49.27081,-25.55804],[-49.27004,-25.55859],[-49.26929,-25.55947],[-49.26927,-25.5595],[-49.26894,-25.56008],[-49.26884,-25.56025],[-49.26813,-25.56147],[-49.26808,-25.56155],[-49.26768,-25.56215],[-49.26762,-25.5622],[-49.27139,-25.56355],[-49.27396,-25.56463],[-49.27392,-25.56472],[-49.27384,-25.56499],[-49.27381,-25.5651],[-49.27376,-25.56529],[-49.2737,-25.56542],[-49.27364,-25.56556],[-49.27358,-25.56565],[-49.27353,-25.56573],[-49.27352,-25.56583],[-49.27353,-25.56592],[-49.27351,-25.56598],[-49.2735,-25.56602],[-49.27344,-25.56621],[-49.2734,-25.5663],[-49.27318,-25.56653],[-49.27312,-25.56661],[-49.27299,-25.56676],[-49.27284,-25.56689],[-49.27277,-25.56695],[-49.2727,-25.56698],[-49.27266,-25.56699],[-49.27243,-25.56704],[-49.27225,-25.56706],[-49.27213,-25.56707],[-49.27203,-25.56709],[-49.27185,-25.5671],[-49.27179,-25.5671],[-49.2717,-25.56706],[-49.27162,-25.567],[-49.27151,-25.56694],[-49.27143,-25.56686],[-49.27135,-25.56681],[-49.27124,-25.56678],[-49.27113,-25.56677],[-49.27102,-25.56679],[-49.27092,-25.56682],[-49.27076,-25.56695],[-49.27069,-25.56702],[-49.2706,-25.56715],[-49.27053,-25.56728],[-49.27049,-25.56737],[-49.27048,-25.56753],[-49.27048,-25.56758],[-49.2705,-25.56767],[-49.27056,-25.56773],[-49.2706,-25.56782],[-49.27061,-25.56791],[-49.27067,-25.56799],[-49.27078,-25.56805],[-49.27085,-25.56809],[-49.27093,-25.56815],[-49.27086,-25.56822],[-49.27076,-25.56819],[-49.27067,-25.56815],[-49.27057,-25.56813],[-49.27057,-25.56823],[-49.2706,-25.56832],[-49.27064,-25.56841],[-49.27064,-25.56851],[-49.27073,-25.56847],[-49.27084,-25.56844]]]}},{"type":"Feature","properties":{"code":"4106902026","name":"Guaíra"},"geometry":{"type":"Polygon","coordinates":[[[-49.26921,-25.4641],[-49.26908,-25.46417],[-49.26896,-25.46426],[-49.2689,-25.46428],[-49.26876,-25.46435],[-49.26848,-25.46445],[-49.26833,-25.46451],[-49.26809,-25.46458],[-49.26797,-25.46463],[-49.26793,-25.46465],[-49.26787,-25.46468],[-49.26775,-25.46476],[-49.26757,-25.46484],[-49.26748,-25.46488],[-49.26736,-25.46495],[-49.26671,-25.46523],[-49.26669,-25.46524],[-49.26615,-25.46548],[-49.26562,-25.46576],[-49.26531,-25.46593],[-49.26514,-25.46601],[-49.26479,-25.4661],[-49.26469,-25.46616],[-49.26451,-25.46626],[-49.2643,-25.46635],[-49.26428,-25.46654],[-49.26427,-25.46728],[-49.26427,-25.46745],[-49.26422,-25.46755],[-49.26396,-25.46809],[-49.26377,-25.46851],[-49.26336,-25.46937],[-49.26323,-25.46965],[-49.26314,-25.46982],[-49.26305,-25.46993],[-49.2627,-25.47019],[-49.26255,-25.4703],[-49.2621,-25.47176],[-49.26205,-25.47199],[-49.26711,-25.47322],[-49.26821,-25.47347],[-49.26918,-25.47373],[-49.26921,-25.47374],[-49.27066,-25.4741],[-49.27143,-25.47429],[-49.27364,-25.47481],[-49.27655,-25.47552],[-49.27657,-25.47552],[-49.278,-25.47588],[-49.27947,-25.47624],[-49.28176,-25.4768],[-49.28352,-25.47723],[-49.2836,-25.47697],[-49.28384,-25.4762],[-49.28409,-25.47535],[-49.28416,-25.47533],[-49.28423,-25.4753],[-49.28437,-25.47512],[-49.28446,-25.4752],[-49.28464,-25.47514],[-49.28485,-25.47505],[-49.28488,-25.475],[-49.28502,-25.47467],[-49.28546,-25.47371],[-49.28566,-25.47329],[-49.2859,-25.47276],[-49.2861,-25.47229],[-49.28594,-25.47213],[-49.28502,-25.47129],[-49.28501,-25.47128],[-49.28392,-25.47028],[-49.28331,-25.46977],[-49.28279,-25.46929],[-49.28167,-25.46827],[-49.28165,-25.46825],[-49.28111,-25.46776],[-49.28057,-25.46727],[-49.28008,-25.46684],[-49.27941,-25.46621],[-49.27938,-25.4662],[-49.27832,-25.46528],[-49.27722,-25.46428],[-49.2761,-25.46326],[-49.27501,-25.46229],[-49.2746,-25.46188],[-49.27441,-25.46173],[-49.27425,-25.46182],[-49.27402,-25.46192],[-49.27377,-25.46202],[-49.27351,-25.46215],[-49.27342,-25.4622],[-49.27326,-25.46229],[-49.27298,-25.46243],[-49.2727,-25.46253],[-49.27239,-25.46267],[-49.27202,-25.46286],[-49.27153,-25.46306],[-49.27144,-25.46311],[-49.27133,-25.46316],[-49.27095,-25.4633],[-49.26952,-25.46397],[-49.26921,-25.4641]]]}},{"type":"Feature","properties":{"code":"4106902075","name":"Cidade Industrial de Curitiba"},"geometry":{"type":"Polygon","coordinates":[[[-49.34016,-25.55278],[-49.34074,-25.55271],[-49.34319,-25.55234],[-49.34329,-25.55216],[-49.34351,-25.55183],[-49.34362,-25.55163],[-49.34371,-25.55147],[-49.34406,-25.55093],[-49.34417,-25.55071],[-49.34431,-25.55044],[-49.34455,-25.54987],[-49.34462,-25.5497],[-49.34465,-25.54965],[-49.34477,-25.54942],[-49.34502,-25.54907],[-49.34521,-25.54896],[-49.34544,-25.54866],[-49.34559,-25.54832],[-49.34562,-25.54816],[-49.34575,-25.54765],[-49.34576,-25.54685],[-49.34578,-25.54586],[-49.34589,-25.54503],[-49.34586,-25.54452],[-49.34585,-25.54368],[-49.346,-25.5433],[-49.34612,-25.54301],[-49.34622,-25.54278],[-49.34628,-25.54227],[-49.34627,-25.54222],[-49.3461,-25.54169],[-49.34585,-25.54129],[-49.34541,-25.54081],[-49.34396,-25.53923],[-49.3428,-25.53803],[-49.34243,-25.53735],[-49.34243,-25.53734],[-49.34242,-25.53733],[-49.34217,-25.53711],[-49.34215,-25.53708],[-49.34204,-25.53705],[-49.34184,-25.53698],[-49.34165,-25.53708],[-49.34154,-25.53713],[-49.34133,-25.53715],[-49.34116,-25.53702],[-49.34111,-25.53699],[-49.34106,-25.5369],[-49.34064,-25.53618],[-49.34062,-25.53579],[-49.34074,-25.5354],[-49.34108,-25.53495],[-49.34125,-25.53477],[-49.34145,-25.53454],[-49.34216,-25.53373],[-49.34334,-25.53239],[-49.34362,-25.53214],[-49.34418,-25.53165],[-49.344,-25.53117],[-49.34365,-25.53073],[-49.34144,-25.52879],[-49.34094,-25.52812],[-49.34053,-25.52756],[-49.3403,-25.52725],[-49.3402,-25.52711],[-49.34016,-25.52706],[-49.34015,-25.52705],[-49.34016,-25.52681],[-49.34011,-25.52588],[-49.33956,-25.5229],[-49.3395,-25.52258],[-49.33949,-25.52203],[-49.33934,-25.52157],[-49.33898,-25.52117],[-49.33898,-25.52074],[-49.33915,-25.52038],[-49.33945,-25.52014],[-49.33987,-25.51981],[-49.34004,-25.51951],[-49.34009,-25.51933],[-49.3402,-25.51896],[-49.34032,-25.51842],[-49.33989,-25.51793],[-49.33974,-25.51775],[-49.33894,-25.51683],[-49.33871,-25.51656],[-49.33845,-25.51645],[-49.33811,-25.51622],[-49.33796,-25.51584],[-49.33808,-25.51549],[-49.33808,-25.51547],[-49.33835,-25.51502],[-49.33845,-25.51485],[-49.33845,-25.51484],[-49.33892,-25.51402],[-49.33943,-25.51378],[-49.33961,-25.5135],[-49.33963,-25.51322],[-49.3395,-25.51284],[-49.33945,-25.51269],[-49.33932,-25.51248],[-49.33926,-25.51225],[-49.33951,-25.51209],[-49.33976,-25.51214],[-49.34047,-25.51298],[-49.34125,-25.51391],[-49.34148,-25.51414],[-49.34191,-25.51464],[-49.3422,-25.51537],[-49.34249,-25.51505],[-49.34256,-25.51498],[-49.34277,-25.51493],[-49.34312,-25.51507],[-49.34324,-25.51538],[-49.34369,-25.51577],[-49.34427,-25.51581],[-49.34464,-25.51571],[-49.34498,-25.51576],[-49.34614,-25.51626],[-49.34666,-25.51668],[-49.34788,-25.51687],[-49.34802,-25.51694],[-49.34833,-25.51688],[-49.35003,-25.51677],[-49.35047,-25.51646],[-49.35095,-25.51593],[-49.35081,-25.51541],[-49.35075,-25.51504],[-49.35072,-25.51481],[-49.3507,-25.51442],[-49.35073,-25.5142],[-49.35153,-25.51343],[-49.35182,-25.51307],[-49.35189,-25.51283],[-49.35203,-25.51246],[-49.35216,-25.51213],[-49.3523,-25.51183],[-49.35272,-25.51109],[-49.35287,-25.51085],[-49.35297,-25.51062],[-49.35295,-25.51041],[-49.35289,-25.51003],[-49.35291,-25.50982],[-49.35294,-25.50973],[-49.35298,-25.50965],[-49.3531,-25.50947],[-49.35297,-25.50935],[-49.35284,-25.50924],[-49.35217,-25.50882],[-49.35197,-25.50869],[-49.35283,-25.50784],[-49.3524,-25.50757],[-49.35225,-25.50738],[-49.35218,-25.50708],[-49.35204,-25.50669],[-49.35265,-25.50647],[-49.35275,-25.5065],[-49.35304,-25.50636],[-49.35323,-25.50636],[-49.3535,-25.5063],[-49.35408,-25.50607],[-49.35374,-25.50544],[-49.35338,-25.50537],[-49.35301,-25.50535],[-49.35261,-25.50557],[-49.35219,-25.50571],[-49.35182,-25.50568],[-49.35124,-25.50589],[-49.35096,-25.50525],[-49.35086,-25.50503],[-49.35024,-25.50389],[-49.35051,-25.50374],[-49.35027,-25.50349],[-49.34993,-25.50358],[-49.34984,-25.5035],[-49.3497,-25.50334],[-49.34985,-25.50331],[-49.35054,-25.50325],[-49.35095,-25.50344],[-49.35166,-25.50303],[-49.3522,-25.50261],[-49.35217,-25.50176],[-49.35162,-25.50175],[-49.3511,-25.50173],[-49.35063,-25.50172],[-49.35009,-25.5017],[-49.34904,-25.50168],[-49.34873,-25.5018],[-49.34841,-25.50118],[-49.34813,-25.50065],[-49.34786,-25.50011],[-49.34768,-25.49977],[-49.3475,-25.49965],[-49.34682,-25.49925],[-49.34673,-25.49917],[-49.3465,-25.49873],[-49.34664,-25.49873],[-49.3471,-25.49876],[-49.34747,-25.49879],[-49.34774,-25.49888],[-49.3481,-25.49902],[-49.34833,-25.49908],[-49.3488,-25.49918],[-49.3492,-25.4992],[-49.34967,-25.49922],[-49.34984,-25.49926],[-49.35016,-25.49931],[-49.35033,-25.4994],[-49.3507,-25.49973],[-49.35096,-25.49993],[-49.35117,-25.50001],[-49.35129,-25.50001],[-49.35139,-25.49996],[-49.35148,-25.49991],[-49.35195,-25.49952],[-49.3519,-25.49909],[-49.35184,-25.49866],[-49.35175,-25.49823],[-49.3517,-25.49813],[-49.3516,-25.49812],[-49.35122,-25.4981],[-49.35104,-25.4981],[-49.35088,-25.4981],[-49.35074,-25.4981],[-49.35117,-25.4971],[-49.35134,-25.49674],[-49.3515,-25.49637],[-49.35175,-25.49572],[-49.35203,-25.49502],[-49.35217,-25.49465],[-49.35255,-25.49364],[-49.35276,-25.49303],[-49.353,-25.49241],[-49.35303,-25.49231],[-49.35323,-25.49179],[-49.35331,-25.49158],[-49.35341,-25.49133],[-49.35345,-25.49123],[-49.35361,-25.4908],[-49.35374,-25.49049],[-49.35391,-25.49003],[-49.35407,-25.48965],[-49.35474,-25.48806],[-49.35483,-25.48769],[-49.35491,-25.48755],[-49.35496,-25.48735],[-49.355,-25.48719],[-49.355,-25.48703],[-49.35518,-25.48689],[-49.35556,-25.48656],[-49.35601,-25.48605],[-49.35612,-25.48591],[-49.35615,-25.48581],[-49.3561,-25.48577],[-49.35592,-25.48553],[-49.3558,-25.48535],[-49.35562,-25.48503],[-49.35552,-25.48486],[-49.35545,-25.48478],[-49.35535,-25.48469],[-49.35522,-25.48448],[-49.35517,-25.48435],[-49.35519,-25.48411],[-49.35532,-25.48351],[-49.35535,-25.48342],[-49.35549,-25.48296],[-49.35559,-25.48266],[-49.35573,-25.48234],[-49.35576,-25.48225],[-49.35583,-25.48204],[-49.35586,-25.48188],[-49.35585,-25.48174],[-49.35582,-25.48168],[-49.35577,-25.4816],[-49.35575,-25.48154],[-49.35574,-25.48146],[-49.35571,-25.48139],[-49.35565,-25.48124],[-49.35563,-25.48114],[-49.35566,-25.48094],[-49.35567,-25.48082],[-49.35576,-25.48063],[-49.35579,-25.48046],[-49.35581,-25.48034],[-49.35579,-25.48024],[-49.35568,-25.48012],[-49.35556,-25.48007],[-49.35537,-25.48008],[-49.35488,-25.47991],[-49.3552,-25.47965],[-49.35553,-25.47935],[-49.35588,-25.47902],[-49.35621,-25.47868],[-49.35639,-25.47851],[-49.35668,-25.47833],[-49.35681,-25.47826],[-49.35703,-25.4782],[-49.35807,-25.47824],[-49.35833,-25.47824],[-49.35869,-25.47815],[-49.35899,-25.47796],[-49.35921,-25.47773],[-49.35926,-25.47754],[-49.35926,-25.47729],[-49.35909,-25.47648],[-49.35905,-25.47597],[-49.359,-25.47552],[-49.35899,-25.47508],[-49.359,-25.47489],[-49.35905,-25.47474],[-49.35915,-25.47457],[-49.35932,-25.47439],[-49.35977,-25.47389],[-49.36001,-25.47367],[-49.36029,-25.47336],[-49.36072,-25.47307],[-49.3616,-25.47245],[-49.36176,-25.47235],[-49.36193,-25.47223],[-49.36221,-25.47195],[-49.36238,-25.47168],[-49.36242,-25.47159],[-49.3624,-25.47147],[-49.36235,-25.4714],[-49.36193,-25.47112],[-49.36178,-25.47098],[-49.36159,-25.47077],[-49.36148,-25.47059],[-49.36139,-25.47039],[-49.36134,-25.47018],[-49.3613,-25.46998],[-49.3613,-25.46973],[-49.36161,-25.46856],[-49.36162,-25.46828],[-49.3616,-25.46806],[-49.36138,-25.46764],[-49.36133,-25.46742],[-49.36131,-25.46713],[-49.36134,-25.46676],[-49.36145,-25.46659],[-49.36234,-25.46605],[-49.36242,-25.46595],[-49.36247,-25.46583],[-49.36247,-25.46583],[-49.36281,-25.46572],[-49.36316,-25.46547],[-49.36358,-25.46508],[-49.36379,-25.46479],[-49.36442,-25.46406],[-49.36495,-25.46329],[-49.36546,-25.46259],[-49.36574,-25.46221],[-49.3659,-25.46225],[-49.36625,-25.46236],[-49.36655,-25.46247],[-49.36685,-25.46261],[-49.36726,-25.46284],[-49.3675,-25.46307],[-49.36765,-25.46321],[-49.36782,-25.46337],[-49.36797,-25.46351],[-49.36801,-25.46355],[-49.36816,-25.46368],[-49.36857,-25.46397],[-49.36891,-25.46418],[-49.3692,-25.46435],[-49.36931,-25.46448],[-49.36947,-25.46444],[-49.36964,-25.46434],[-49.36987,-25.46421],[-49.37007,-25.46405],[-49.37045,-25.46379],[-49.37085,-25.46348],[-49.37122,-25.46322],[-49.37145,-25.46292],[-49.37158,-25.4628],[-49.37173,-25.46268],[-49.37194,-25.46257],[-49.37233,-25.46235],[-49.37251,-25.46222],[-49.37257,-25.46209],[-49.37282,-25.46154],[-49.37294,-25.46129],[-49.3731,-25.46107],[-49.37325,-25.4609],[-49.37356,-25.46059],[-49.37427,-25.45975],[-49.37442,-25.45897],[-49.37438,-25.4589],[-49.37385,-25.45863],[-49.37375,-25.45854],[-49.3737,-25.45847],[-49.37367,-25.45834],[-49.37368,-25.45783],[-49.37369,-25.45773],[-49.37376,-25.45756],[-49.37384,-25.45739],[-49.37379,-25.45613],[-49.37365,-25.45605],[-49.37364,-25.45604],[-49.37369,-25.45593],[-49.37373,-25.45572],[-49.37394,-25.45442],[-49.37397,-25.45414],[-49.37426,-25.4535],[-49.37427,-25.45318],[-49.37401,-25.44583],[-49.37384,-25.44047],[-49.37378,-25.43927],[-49.37371,-25.43839],[-49.37318,-25.43754],[-49.37211,-25.4342],[-49.37171,-25.43275],[-49.36842,-25.43231],[-49.36585,-25.43201],[-49.35327,-25.43059],[-49.35181,-25.43338],[-49.35149,-25.43384],[-49.35094,-25.43467],[-49.35069,-25.43502],[-49.35046,-25.43521],[-49.34978,-25.43554],[-49.34941,-25.43574],[-49.34916,-25.43593],[-49.3489,-25.43615],[-49.3482,-25.4372],[-49.34793,-25.43759],[-49.34789,-25.43766],[-49.34767,-25.43801],[-49.34747,-25.43827],[-49.34727,-25.43852],[-49.34708,-25.43867],[-49.34702,-25.43874],[-49.34694,-25.43883],[-49.34662,-25.4392],[-49.34646,-25.43938],[-49.34616,-25.43991],[-49.34592,-25.44037],[-49.34532,-25.44127],[-49.34513,-25.44145],[-49.34463,-25.442],[-49.34555,-25.44252],[-49.3457,-25.44231],[-49.34722,-25.44306],[-49.34786,-25.44472],[-49.34708,-25.44596],[-49.34754,-25.44619],[-49.34793,-25.44637],[-49.34884,-25.44706],[-49.34909,-25.44728],[-49.34967,-25.44772],[-49.34888,-25.44864],[-49.34862,-25.44874],[-49.34833,-25.44872],[-49.34808,-25.44864],[-49.34787,-25.44858],[-49.34761,-25.44845],[-49.34739,-25.4484],[-49.34721,-25.44834],[-49.34696,-25.44834],[-49.34672,-25.44845],[-49.34624,-25.44869],[-49.3459,-25.44876],[-49.34552,-25.44876],[-49.3452,-25.44865],[-49.34512,-25.44865],[-49.34501,-25.44868],[-49.34458,-25.44897],[-49.34433,-25.44904],[-49.34388,-25.44919],[-49.34364,-25.44933],[-49.34359,-25.44935],[-49.34339,-25.44942],[-49.34332,-25.44957],[-49.34331,-25.44977],[-49.34317,-25.44988],[-49.34305,-25.44987],[-49.34295,-25.44982],[-49.34281,-25.44982],[-49.34272,-25.44988],[-49.34269,-25.45002],[-49.34258,-25.45007],[-49.34234,-25.45012],[-49.34224,-25.45028],[-49.34209,-25.45041],[-49.34201,-25.45062],[-49.34227,-25.45088],[-49.34255,-25.45097],[-49.34262,-25.45104],[-49.3426,-25.45117],[-49.34252,-25.45132],[-49.34256,-25.45157],[-49.34243,-25.45174],[-49.34248,-25.45185],[-49.34238,-25.45189],[-49.34237,-25.4522],[-49.34216,-25.45232],[-49.34215,-25.45234],[-49.34207,-25.45246],[-49.34197,-25.45254],[-49.34206,-25.45266],[-49.34214,-25.45276],[-49.3421,-25.45295],[-49.34216,-25.45308],[-49.34214,-25.4533],[-49.34204,-25.45337],[-49.3421,-25.45366],[-49.34196,-25.45421],[-49.34195,-25.45473],[-49.3419,-25.45543],[-49.34193,-25.45575],[-49.342,-25.45581],[-49.34217,-25.45588],[-49.34217,-25.45596],[-49.34209,-25.45606],[-49.34201,-25.45627],[-49.34198,-25.45633],[-49.3418,-25.4565],[-49.34163,-25.45664],[-49.34144,-25.45672],[-49.34115,-25.45688],[-49.34089,-25.4571],[-49.34079,-25.45729],[-49.34078,-25.45742],[-49.34075,-25.45743],[-49.34065,-25.45746],[-49.34054,-25.45747],[-49.34049,-25.45749],[-49.34042,-25.45755],[-49.34031,-25.45758],[-49.34023,-25.45763],[-49.34018,-25.45769],[-49.34016,-25.45774],[-49.34021,-25.45784],[-49.3402,-25.45789],[-49.34024,-25.45792],[-49.34028,-25.45793],[-49.3403,-25.45797],[-49.34029,-25.45802],[-49.3402,-25.4582],[-49.34013,-25.45829],[-49.34007,-25.45838],[-49.33991,-25.45852],[-49.33977,-25.45891],[-49.33963,-25.45896],[-49.33953,-25.45914],[-49.33955,-25.45932],[-49.3395,-25.45941],[-49.33952,-25.45951],[-49.33959,-25.45959],[-49.33958,-25.46001],[-49.33958,-25.46003],[-49.33958,-25.46004],[-49.33959,-25.46014],[-49.33956,-25.4603],[-49.33957,-25.4606],[-49.33938,-25.46077],[-49.33922,-25.46109],[-49.33925,-25.46113],[-49.33927,-25.46119],[-49.33938,-25.46132],[-49.33961,-25.46124],[-49.33965,-25.46152],[-49.33986,-25.46179],[-49.33981,-25.46191],[-49.33979,-25.46194],[-49.33975,-25.46201],[-49.3395,-25.46256],[-49.33938,-25.46287],[-49.33937,-25.46289],[-49.33931,-25.46298],[-49.33922,-25.46316],[-49.33916,-25.4633],[-49.33909,-25.46349],[-49.33901,-25.46357],[-49.339,-25.4636],[-49.33895,-25.46372],[-49.3388,-25.46382],[-49.33864,-25.46399],[-49.3385,-25.46409],[-49.33843,-25.46414],[-49.33836,-25.46419],[-49.3385,-25.46428],[-49.33857,-25.46433],[-49.3386,-25.46444],[-49.33862,-25.46448],[-49.33866,-25.46462],[-49.33871,-25.46485],[-49.33872,-25.46492],[-49.33875,-25.46502],[-49.33878,-25.46511],[-49.33881,-25.46523],[-49.33886,-25.46542],[-49.33895,-25.4656],[-49.33903,-25.46577],[-49.33899,-25.46591],[-49.33874,-25.4662],[-49.33846,-25.46634],[-49.33828,-25.46632],[-49.33816,-25.46656],[-49.33795,-25.46668],[-49.33792,-25.46693],[-49.33796,-25.46717],[-49.33791,-25.46746],[-49.33795,-25.46767],[-49.33801,-25.46771],[-49.33824,-25.46787],[-49.33828,-25.46811],[-49.33828,-25.46812],[-49.33818,-25.46838],[-49.33811,-25.46851],[-49.33797,-25.46863],[-49.33793,-25.4688],[-49.33792,-25.46903],[-49.33807,-25.46904],[-49.33824,-25.46932],[-49.33834,-25.46958],[-49.33824,-25.46973],[-49.33784,-25.46966],[-49.33767,-25.46957],[-49.33757,-25.4699],[-49.33739,-25.47014],[-49.33724,-25.4704],[-49.33735,-25.47065],[-49.33748,-25.47095],[-49.33756,-25.47113],[-49.33757,-25.47114],[-49.33748,-25.47121],[-49.33746,-25.4712],[-49.33735,-25.47111],[-49.33721,-25.47097],[-49.33718,-25.47095],[-49.33702,-25.47089],[-49.33689,-25.47093],[-49.33685,-25.47125],[-49.33684,-25.47125],[-49.3366,-25.47134],[-49.3364,-25.47135],[-49.33636,-25.47134],[-49.33622,-25.47131],[-49.33618,-25.47131],[-49.33613,-25.47126],[-49.33606,-25.47119],[-49.33585,-25.47105],[-49.33581,-25.47108],[-49.33564,-25.47124],[-49.3356,-25.47126],[-49.33556,-25.47128],[-49.33549,-25.47132],[-49.33546,-25.47172],[-49.33541,-25.47202],[-49.33544,-25.47214],[-49.33547,-25.47216],[-49.33554,-25.47222],[-49.33546,-25.47238],[-49.33544,-25.47241],[-49.33532,-25.47236],[-49.33515,-25.47228],[-49.33501,-25.47229],[-49.33487,-25.47233],[-49.33462,-25.47236],[-49.33461,-25.47236],[-49.33461,-25.47238],[-49.33455,-25.47253],[-49.33454,-25.47279],[-49.33455,-25.47279],[-49.33471,-25.47296],[-49.3346,-25.47304],[-49.3343,-25.47297],[-49.33424,-25.47318],[-49.33418,-25.47348],[-49.33419,-25.47361],[-49.33419,-25.47376],[-49.33425,-25.47396],[-49.33442,-25.4743],[-49.3346,-25.47453],[-49.33482,-25.47476],[-49.33485,-25.47484],[-49.33482,-25.47492],[-49.33475,-25.47504],[-49.33457,-25.47513],[-49.33439,-25.47526],[-49.33438,-25.47526],[-49.33412,-25.47534],[-49.33406,-25.47537],[-49.33394,-25.47544],[-49.33372,-25.47557],[-49.33348,-25.47571],[-49.33327,-25.47584],[-49.33325,-25.47586],[-49.33315,-25.47595],[-49.33305,-25.47607],[-49.33291,-25.47623],[-49.3326,-25.47648],[-49.33223,-25.47676],[-49.33206,-25.47691],[-49.33173,-25.47719],[-49.33171,-25.47721],[-49.33152,-25.47742],[-49.33113,-25.47771],[-49.33081,-25.47783],[-49.33102,-25.47816],[-49.33122,-25.47843],[-49.33138,-25.47854],[-49.33159,-25.47864],[-49.3318,-25.47869],[-49.33218,-25.4787],[-49.3331,-25.47884],[-49.3335,-25.47889],[-49.33377,-25.47894],[-49.33399,-25.47901],[-49.3342,-25.47912],[-49.33434,-25.47928],[-49.33453,-25.4798],[-49.33521,-25.48081],[-49.33559,-25.48152],[-49.33642,-25.48277],[-49.33703,-25.48376],[-49.33732,-25.4842],[-49.33756,-25.4846],[-49.33766,-25.48488],[-49.33749,-25.48563],[-49.33734,-25.48592],[-49.3372,-25.48632],[-49.33699,-25.48707],[-49.33675,-25.48767],[-49.33661,-25.48848],[-49.33657,-25.48885],[-49.33647,-25.48936],[-49.33592,-25.48955],[-49.33595,-25.49019],[-49.3354,-25.49026],[-49.3354,-25.48983],[-49.33494,-25.49001],[-49.33467,-25.49011],[-49.33362,-25.49049],[-49.33353,-25.49045],[-49.33345,-25.49037],[-49.33345,-25.49037],[-49.3332,-25.49054],[-49.333,-25.49058],[-49.33278,-25.49059],[-49.33248,-25.4905],[-49.33238,-25.49042],[-49.33219,-25.49028],[-49.33191,-25.49041],[-49.33113,-25.49074],[-49.33093,-25.49076],[-49.33079,-25.49069],[-49.33076,-25.49066],[-49.33058,-25.49044],[-49.33052,-25.4903],[-49.33044,-25.49034],[-49.32987,-25.49061],[-49.32921,-25.49094],[-49.32849,-25.49132],[-49.32848,-25.49132],[-49.32838,-25.49138],[-49.32812,-25.49153],[-49.32801,-25.49158],[-49.32777,-25.49167],[-49.32722,-25.49171],[-49.32518,-25.49178],[-49.32531,-25.49213],[-49.3249,-25.49219],[-49.32305,-25.4866],[-49.3202,-25.4883],[-49.31928,-25.48697],[-49.31843,-25.48796],[-49.31839,-25.488],[-49.31635,-25.48984],[-49.31508,-25.49095],[-49.31426,-25.49166],[-49.31367,-25.49221],[-49.31316,-25.49268],[-49.31244,-25.49334],[-49.31203,-25.4935],[-49.31167,-25.49365],[-49.31136,-25.49383],[-49.31082,-25.49417],[-49.31035,-25.49452],[-49.3102,-25.49462],[-49.31001,-25.49479],[-49.30994,-25.49487],[-49.30986,-25.495],[-49.30958,-25.49554],[-49.30953,-25.49567],[-49.30925,-25.49625],[-49.30909,-25.4966],[-49.30884,-25.49691],[-49.30835,-25.49728],[-49.30801,-25.49757],[-49.30779,-25.4977],[-49.30759,-25.49776],[-49.30693,-25.49779],[-49.30651,-25.49778],[-49.30651,-25.49803],[-49.3072,-25.49813],[-49.30747,-25.49813],[-49.30753,-25.49813],[-49.30833,-25.49813],[-49.30863,-25.49815],[-49.30928,-25.49856],[-49.31093,-25.4996],[-49.31134,-25.49986],[-49.31069,-25.50125],[-49.30964,-25.50126],[-49.30953,-25.50119],[-49.30939,-25.50109],[-49.30923,-25.50101],[-49.30917,-25.50099],[-49.30896,-25.50095],[-49.30876,-25.50098],[-49.30863,-25.50105],[-49.3086,-25.50118],[-49.30842,-25.50136],[-49.30829,-25.50153],[-49.30819,-25.5017],[-49.30816,-25.5018],[-49.30804,-25.50212],[-49.30795,-25.50244],[-49.30787,-25.50259],[-49.30778,-25.50284],[-49.30773,-25.50297],[-49.30773,-25.50317],[-49.30771,-25.5032],[-49.30769,-25.50322],[-49.30764,-25.50331],[-49.30759,-25.5035],[-49.30754,-25.50361],[-49.30751,-25.50363],[-49.30747,-25.50366],[-49.30743,-25.5037],[-49.3074,-25.50375],[-49.30738,-25.50379],[-49.30739,-25.50388],[-49.30741,-25.50398],[-49.30743,-25.50412],[-49.3074,-25.50416],[-49.30739,-25.50418],[-49.30738,-25.50423],[-49.30737,-25.50427],[-49.30738,-25.50434],[-49.30742,-25.50444],[-49.30737,-25.50466],[-49.3072,-25.5049],[-49.30718,-25.50513],[-49.30704,-25.50539],[-49.30706,-25.50557],[-49.30697,-25.50572],[-49.30695,-25.50598],[-49.30695,-25.50623],[-49.30691,-25.50629],[-49.30669,-25.50647],[-49.30665,-25.50654],[-49.30663,-25.50656],[-49.30641,-25.50718],[-49.30642,-25.50722],[-49.30644,-25.50781],[-49.30644,-25.50781],[-49.30644,-25.50784],[-49.30639,-25.50869],[-49.30638,-25.50875],[-49.3064,-25.50904],[-49.30652,-25.50918],[-49.30673,-25.50934],[-49.30696,-25.50957],[-49.30711,-25.50976],[-49.30729,-25.50997],[-49.30739,-25.51035],[-49.30757,-25.51099],[-49.30773,-25.51127],[-49.30783,-25.51149],[-49.30784,-25.51154],[-49.30793,-25.51171],[-49.30798,-25.51183],[-49.30815,-25.51205],[-49.30826,-25.51217],[-49.30871,-25.51218],[-49.3098,-25.5122],[-49.3098,-25.51241],[-49.30986,-25.51242],[-49.30991,-25.51243],[-49.31002,-25.51245],[-49.31025,-25.5126],[-49.31025,-25.5126],[-49.31025,-25.51279],[-49.31031,-25.51297],[-49.31042,-25.51317],[-49.31067,-25.51326],[-49.3109,-25.5134],[-49.31119,-25.51343],[-49.31135,-25.51346],[-49.3115,-25.51355],[-49.31159,-25.51389],[-49.31164,-25.5141],[-49.31169,-25.51426],[-49.31204,-25.51471],[-49.31216,-25.51472],[-49.31241,-25.51494],[-49.31263,-25.51546],[-49.3127,-25.51567],[-49.31279,-25.51594],[-49.31292,-25.51615],[-49.31317,-25.51642],[-49.31322,-25.51644],[-49.31326,-25.51647],[-49.31365,-25.51659],[-49.31381,-25.51665],[-49.31413,-25.51677],[-49.31437,-25.51682],[-49.31566,-25.51726],[-49.31617,-25.51744],[-49.31711,-25.51772],[-49.31792,-25.51801],[-49.31866,-25.51829],[-49.31943,-25.51852],[-49.32049,-25.51885],[-49.3207,-25.51899],[-49.32078,-25.51917],[-49.32072,-25.51937],[-49.32048,-25.51921],[-49.32041,-25.5192],[-49.32025,-25.5192],[-49.32014,-25.5193],[-49.32009,-25.51947],[-49.31989,-25.51949],[-49.31968,-25.51937],[-49.31944,-25.51951],[-49.31908,-25.51988],[-49.31852,-25.52005],[-49.31806,-25.52038],[-49.31773,-25.52098],[-49.31759,-25.52132],[-49.31744,-25.52155],[-49.3173,-25.52203],[-49.3171,-25.52223],[-49.31707,-25.52233],[-49.31702,-25.52258],[-49.31708,-25.52298],[-49.31698,-25.52331],[-49.31667,-25.52363],[-49.31652,-25.52398],[-49.31637,-25.52418],[-49.31625,-25.52437],[-49.31592,-25.5248],[-49.31581,-25.5253],[-49.31576,-25.52541],[-49.31573,-25.52556],[-49.31568,-25.5257],[-49.3155,-25.52598],[-49.31538,-25.52609],[-49.31526,-25.52611],[-49.315,-25.52624],[-49.3148,-25.52629],[-49.31454,-25.52642],[-49.3144,-25.52647],[-49.31426,-25.52658],[-49.31415,-25.5267],[-49.31397,-25.52688],[-49.31331,-25.5273],[-49.31321,-25.5274],[-49.3128,-25.52762],[-49.3124,-25.52787],[-49.31232,-25.52796],[-49.31224,-25.52807],[-49.31212,-25.52816],[-49.31194,-25.52835],[-49.3119,-25.52847],[-49.31194,-25.52863],[-49.31194,-25.5288],[-49.31171,-25.52906],[-49.31159,-25.52922],[-49.31154,-25.52934],[-49.31154,-25.52948],[-49.31151,-25.52959],[-49.31139,-25.52976],[-49.31138,-25.52977],[-49.31125,-25.5299],[-49.31106,-25.53001],[-49.31093,-25.53003],[-49.31018,-25.53002],[-49.31,-25.53007],[-49.30976,-25.53021],[-49.30965,-25.53027],[-49.30937,-25.53054],[-49.30936,-25.53066],[-49.30899,-25.53124],[-49.30828,-25.53145],[-49.30816,-25.53154],[-49.30804,-25.53152],[-49.30776,-25.53152],[-49.30762,-25.53159],[-49.30747,-25.53158],[-49.3073,-25.53166],[-49.30717,-25.53177],[-49.307,-25.53203],[-49.30673,-25.53217],[-49.30659,-25.53252],[-49.30652,-25.53281],[-49.3065,-25.53313],[-49.30653,-25.53337],[-49.3065,-25.53348],[-49.30629,-25.5336],[-49.30602,-25.53374],[-49.30582,-25.53374],[-49.30553,-25.53387],[-49.30492,-25.53422],[-49.3047,-25.53418],[-49.30431,-25.53427],[-49.3039,-25.53413],[-49.30355,-25.53376],[-49.30274,-25.53182],[-49.3026,-25.53133],[-49.30236,-25.53058],[-49.30177,-25.52999],[-49.30099,-25.52913],[-49.29947,-25.53054],[-49.30086,-25.53442],[-49.30123,-25.53582],[-49.30159,-25.53739],[-49.30169,-25.5378],[-49.30195,-25.53873],[-49.303,-25.54318],[-49.30334,-25.54445],[-49.30392,-25.5471],[-49.30404,-25.54779],[-49.30446,-25.5496],[-49.30494,-25.55171],[-49.30502,-25.55214],[-49.30532,-25.55323],[-49.30543,-25.55371],[-49.30547,-25.55388],[-49.30587,-25.55556],[-49.30665,-25.55857],[-49.3069,-25.55925],[-49.30726,-25.55982],[-49.30756,-25.56033],[-49.30767,-25.56051],[-49.30796,-25.56133],[-49.30818,-25.56203],[-49.30885,-25.56184],[-49.309,-25.5618],[-49.30929,-25.56171],[-49.30978,-25.56154],[-49.31001,-25.56146],[-49.31076,-25.56112],[-49.31132,-25.56088],[-49.31146,-25.56082],[-49.31345,-25.55949],[-49.31534,-25.55796],[-49.31569,-25.55771],[-49.31607,-25.5574],[-49.31709,-25.55662],[-49.31787,-25.55616],[-49.3185,-25.55579],[-49.31954,-25.55533],[-49.3205,-25.55504],[-49.32125,-25.55491],[-49.32175,-25.55478],[-49.3223,-25.55464],[-49.3238,-25.55458],[-49.32408,-25.55456],[-49.32579,-25.55468],[-49.32753,-25.55478],[-49.32804,-25.55481],[-49.3286,-25.55485],[-49.32932,-25.55485],[-49.32998,-25.55481],[-49.33055,-25.55475],[-49.33146,-25.55461],[-49.33249,-25.55435],[-49.33279,-25.55428],[-49.3328,-25.55427],[-49.33493,-25.55368],[-49.33684,-25.5532],[-49.33895,-25.55293],[-49.33898,-25.55293],[-49.34013,-25.55279],[-49.34016,-25.55278]]]}},{"type":"Feature","properties":{"code":"4106902008","name":"Rebouças"},"geometry":{"type":"Polygon","coordinates":[[[-49.27111,-25.45298],[-49.27194,-25.45118],[-49.27194,-25.45117],[-49.27247,-25.45003],[-49.27312,-25.44863],[-49.27352,-25.44774],[-49.2737,-25.44729],[-49.27437,-25.4459],[-49.27501,-25.44449],[-49.27505,-25.44442],[-49.27509,-25.44435],[-49.27575,-25.44293],[-49.27578,-25.44286],[-49.27582,-25.44278],[-49.2764,-25.44147],[-49.27644,-25.4414],[-49.27616,-25.44129],[-49.27548,-25.44102],[-49.27511,-25.44089],[-49.27404,-25.44046],[-49.27294,-25.44004],[-49.27201,-25.43968],[-49.27133,-25.43942],[-49.26996,-25.4389],[-49.26836,-25.43828],[-49.26815,-25.4382],[-49.26772,-25.43802],[-49.26728,-25.43786],[-49.26582,-25.43728],[-49.26479,-25.43688],[-49.26365,-25.43645],[-49.26362,-25.43644],[-49.26236,-25.43598],[-49.26189,-25.4358],[-49.2617,-25.43574],[-49.26159,-25.4357],[-49.26131,-25.43554],[-49.2604,-25.43522],[-49.26037,-25.43528],[-49.26023,-25.43536],[-49.2601,-25.43552],[-49.26004,-25.43581],[-49.25995,-25.43597],[-49.25973,-25.43629],[-49.25951,-25.43648],[-49.25926,-25.43667],[-49.25872,-25.43716],[-49.2586,-25.43732],[-49.25839,-25.43779],[-49.25827,-25.43832],[-49.25816,-25.43907],[-49.2582,-25.43913],[-49.25793,-25.43943],[-49.25792,-25.43945],[-49.25712,-25.44042],[-49.25685,-25.44064],[-49.25668,-25.44074],[-49.25643,-25.44077],[-49.25602,-25.44088],[-49.25534,-25.44097],[-49.25505,-25.44099],[-49.25424,-25.44126],[-49.25409,-25.44134],[-49.25322,-25.4416],[-49.25273,-25.44183],[-49.25244,-25.44192],[-49.25227,-25.44198],[-49.25186,-25.44211],[-49.25187,-25.44272],[-49.2518,-25.44338],[-49.25127,-25.44497],[-49.252,-25.44524],[-49.25212,-25.44529],[-49.25312,-25.44568],[-49.25416,-25.4461],[-49.25511,-25.44645],[-49.25616,-25.44688],[-49.25633,-25.44696],[-49.25723,-25.44732],[-49.25753,-25.44744],[-49.25807,-25.44764],[-49.2584,-25.44781],[-49.25913,-25.44812],[-49.25934,-25.44821],[-49.26056,-25.4487],[-49.26116,-25.44895],[-49.26158,-25.44912],[-49.26175,-25.44919],[-49.26257,-25.44952],[-49.26272,-25.44958],[-49.26281,-25.44962],[-49.26227,-25.45076],[-49.26234,-25.45079],[-49.26245,-25.45099],[-49.26271,-25.45124],[-49.26305,-25.45158],[-49.26379,-25.45223],[-49.26455,-25.45295],[-49.2652,-25.45353],[-49.26535,-25.45366],[-49.266,-25.45425],[-49.26703,-25.4552],[-49.26725,-25.45536],[-49.26769,-25.45568],[-49.26789,-25.45583],[-49.26815,-25.45604],[-49.26838,-25.45628],[-49.26924,-25.45707],[-49.26924,-25.45706],[-49.26928,-25.457],[-49.26934,-25.45686],[-49.26975,-25.45607],[-49.26999,-25.45543],[-49.2706,-25.45412],[-49.27111,-25.45298]]]}},{"type":"Feature","properties":{"code":"4106902027","name":"Portão"},"geometry":{"type":"Polygon","coordinates":[[[-49.28749,-25.46928],[-49.28743,-25.46948],[-49.28704,-25.47031],[-49.28656,-25.47128],[-49.28635,-25.47176],[-49.28616,-25.4722],[-49.2861,-25.47229],[-49.2859,-25.47276],[-49.28566,-25.47329],[-49.28546,-25.47371],[-49.28502,-25.47467],[-49.28488,-25.475],[-49.28485,-25.47505],[-49.28464,-25.47514],[-49.28446,-25.4752],[-49.28437,-25.47512],[-49.28423,-25.4753],[-49.28416,-25.47533],[-49.28409,-25.47535],[-49.28384,-25.4762],[-49.2836,-25.47697],[-49.28352,-25.47723],[-49.2838,-25.4773],[-49.28424,-25.47741],[-49.28605,-25.47785],[-49.28675,-25.47822],[-49.28791,-25.47845],[-49.28819,-25.47852],[-49.28852,-25.4786],[-49.28895,-25.47889],[-49.28944,-25.47928],[-49.29015,-25.47986],[-49.29062,-25.48024],[-49.29079,-25.48025],[-49.29139,-25.48016],[-49.29172,-25.48004],[-49.29229,-25.47992],[-49.29233,-25.48009],[-49.29245,-25.48038],[-49.29247,-25.48058],[-49.29251,-25.48078],[-49.29254,-25.48078],[-49.29259,-25.48077],[-49.29446,-25.4808],[-49.29558,-25.48081],[-49.29565,-25.48081],[-49.29571,-25.48081],[-49.29597,-25.48106],[-49.29623,-25.4814],[-49.29627,-25.48147],[-49.29673,-25.48218],[-49.29714,-25.48245],[-49.29747,-25.48256],[-49.29766,-25.48259],[-49.29836,-25.48264],[-49.29977,-25.48274],[-49.29997,-25.48275],[-49.30019,-25.48276],[-49.30042,-25.48277],[-49.30069,-25.48275],[-49.30093,-25.48271],[-49.30118,-25.48266],[-49.30154,-25.48255],[-49.30247,-25.48228],[-49.30278,-25.4822],[-49.3029,-25.48216],[-49.30307,-25.48214],[-49.30326,-25.48213],[-49.30346,-25.48214],[-49.30364,-25.48218],[-49.30382,-25.48222],[-49.30393,-25.48226],[-49.30481,-25.48254],[-49.30491,-25.48257],[-49.3052,-25.48264],[-49.30664,-25.48309],[-49.30748,-25.48338],[-49.30777,-25.48353],[-49.30798,-25.48369],[-49.30826,-25.48398],[-49.30846,-25.48413],[-49.30856,-25.48418],[-49.30876,-25.48424],[-49.30893,-25.48427],[-49.30895,-25.48427],[-49.30917,-25.48428],[-49.30932,-25.48427],[-49.30938,-25.48425],[-49.30953,-25.4842],[-49.31007,-25.484],[-49.31115,-25.48358],[-49.31161,-25.48346],[-49.3118,-25.4834],[-49.31201,-25.48336],[-49.31233,-25.48331],[-49.31255,-25.48329],[-49.31274,-25.48331],[-49.31289,-25.48332],[-49.31288,-25.4829],[-49.31299,-25.48274],[-49.31305,-25.48251],[-49.31281,-25.4825],[-49.31279,-25.48278],[-49.31278,-25.48291],[-49.31278,-25.48301],[-49.31263,-25.48298],[-49.31227,-25.483],[-49.31188,-25.48305],[-49.31161,-25.48312],[-49.31123,-25.48319],[-49.31121,-25.48319],[-49.31121,-25.48307],[-49.31121,-25.48247],[-49.31123,-25.48165],[-49.31123,-25.48102],[-49.31122,-25.47958],[-49.31125,-25.47818],[-49.31125,-25.47806],[-49.31128,-25.47802],[-49.31131,-25.47798],[-49.31135,-25.47793],[-49.3114,-25.47787],[-49.31148,-25.47777],[-49.31153,-25.47769],[-49.3121,-25.47757],[-49.3126,-25.47747],[-49.31316,-25.47732],[-49.3135,-25.47724],[-49.31382,-25.47715],[-49.31433,-25.47703],[-49.31456,-25.47697],[-49.31482,-25.47692],[-49.31488,-25.47689],[-49.31521,-25.47675],[-49.31593,-25.47644],[-49.3168,-25.47606],[-49.31733,-25.47584],[-49.31763,-25.47572],[-49.31807,-25.47552],[-49.31814,-25.47541],[-49.31818,-25.47534],[-49.31826,-25.47522],[-49.31825,-25.47507],[-49.31826,-25.47487],[-49.31826,-25.47473],[-49.31825,-25.47453],[-49.31825,-25.47441],[-49.31828,-25.4737],[-49.31844,-25.4724],[-49.31849,-25.47187],[-49.31854,-25.4715],[-49.3186,-25.47128],[-49.31861,-25.4712],[-49.31858,-25.471],[-49.31854,-25.47075],[-49.31848,-25.47025],[-49.3184,-25.46975],[-49.31834,-25.46957],[-49.3183,-25.4694],[-49.31825,-25.46932],[-49.3181,-25.46914],[-49.31797,-25.469],[-49.3178,-25.46882],[-49.31776,-25.46878],[-49.31741,-25.46852],[-49.31724,-25.46838],[-49.31715,-25.46831],[-49.31706,-25.46812],[-49.31706,-25.46791],[-49.31708,-25.46766],[-49.31709,-25.46757],[-49.31706,-25.46734],[-49.31694,-25.46717],[-49.31664,-25.46703],[-49.31651,-25.46698],[-49.31642,-25.46693],[-49.31625,-25.4668],[-49.31605,-25.46665],[-49.31583,-25.46656],[-49.31565,-25.4665],[-49.31557,-25.46648],[-49.31555,-25.46647],[-49.31483,-25.46626],[-49.31487,-25.46615],[-49.31431,-25.46602],[-49.31427,-25.4661],[-49.31315,-25.46584],[-49.31294,-25.46576],[-49.3122,-25.46537],[-49.31111,-25.46482],[-49.31086,-25.46482],[-49.31047,-25.46479],[-49.30983,-25.46478],[-49.30968,-25.46478],[-49.30927,-25.46486],[-49.30842,-25.46502],[-49.30841,-25.46502],[-49.30818,-25.46505],[-49.30763,-25.46514],[-49.30708,-25.46517],[-49.3065,-25.46516],[-49.30621,-25.46515],[-49.30576,-25.46508],[-49.30545,-25.46501],[-49.30457,-25.46484],[-49.30407,-25.46474],[-49.30384,-25.46472],[-49.30366,-25.46473],[-49.30336,-25.46481],[-49.30316,-25.46476],[-49.30283,-25.46467],[-49.30273,-25.46455],[-49.30203,-25.46437],[-49.30104,-25.4641],[-49.30079,-25.46403],[-49.30079,-25.4638],[-49.30083,-25.46347],[-49.30094,-25.46312],[-49.30106,-25.46288],[-49.30137,-25.46227],[-49.30154,-25.46192],[-49.30166,-25.46151],[-49.30173,-25.46086],[-49.30203,-25.46],[-49.30139,-25.46012],[-49.3001,-25.46034],[-49.29886,-25.46055],[-49.29794,-25.46073],[-49.29663,-25.46093],[-49.29642,-25.46097],[-49.29537,-25.46113],[-49.29412,-25.46138],[-49.29407,-25.46139],[-49.29284,-25.46158],[-49.29162,-25.46179],[-49.2911,-25.46189],[-49.29057,-25.46198],[-49.2902,-25.46206],[-49.2906,-25.46295],[-49.29111,-25.46432],[-49.29133,-25.46484],[-49.29133,-25.46486],[-49.29125,-25.46497],[-49.29052,-25.46591],[-49.29028,-25.46613],[-49.28997,-25.46654],[-49.28947,-25.4672],[-49.28887,-25.46799],[-49.28873,-25.46807],[-49.28849,-25.46813],[-49.28792,-25.46836],[-49.28749,-25.46928]]]}},{"type":"Feature","properties":{"code":"4106902045","name":"Mossunguê"},"geometry":{"type":"Polygon","coordinates":[[[-49.32547,-25.44493],[-49.32548,-25.44493],[-49.32583,-25.44484],[-49.32617,-25.44476],[-49.32646,-25.44476],[-49.32768,-25.4452],[-49.3279,-25.44525],[-49.3282,-25.44529],[-49.32819,-25.44585],[-49.3293,-25.44587],[-49.32971,-25.44584],[-49.32993,-25.44579],[-49.33027,-25.44561],[-49.33059,-25.44534],[-49.33118,-25.44477],[-49.3317,-25.4442],[-49.33178,-25.44412],[-49.33211,-25.44394],[-49.33291,-25.4435],[-49.33329,-25.44323],[-49.33378,-25.4429],[-49.33399,-25.44276],[-49.3345,-25.44236],[-49.33452,-25.44227],[-49.33451,-25.44216],[-49.33457,-25.44197],[-49.33465,-25.4417],[-49.33499,-25.441],[-49.33464,-25.44074],[-49.33455,-25.44059],[-49.33446,-25.44042],[-49.33436,-25.44022],[-49.33426,-25.44005],[-49.33415,-25.43974],[-49.334,-25.43929],[-49.33395,-25.43905],[-49.33389,-25.43892],[-49.33411,-25.43889],[-49.33396,-25.43861],[-49.33379,-25.43828],[-49.33378,-25.43827],[-49.33426,-25.43807],[-49.33525,-25.43773],[-49.33579,-25.43756],[-49.3358,-25.43756],[-49.33604,-25.43748],[-49.33612,-25.43745],[-49.33613,-25.43745],[-49.33677,-25.43725],[-49.33717,-25.43713],[-49.33692,-25.43642],[-49.33734,-25.43633],[-49.3376,-25.43627],[-49.3379,-25.43623],[-49.33858,-25.43622],[-49.33893,-25.43621],[-49.33906,-25.43628],[-49.33938,-25.43648],[-49.33951,-25.43655],[-49.33974,-25.43667],[-49.34081,-25.43701],[-49.34088,-25.43704],[-49.34074,-25.4364],[-49.33993,-25.43519],[-49.33984,-25.43505],[-49.33957,-25.43464],[-49.33903,-25.43329],[-49.33895,-25.43287],[-49.33888,-25.43094],[-49.33885,-25.43055],[-49.33884,-25.43045],[-49.33697,-25.43049],[-49.33574,-25.43052],[-49.33534,-25.43052],[-49.33261,-25.43061],[-49.33165,-25.43062],[-49.32997,-25.43069],[-49.32792,-25.43077],[-49.32531,-25.43102],[-49.32466,-25.43107],[-49.32405,-25.43101],[-49.32359,-25.43091],[-49.32263,-25.43064],[-49.32126,-25.43023],[-49.32024,-25.42999],[-49.31972,-25.42997],[-49.31938,-25.43001],[-49.31906,-25.43004],[-49.31855,-25.43015],[-49.31679,-25.43083],[-49.31519,-25.43153],[-49.31392,-25.43197],[-49.31397,-25.43206],[-49.3141,-25.43228],[-49.31417,-25.43259],[-49.31422,-25.43304],[-49.31436,-25.43345],[-49.31443,-25.43387],[-49.31462,-25.43474],[-49.31472,-25.43517],[-49.31505,-25.43627],[-49.31523,-25.43647],[-49.31747,-25.43822],[-49.318,-25.43857],[-49.31824,-25.43889],[-49.31829,-25.43916],[-49.3183,-25.43926],[-49.31826,-25.43935],[-49.31826,-25.43952],[-49.31817,-25.43975],[-49.31804,-25.43995],[-49.31785,-25.44024],[-49.31784,-25.44025],[-49.31724,-25.44157],[-49.31705,-25.44197],[-49.31647,-25.44334],[-49.31605,-25.44428],[-49.31511,-25.44652],[-49.31545,-25.44663],[-49.31566,-25.44673],[-49.31579,-25.44684],[-49.31595,-25.44691],[-49.31605,-25.4469],[-49.31614,-25.44684],[-49.31613,-25.44673],[-49.31604,-25.44656],[-49.31633,-25.44642],[-49.31639,-25.44632],[-49.31651,-25.4462],[-49.31658,-25.4461],[-49.31675,-25.44599],[-49.31688,-25.44593],[-49.31705,-25.44584],[-49.31722,-25.44572],[-49.31736,-25.44568],[-49.31753,-25.44554],[-49.31763,-25.44548],[-49.31774,-25.44546],[-49.31788,-25.44546],[-49.318,-25.44542],[-49.31814,-25.44533],[-49.31821,-25.44524],[-49.31844,-25.44518],[-49.31888,-25.44506],[-49.31918,-25.44499],[-49.31933,-25.44501],[-49.31958,-25.44513],[-49.31993,-25.44525],[-49.32017,-25.4454],[-49.32023,-25.4456],[-49.32031,-25.44579],[-49.32046,-25.44592],[-49.32061,-25.446],[-49.32079,-25.44624],[-49.32096,-25.44641],[-49.32374,-25.44663],[-49.32412,-25.44664],[-49.32421,-25.44664],[-49.32424,-25.4466],[-49.32416,-25.44653],[-49.32401,-25.44651],[-49.32396,-25.44643],[-49.3239,-25.44635],[-49.32377,-25.44621],[-49.32372,-25.44611],[-49.32373,-25.446],[-49.32391,-25.44588],[-49.32415,-25.44575],[-49.32426,-25.44559],[-49.32442,-25.44555],[-49.32462,-25.44541],[-49.32498,-25.44511],[-49.32505,-25.44503],[-49.32512,-25.4449],[-49.32525,-25.44487],[-49.32547,-25.44493]]]}},{"type":"Feature","properties":{"code":"4106902032","name":"Pilarzinho"},"geometry":{"type":"Polygon","coordinates":[[[-49.27222,-25.38869],[-49.2721,-25.38884],[-49.27207,-25.38906],[-49.27209,-25.38927],[-49.2721,-25.38938],[-49.27215,-25.38962],[-49.27218,-25.38985],[-49.27235,-25.39087],[-49.27238,-25.39104],[-49.27264,-25.39247],[-49.2727,-25.39287],[-49.27276,-25.39328],[-49.27277,-25.39364],[-49.27278,-25.39423],[-49.27279,-25.39451],[-49.27285,-25.39474],[-49.27319,-25.39579],[-49.27323,-25.39589],[-49.27327,-25.39601],[-49.27338,-25.39636],[-49.27342,-25.39654],[-49.27343,-25.39682],[-49.27347,-25.3978],[-49.27347,-25.39793],[-49.27349,-25.39817],[-49.2735,-25.39827],[-49.27353,-25.39849],[-49.27357,-25.39868],[-49.27367,-25.39905],[-49.2738,-25.39927],[-49.2739,-25.39945],[-49.27404,-25.39971],[-49.2741,-25.39983],[-49.27429,-25.40015],[-49.27469,-25.40077],[-49.27478,-25.40086],[-49.27487,-25.40096],[-49.27502,-25.40112],[-49.27507,-25.40123],[-49.27512,-25.40138],[-49.27517,-25.40159],[-49.27522,-25.4019],[-49.27524,-25.40208],[-49.27524,-25.40217],[-49.27523,-25.40233],[-49.2767,-25.40229],[-49.27739,-25.40221],[-49.2781,-25.40214],[-49.27838,-25.40209],[-49.2787,-25.40207],[-49.27903,-25.4021],[-49.27946,-25.40213],[-49.27963,-25.40216],[-49.27988,-25.40213],[-49.28061,-25.402],[-49.28115,-25.40192],[-49.28144,-25.40188],[-49.28186,-25.40176],[-49.28203,-25.40168],[-49.28251,-25.40147],[-49.2837,-25.40119],[-49.28411,-25.4011],[-49.2842,-25.40109],[-49.28457,-25.40109],[-49.28473,-25.40112],[-49.2843,-25.40132],[-49.2838,-25.40158],[-49.28361,-25.40168],[-49.28346,-25.40182],[-49.28337,-25.40192],[-49.28318,-25.40218],[-49.28282,-25.40265],[-49.28273,-25.40275],[-49.28257,-25.40293],[-49.28248,-25.40305],[-49.28238,-25.4032],[-49.28233,-25.40339],[-49.28239,-25.40339],[-49.28404,-25.40275],[-49.28432,-25.40264],[-49.28444,-25.4026],[-49.2852,-25.40227],[-49.2861,-25.40191],[-49.28675,-25.40175],[-49.28708,-25.40157],[-49.28773,-25.40222],[-49.28824,-25.40271],[-49.28877,-25.40317],[-49.28927,-25.40357],[-49.28934,-25.40363],[-49.28942,-25.40365],[-49.29,-25.40377],[-49.29025,-25.40385],[-49.29052,-25.40393],[-49.29086,-25.40404],[-49.29103,-25.40406],[-49.2913,-25.40409],[-49.29183,-25.40419],[-49.29192,-25.40401],[-49.29203,-25.40369],[-49.2923,-25.40322],[-49.29273,-25.40268],[-49.29282,-25.40256],[-49.29327,-25.40212],[-49.29343,-25.402],[-49.29352,-25.40192],[-49.29393,-25.40153],[-49.29457,-25.401],[-49.29487,-25.40072],[-49.29505,-25.40045],[-49.29511,-25.40034],[-49.29517,-25.40017],[-49.29535,-25.39994],[-49.29549,-25.39986],[-49.29582,-25.39983],[-49.296,-25.39979],[-49.29629,-25.39949],[-49.29642,-25.39929],[-49.29665,-25.39916],[-49.29686,-25.39891],[-49.29697,-25.39863],[-49.29702,-25.39843],[-49.2979,-25.3984],[-49.29846,-25.39818],[-49.29918,-25.39793],[-49.2999,-25.39773],[-49.3004,-25.3976],[-49.30196,-25.39639],[-49.30196,-25.3965],[-49.30255,-25.3964],[-49.30342,-25.39627],[-49.30367,-25.39621],[-49.30403,-25.39607],[-49.30463,-25.39578],[-49.30497,-25.39558],[-49.30507,-25.39551],[-49.3051,-25.39539],[-49.30513,-25.39486],[-49.30512,-25.39444],[-49.30497,-25.3941],[-49.30477,-25.39388],[-49.30444,-25.39353],[-49.3042,-25.39329],[-49.30419,-25.39327],[-49.30405,-25.39297],[-49.30405,-25.39254],[-49.30412,-25.39214],[-49.3044,-25.39169],[-49.30437,-25.39147],[-49.30444,-25.39089],[-49.30452,-25.39014],[-49.3042,-25.38996],[-49.3036,-25.38986],[-49.30359,-25.3898],[-49.30346,-25.38898],[-49.30344,-25.38844],[-49.30355,-25.38812],[-49.3036,-25.38798],[-49.30358,-25.38781],[-49.30344,-25.38764],[-49.30331,-25.38751],[-49.30314,-25.38735],[-49.30306,-25.38728],[-49.303,-25.38728],[-49.30295,-25.38728],[-49.30289,-25.38721],[-49.30281,-25.38712],[-49.30266,-25.38695],[-49.30251,-25.38654],[-49.30224,-25.38616],[-49.30174,-25.38575],[-49.30115,-25.38557],[-49.30065,-25.38545],[-49.30047,-25.38534],[-49.30012,-25.38539],[-49.2999,-25.38536],[-49.29968,-25.38526],[-49.29962,-25.38518],[-49.29959,-25.38509],[-49.29966,-25.38489],[-49.29988,-25.3848],[-49.30017,-25.38481],[-49.30053,-25.38488],[-49.3007,-25.38473],[-49.30083,-25.38468],[-49.30136,-25.38471],[-49.30163,-25.38462],[-49.30172,-25.38451],[-49.30184,-25.38419],[-49.30222,-25.38386],[-49.30231,-25.38353],[-49.30239,-25.38341],[-49.30267,-25.38321],[-49.30273,-25.38301],[-49.30266,-25.38283],[-49.30255,-25.3827],[-49.30236,-25.38249],[-49.30204,-25.38185],[-49.30175,-25.38164],[-49.30161,-25.38149],[-49.3015,-25.3813],[-49.30147,-25.38124],[-49.30141,-25.38113],[-49.30097,-25.38034],[-49.30032,-25.37957],[-49.30027,-25.37943],[-49.30033,-25.37913],[-49.30032,-25.37899],[-49.30026,-25.37887],[-49.30022,-25.37884],[-49.3001,-25.37873],[-49.29975,-25.37863],[-49.29941,-25.37874],[-49.29932,-25.37884],[-49.29919,-25.37934],[-49.29906,-25.37942],[-49.29899,-25.37941],[-49.29891,-25.37931],[-49.29886,-25.37899],[-49.2987,-25.3786],[-49.29832,-25.37844],[-49.29766,-25.37828],[-49.29751,-25.37828],[-49.2975,-25.37828],[-49.29739,-25.37836],[-49.29736,-25.37862],[-49.29728,-25.37874],[-49.29716,-25.37882],[-49.29604,-25.37889],[-49.29584,-25.37881],[-49.2958,-25.37853],[-49.29565,-25.37804],[-49.29563,-25.37799],[-49.29564,-25.37721],[-49.29573,-25.37673],[-49.29568,-25.37618],[-49.29564,-25.37598],[-49.29547,-25.37574],[-49.29522,-25.37562],[-49.29487,-25.37573],[-49.29466,-25.37573],[-49.29454,-25.3758],[-49.2942,-25.37618],[-49.29391,-25.37618],[-49.29361,-25.37634],[-49.29349,-25.37627],[-49.29324,-25.37586],[-49.29289,-25.37576],[-49.29253,-25.37581],[-49.29071,-25.37691],[-49.29022,-25.37706],[-49.28956,-25.37718],[-49.28926,-25.37724],[-49.2887,-25.37743],[-49.28819,-25.3777],[-49.28695,-25.3786],[-49.28671,-25.37867],[-49.28624,-25.37871],[-49.28588,-25.37941],[-49.28582,-25.37982],[-49.28555,-25.3804],[-49.28522,-25.38073],[-49.28479,-25.38107],[-49.28456,-25.38118],[-49.28418,-25.38144],[-49.28413,-25.38147],[-49.28405,-25.38154],[-49.28374,-25.38156],[-49.28359,-25.38152],[-49.2834,-25.38125],[-49.2829,-25.38055],[-49.28274,-25.38032],[-49.28244,-25.38031],[-49.2817,-25.38025],[-49.28102,-25.38021],[-49.28092,-25.38024],[-49.28061,-25.3804],[-49.28025,-25.38061],[-49.2802,-25.38063],[-49.2801,-25.38041],[-49.28004,-25.3803],[-49.27995,-25.38017],[-49.27995,-25.38016],[-49.27975,-25.38087],[-49.27956,-25.38145],[-49.27958,-25.38167],[-49.27958,-25.3818],[-49.27966,-25.38204],[-49.27983,-25.3823],[-49.27991,-25.38243],[-49.28004,-25.38269],[-49.28007,-25.38293],[-49.28001,-25.38333],[-49.27984,-25.38411],[-49.27962,-25.38524],[-49.27964,-25.38539],[-49.27959,-25.38544],[-49.27943,-25.38556],[-49.27933,-25.38564],[-49.27917,-25.38571],[-49.27903,-25.38577],[-49.27889,-25.38577],[-49.27844,-25.38577],[-49.27831,-25.38576],[-49.27738,-25.38569],[-49.27631,-25.38563],[-49.27596,-25.38562],[-49.27561,-25.38561],[-49.27533,-25.3856],[-49.27507,-25.38563],[-49.2748,-25.38567],[-49.27333,-25.38599],[-49.2727,-25.38613],[-49.27251,-25.38623],[-49.27232,-25.38639],[-49.27155,-25.38703],[-49.27109,-25.38734],[-49.27185,-25.38824],[-49.27207,-25.38851],[-49.27222,-25.38869]]]}},{"type":"Feature","properties":{"code":"4106902057","name":"Xaxim"},"geometry":{"type":"Polygon","coordinates":[[[-49.26778,-25.52236],[-49.26807,-25.52198],[-49.26831,-25.52167],[-49.26842,-25.52158],[-49.2686,-25.52156],[-49.26874,-25.52157],[-49.2689,-25.52162],[-49.26902,-25.52162],[-49.26913,-25.5216],[-49.26919,-25.52162],[-49.26934,-25.5218],[-49.26946,-25.52188],[-49.26963,-25.52189],[-49.26984,-25.52192],[-49.27003,-25.52183],[-49.27015,-25.5218],[-49.27019,-25.52178],[-49.2703,-25.52178],[-49.27044,-25.52166],[-49.27076,-25.52171],[-49.27255,-25.52052],[-49.27258,-25.52051],[-49.27395,-25.5196],[-49.27527,-25.51869],[-49.27666,-25.51779],[-49.27646,-25.51754],[-49.27808,-25.51646],[-49.28118,-25.51441],[-49.28188,-25.51394],[-49.2829,-25.51326],[-49.28353,-25.51284],[-49.28442,-25.51225],[-49.28426,-25.51201],[-49.28446,-25.51188],[-49.28512,-25.51146],[-49.28627,-25.51068],[-49.28686,-25.51027],[-49.28702,-25.51018],[-49.28666,-25.50975],[-49.28622,-25.50919],[-49.28593,-25.50883],[-49.28508,-25.50777],[-49.2848,-25.50743],[-49.28376,-25.50615],[-49.28364,-25.50601],[-49.28275,-25.50486],[-49.28244,-25.50444],[-49.28218,-25.50414],[-49.28162,-25.50344],[-49.28134,-25.50307],[-49.28077,-25.50233],[-49.28002,-25.50143],[-49.28001,-25.50141],[-49.27924,-25.50042],[-49.27879,-25.49987],[-49.27851,-25.49952],[-49.27825,-25.49921],[-49.27774,-25.49858],[-49.27556,-25.49591],[-49.27522,-25.49549],[-49.27498,-25.4952],[-49.27396,-25.49393],[-49.27337,-25.49321],[-49.27294,-25.49267],[-49.27283,-25.49254],[-49.2725,-25.49213],[-49.27189,-25.49137],[-49.2711,-25.4904],[-49.27013,-25.48922],[-49.26849,-25.48718],[-49.26819,-25.48682],[-49.26726,-25.48568],[-49.26665,-25.48494],[-49.26659,-25.48504],[-49.26655,-25.48511],[-49.26611,-25.48586],[-49.2661,-25.48587],[-49.26497,-25.48819],[-49.26403,-25.48992],[-49.26367,-25.48979],[-49.26295,-25.48948],[-49.26299,-25.48965],[-49.26302,-25.48978],[-49.26297,-25.48991],[-49.26293,-25.49001],[-49.26287,-25.49014],[-49.26281,-25.4903],[-49.26273,-25.49049],[-49.26261,-25.49064],[-49.26254,-25.49073],[-49.26248,-25.4908],[-49.26223,-25.49112],[-49.26206,-25.49125],[-49.26166,-25.49219],[-49.26151,-25.49214],[-49.26102,-25.49196],[-49.26056,-25.49286],[-49.26005,-25.49403],[-49.2597,-25.49475],[-49.25883,-25.49655],[-49.25845,-25.49736],[-49.2582,-25.49785],[-49.25804,-25.49823],[-49.25862,-25.49848],[-49.25875,-25.49838],[-49.25899,-25.49852],[-49.25906,-25.49923],[-49.25888,-25.49926],[-49.25882,-25.49939],[-49.25855,-25.49926],[-49.25858,-25.49919],[-49.25825,-25.49904],[-49.25846,-25.49859],[-49.25834,-25.49854],[-49.25797,-25.49839],[-49.25723,-25.49989],[-49.25705,-25.50027],[-49.2562,-25.50207],[-49.25657,-25.50222],[-49.25669,-25.50226],[-49.25696,-25.50237],[-49.25691,-25.50246],[-49.25605,-25.50421],[-49.25574,-25.50489],[-49.25538,-25.50571],[-49.25499,-25.50652],[-49.25477,-25.50696],[-49.2546,-25.50733],[-49.25432,-25.50787],[-49.25341,-25.50972],[-49.25265,-25.5113],[-49.25071,-25.51528],[-49.25071,-25.51528],[-49.24978,-25.51709],[-49.25093,-25.51756],[-49.25093,-25.51756],[-49.2518,-25.51791],[-49.25297,-25.51779],[-49.25298,-25.51779],[-49.25549,-25.51751],[-49.25569,-25.51749],[-49.25556,-25.5179],[-49.25527,-25.51868],[-49.25525,-25.51895],[-49.25524,-25.51915],[-49.25525,-25.51932],[-49.25531,-25.52015],[-49.25534,-25.52075],[-49.2553,-25.52125],[-49.25504,-25.52234],[-49.25462,-25.52398],[-49.25451,-25.5243],[-49.25421,-25.52493],[-49.25405,-25.52529],[-49.25381,-25.52576],[-49.25339,-25.52613],[-49.2543,-25.52659],[-49.25468,-25.52601],[-49.25506,-25.52545],[-49.25589,-25.52587],[-49.25616,-25.52606],[-49.25632,-25.52625],[-49.2565,-25.52654],[-49.25673,-25.52697],[-49.25682,-25.52721],[-49.25683,-25.52733],[-49.25646,-25.52783],[-49.25716,-25.52823],[-49.25733,-25.52837],[-49.25783,-25.5293],[-49.25851,-25.52866],[-49.25874,-25.52851],[-49.25904,-25.52839],[-49.25938,-25.52835],[-49.25951,-25.52835],[-49.25982,-25.52834],[-49.26002,-25.52836],[-49.26003,-25.52837],[-49.26004,-25.52837],[-49.26039,-25.52844],[-49.26065,-25.52844],[-49.26108,-25.52839],[-49.26373,-25.52723],[-49.26461,-25.52672],[-49.26561,-25.5262],[-49.26567,-25.52606],[-49.26564,-25.52605],[-49.26591,-25.52591],[-49.2661,-25.52579],[-49.26626,-25.52568],[-49.26639,-25.52558],[-49.26659,-25.52543],[-49.26672,-25.52534],[-49.26684,-25.5251],[-49.26688,-25.52495],[-49.26688,-25.52482],[-49.26691,-25.52469],[-49.26693,-25.52454],[-49.267,-25.52428],[-49.26708,-25.52407],[-49.2672,-25.52381],[-49.26725,-25.52361],[-49.26736,-25.52312],[-49.2674,-25.52303],[-49.26742,-25.52297],[-49.26753,-25.5227],[-49.26767,-25.52252],[-49.26778,-25.52236]]]}},{"type":"Feature","properties":{"code":"4106902005","name":"Alto da Rua XV"},"geometry":{"type":"Polygon","coordinates":[[[-49.24668,-25.42988],[-49.24722,-25.43008],[-49.24752,-25.43022],[-49.24801,-25.43047],[-49.24853,-25.43068],[-49.2486,-25.43072],[-49.24864,-25.43077],[-49.24865,-25.43078],[-49.24933,-25.43107],[-49.24964,-25.43118],[-49.2507,-25.43158],[-49.25098,-25.43165],[-49.25146,-25.4318],[-49.25166,-25.43189],[-49.25199,-25.43203],[-49.25229,-25.43216],[-49.25269,-25.43229],[-49.25304,-25.43233],[-49.25316,-25.43232],[-49.25355,-25.43268],[-49.25436,-25.43295],[-49.25461,-25.43301],[-49.25549,-25.43334],[-49.25562,-25.43338],[-49.2557,-25.43341],[-49.25574,-25.43336],[-49.25578,-25.43329],[-49.25648,-25.43223],[-49.25656,-25.43211],[-49.25661,-25.43203],[-49.25667,-25.43194],[-49.25674,-25.43181],[-49.25688,-25.43156],[-49.25762,-25.43049],[-49.258,-25.42934],[-49.25828,-25.42858],[-49.25852,-25.42791],[-49.25888,-25.42691],[-49.25912,-25.42626],[-49.25948,-25.42536],[-49.25976,-25.42473],[-49.25742,-25.42336],[-49.2573,-25.4233],[-49.25666,-25.42299],[-49.25586,-25.42261],[-49.25567,-25.42247],[-49.25459,-25.42229],[-49.25407,-25.42228],[-49.25311,-25.42234],[-49.25201,-25.42243],[-49.25094,-25.42255],[-49.24981,-25.42262],[-49.24964,-25.42263],[-49.24962,-25.42267],[-49.24847,-25.42275],[-49.24729,-25.42288],[-49.24706,-25.42292],[-49.24694,-25.42293],[-49.24598,-25.42302],[-49.24596,-25.42302],[-49.24514,-25.42309],[-49.24435,-25.42314],[-49.24317,-25.42324],[-49.24215,-25.42334],[-49.24193,-25.42331],[-49.2418,-25.42333],[-49.24218,-25.42381],[-49.24232,-25.42405],[-49.24243,-25.4243],[-49.2425,-25.42458],[-49.2425,-25.42471],[-49.24251,-25.42509],[-49.24243,-25.42559],[-49.24221,-25.4263],[-49.24219,-25.42635],[-49.24201,-25.4268],[-49.24187,-25.42715],[-49.2417,-25.42758],[-49.24162,-25.42771],[-49.24175,-25.42768],[-49.2419,-25.42769],[-49.24205,-25.42776],[-49.24218,-25.42786],[-49.2425,-25.4282],[-49.24275,-25.42834],[-49.24337,-25.42859],[-49.24371,-25.42871],[-49.24495,-25.4292],[-49.24668,-25.42988]]]}},{"type":"Feature","properties":{"code":"4106902043","name":"Santa Quitéria"},"geometry":{"type":"Polygon","coordinates":[[[-49.3031,-25.45694],[-49.30292,-25.45747],[-49.30249,-25.45871],[-49.30203,-25.46],[-49.30173,-25.46086],[-49.30166,-25.46151],[-49.30154,-25.46192],[-49.30137,-25.46227],[-49.30106,-25.46288],[-49.30094,-25.46312],[-49.30083,-25.46347],[-49.30079,-25.4638],[-49.30079,-25.46403],[-49.30104,-25.4641],[-49.30203,-25.46437],[-49.30273,-25.46455],[-49.30283,-25.46467],[-49.30316,-25.46476],[-49.30336,-25.46481],[-49.30366,-25.46473],[-49.30384,-25.46472],[-49.30407,-25.46474],[-49.30457,-25.46484],[-49.30545,-25.46501],[-49.30576,-25.46508],[-49.30621,-25.46515],[-49.3065,-25.46516],[-49.30708,-25.46517],[-49.30763,-25.46514],[-49.30818,-25.46505],[-49.30841,-25.46502],[-49.30842,-25.46502],[-49.30927,-25.46486],[-49.30968,-25.46478],[-49.30983,-25.46478],[-49.31047,-25.46479],[-49.31086,-25.46482],[-49.31111,-25.46482],[-49.3122,-25.46537],[-49.31294,-25.46576],[-49.31315,-25.46584],[-49.31427,-25.4661],[-49.31431,-25.46602],[-49.31487,-25.46615],[-49.31483,-25.46626],[-49.31555,-25.46647],[-49.31557,-25.46648],[-49.31565,-25.4665],[-49.31583,-25.46656],[-49.31605,-25.46665],[-49.31625,-25.4668],[-49.31642,-25.46693],[-49.31651,-25.46698],[-49.31664,-25.46703],[-49.31694,-25.46717],[-49.31706,-25.46734],[-49.31709,-25.46757],[-49.31708,-25.46766],[-49.31706,-25.46791],[-49.31706,-25.46812],[-49.31715,-25.46831],[-49.31724,-25.46838],[-49.31741,-25.46852],[-49.31776,-25.46878],[-49.3178,-25.46882],[-49.31797,-25.469],[-49.3181,-25.46914],[-49.31825,-25.46932],[-49.3183,-25.4694],[-49.31834,-25.46957],[-49.3184,-25.46975],[-49.31848,-25.47025],[-49.31854,-25.47075],[-49.31858,-25.471],[-49.31861,-25.4712],[-49.3186,-25.47128],[-49.31909,-25.47093],[-49.31943,-25.47062],[-49.31957,-25.47058],[-49.31978,-25.4705],[-49.31997,-25.47043],[-49.32025,-25.4704],[-49.32067,-25.47037],[-49.32105,-25.47032],[-49.32125,-25.47026],[-49.32139,-25.47016],[-49.32161,-25.46999],[-49.32172,-25.46982],[-49.32174,-25.46981],[-49.32171,-25.46972],[-49.32168,-25.46963],[-49.32165,-25.46955],[-49.32161,-25.46945],[-49.3216,-25.46941],[-49.32156,-25.46922],[-49.32154,-25.46911],[-49.32142,-25.46867],[-49.32138,-25.46837],[-49.32133,-25.46823],[-49.32122,-25.46811],[-49.32116,-25.468],[-49.32103,-25.4676],[-49.32096,-25.46736],[-49.32093,-25.46727],[-49.32054,-25.46587],[-49.32049,-25.46572],[-49.32039,-25.46541],[-49.32026,-25.46518],[-49.32023,-25.46506],[-49.32012,-25.4647],[-49.32002,-25.46437],[-49.31996,-25.4642],[-49.31988,-25.46393],[-49.31986,-25.46389],[-49.31981,-25.46378],[-49.31976,-25.46367],[-49.31965,-25.46343],[-49.31957,-25.46328],[-49.31952,-25.46318],[-49.31943,-25.46271],[-49.31939,-25.46239],[-49.31942,-25.4622],[-49.31933,-25.46197],[-49.31922,-25.46184],[-49.31903,-25.46162],[-49.31895,-25.46127],[-49.31893,-25.46097],[-49.31887,-25.46077],[-49.31878,-25.46051],[-49.31883,-25.46019],[-49.31872,-25.45994],[-49.31862,-25.45977],[-49.31864,-25.45962],[-49.31876,-25.45944],[-49.31897,-25.4595],[-49.31862,-25.45882],[-49.31859,-25.45875],[-49.31853,-25.45866],[-49.31843,-25.45849],[-49.31815,-25.4583],[-49.3179,-25.45823],[-49.31739,-25.45812],[-49.31737,-25.45811],[-49.3173,-25.45809],[-49.31702,-25.45801],[-49.31685,-25.45797],[-49.31669,-25.45792],[-49.31662,-25.4579],[-49.31655,-25.45787],[-49.31646,-25.45784],[-49.31625,-25.45776],[-49.31618,-25.45774],[-49.31582,-25.45761],[-49.31558,-25.45729],[-49.31545,-25.45712],[-49.31512,-25.45671],[-49.31503,-25.45662],[-49.31364,-25.45507],[-49.31342,-25.45474],[-49.31341,-25.45473],[-49.31305,-25.4546],[-49.31271,-25.45449],[-49.31249,-25.45444],[-49.31203,-25.45429],[-49.3114,-25.45412],[-49.31101,-25.45401],[-49.31041,-25.45386],[-49.30985,-25.45369],[-49.30961,-25.45361],[-49.30945,-25.45365],[-49.30934,-25.45374],[-49.30874,-25.45429],[-49.30825,-25.45459],[-49.30815,-25.45464],[-49.30786,-25.45483],[-49.30755,-25.45499],[-49.3073,-25.45498],[-49.30699,-25.45487],[-49.3066,-25.45474],[-49.30644,-25.4547],[-49.30624,-25.45465],[-49.30598,-25.45455],[-49.30566,-25.45423],[-49.30561,-25.45412],[-49.30525,-25.45398],[-49.30503,-25.45391],[-49.30423,-25.45371],[-49.30418,-25.45383],[-49.3041,-25.45406],[-49.30401,-25.45436],[-49.30395,-25.45453],[-49.30387,-25.45472],[-49.30378,-25.45502],[-49.3036,-25.45549],[-49.30342,-25.45604],[-49.3031,-25.45694]]]}},{"type":"Feature","properties":{"code":"4106902020","name":"Capão da Imbuia"},"geometry":{"type":"Polygon","coordinates":[[[-49.21248,-25.44343],[-49.21309,-25.44335],[-49.21369,-25.44327],[-49.2143,-25.44319],[-49.21654,-25.44224],[-49.21754,-25.4418],[-49.21791,-25.44164],[-49.21913,-25.4411],[-49.21929,-25.44103],[-49.22072,-25.4404],[-49.22075,-25.44039],[-49.22077,-25.44038],[-49.22078,-25.44038],[-49.22196,-25.43984],[-49.22216,-25.43976],[-49.22239,-25.43965],[-49.22306,-25.43933],[-49.22377,-25.43902],[-49.22427,-25.43882],[-49.22456,-25.43875],[-49.22489,-25.43869],[-49.22519,-25.43869],[-49.22547,-25.43872],[-49.2258,-25.43876],[-49.22614,-25.43886],[-49.2265,-25.43898],[-49.22685,-25.43921],[-49.22725,-25.43951],[-49.22758,-25.43981],[-49.22885,-25.44089],[-49.22942,-25.44139],[-49.22949,-25.44143],[-49.22976,-25.44159],[-49.23028,-25.44171],[-49.23072,-25.44177],[-49.23199,-25.44174],[-49.23202,-25.44178],[-49.23206,-25.44181],[-49.23213,-25.44182],[-49.23218,-25.44181],[-49.23224,-25.44178],[-49.23228,-25.44173],[-49.23244,-25.44172],[-49.23259,-25.44174],[-49.23291,-25.44177],[-49.23341,-25.44177],[-49.23355,-25.44177],[-49.23355,-25.44165],[-49.23351,-25.44018],[-49.23351,-25.44],[-49.23349,-25.43894],[-49.23367,-25.43894],[-49.23379,-25.43785],[-49.23393,-25.43719],[-49.23398,-25.43686],[-49.23404,-25.43646],[-49.23404,-25.4362],[-49.23381,-25.43616],[-49.23361,-25.43613],[-49.23293,-25.43604],[-49.23283,-25.43602],[-49.23175,-25.43586],[-49.23054,-25.43565],[-49.22941,-25.43551],[-49.22895,-25.43545],[-49.22821,-25.43531],[-49.22716,-25.43511],[-49.22664,-25.43503],[-49.22613,-25.43499],[-49.22524,-25.43464],[-49.22504,-25.43456],[-49.22477,-25.43449],[-49.22462,-25.43449],[-49.22417,-25.43446],[-49.22308,-25.43457],[-49.22239,-25.43463],[-49.22218,-25.43463],[-49.22197,-25.43457],[-49.22181,-25.43446],[-49.22179,-25.43445],[-49.22102,-25.43408],[-49.22007,-25.43365],[-49.21959,-25.43345],[-49.21886,-25.43317],[-49.21876,-25.43312],[-49.21836,-25.4329],[-49.21819,-25.43278],[-49.21788,-25.43257],[-49.21777,-25.43247],[-49.21757,-25.43227],[-49.2173,-25.43195],[-49.21719,-25.43181],[-49.21698,-25.43156],[-49.21687,-25.43077],[-49.21674,-25.42988],[-49.21669,-25.4297],[-49.21576,-25.4298],[-49.21523,-25.42985],[-49.21494,-25.42988],[-49.21465,-25.42992],[-49.21353,-25.43005],[-49.21327,-25.43008],[-49.21298,-25.43011],[-49.21258,-25.43016],[-49.21184,-25.43022],[-49.21159,-25.43025],[-49.2108,-25.43034],[-49.21052,-25.43037],[-49.20978,-25.43045],[-49.20947,-25.43048],[-49.20933,-25.4305],[-49.2076,-25.43067],[-49.20754,-25.43068],[-49.20724,-25.43072],[-49.20612,-25.43085],[-49.20578,-25.43089],[-49.20522,-25.43094],[-49.20374,-25.4311],[-49.20367,-25.43111],[-49.20312,-25.43113],[-49.20308,-25.43163],[-49.20293,-25.43234],[-49.20281,-25.43314],[-49.2028,-25.4332],[-49.20282,-25.43412],[-49.2029,-25.43422],[-49.20291,-25.43422],[-49.20291,-25.43423],[-49.20314,-25.43451],[-49.20328,-25.4347],[-49.2034,-25.43486],[-49.20348,-25.43508],[-49.20334,-25.43562],[-49.2033,-25.43571],[-49.20303,-25.43628],[-49.20303,-25.43629],[-49.20266,-25.43716],[-49.20215,-25.43833],[-49.20201,-25.43872],[-49.20184,-25.43922],[-49.20094,-25.44131],[-49.20082,-25.44158],[-49.20082,-25.44159],[-49.20062,-25.44212],[-49.20061,-25.44218],[-49.20052,-25.44259],[-49.20053,-25.44293],[-49.20053,-25.44308],[-49.20053,-25.44309],[-49.20277,-25.44325],[-49.20284,-25.44325],[-49.20338,-25.44325],[-49.20413,-25.44322],[-49.2054,-25.44312],[-49.20582,-25.44308],[-49.20614,-25.44307],[-49.20632,-25.44308],[-49.20644,-25.44308],[-49.20684,-25.44315],[-49.20793,-25.44348],[-49.20808,-25.44353],[-49.20832,-25.4436],[-49.20863,-25.4437],[-49.20904,-25.44379],[-49.20975,-25.4438],[-49.21248,-25.44343]]]}},{"type":"Feature","properties":{"code":"4106902055","name":"Atuba"},"geometry":{"type":"Polygon","coordinates":[[[-49.20999,-25.39355],[-49.21001,-25.3935],[-49.21007,-25.39336],[-49.21058,-25.39235],[-49.21083,-25.3919],[-49.2109,-25.39175],[-49.21099,-25.39155],[-49.21117,-25.39088],[-49.21137,-25.38988],[-49.21141,-25.38975],[-49.21157,-25.38889],[-49.21223,-25.38872],[-49.21261,-25.38864],[-49.21381,-25.38776],[-49.21404,-25.3876],[-49.21457,-25.38745],[-49.21478,-25.3874],[-49.21492,-25.38738],[-49.21504,-25.38734],[-49.21602,-25.38714],[-49.21634,-25.38706],[-49.21637,-25.38676],[-49.21653,-25.38629],[-49.21672,-25.38563],[-49.21679,-25.38548],[-49.21687,-25.3854],[-49.21692,-25.38535],[-49.217,-25.38524],[-49.21742,-25.38485],[-49.21792,-25.38441],[-49.21906,-25.3834],[-49.21928,-25.38317],[-49.21937,-25.383],[-49.21954,-25.3823],[-49.21954,-25.3823],[-49.21968,-25.38118],[-49.2197,-25.38078],[-49.21968,-25.38064],[-49.21961,-25.38061],[-49.21952,-25.38058],[-49.21939,-25.38055],[-49.21917,-25.38048],[-49.21912,-25.37997],[-49.21911,-25.37989],[-49.21886,-25.37941],[-49.21849,-25.37907],[-49.21824,-25.37885],[-49.21798,-25.37875],[-49.21764,-25.37863],[-49.21743,-25.37857],[-49.21644,-25.37903],[-49.21604,-25.37918],[-49.21567,-25.37931],[-49.21553,-25.37928],[-49.21533,-25.37916],[-49.21535,-25.37913],[-49.21564,-25.37857],[-49.21568,-25.3784],[-49.21568,-25.37813],[-49.21563,-25.3779],[-49.21557,-25.37785],[-49.21501,-25.37768],[-49.21495,-25.37768],[-49.21414,-25.37769],[-49.21381,-25.37774],[-49.21345,-25.37783],[-49.2131,-25.37789],[-49.21271,-25.37796],[-49.21252,-25.37798],[-49.21242,-25.37797],[-49.21231,-25.37791],[-49.21223,-25.37781],[-49.21221,-25.37771],[-49.21223,-25.37762],[-49.21228,-25.3775],[-49.21265,-25.37718],[-49.21295,-25.37695],[-49.2131,-25.37675],[-49.21328,-25.37644],[-49.21338,-25.37613],[-49.21343,-25.3759],[-49.2136,-25.37573],[-49.21361,-25.37563],[-49.21355,-25.37557],[-49.21352,-25.37552],[-49.21334,-25.37545],[-49.21321,-25.3754],[-49.21308,-25.37535],[-49.21302,-25.37526],[-49.21303,-25.37519],[-49.2133,-25.37474],[-49.21312,-25.3747],[-49.21304,-25.37468],[-49.21286,-25.37466],[-49.21269,-25.37464],[-49.21261,-25.37453],[-49.21256,-25.37442],[-49.21256,-25.3741],[-49.21249,-25.37395],[-49.21243,-25.37391],[-49.21238,-25.37387],[-49.21205,-25.37372],[-49.21189,-25.37362],[-49.21182,-25.37354],[-49.21176,-25.37339],[-49.2117,-25.37326],[-49.21161,-25.37308],[-49.21149,-25.37294],[-49.21117,-25.37273],[-49.21048,-25.37236],[-49.21041,-25.37227],[-49.21029,-25.37214],[-49.21021,-25.37203],[-49.21004,-25.3718],[-49.2099,-25.37154],[-49.2097,-25.37134],[-49.20939,-25.3712],[-49.20916,-25.37114],[-49.20908,-25.37112],[-49.20899,-25.37112],[-49.20881,-25.37107],[-49.20841,-25.37116],[-49.20804,-25.37131],[-49.2078,-25.37142],[-49.2079,-25.37149],[-49.20801,-25.37162],[-49.20815,-25.37175],[-49.20831,-25.37187],[-49.20869,-25.3722],[-49.20874,-25.37225],[-49.2089,-25.37252],[-49.20896,-25.37267],[-49.20896,-25.37268],[-49.20896,-25.37292],[-49.20902,-25.37328],[-49.20912,-25.37352],[-49.20925,-25.37363],[-49.20933,-25.37388],[-49.20927,-25.37415],[-49.20908,-25.37432],[-49.20901,-25.37442],[-49.20893,-25.37452],[-49.20888,-25.37461],[-49.20893,-25.37479],[-49.20898,-25.37493],[-49.20903,-25.37506],[-49.20908,-25.3753],[-49.20902,-25.37553],[-49.20884,-25.37577],[-49.20867,-25.37591],[-49.20837,-25.37586],[-49.20825,-25.37594],[-49.20817,-25.37606],[-49.20812,-25.37628],[-49.20798,-25.37639],[-49.20813,-25.37673],[-49.20822,-25.37693],[-49.20811,-25.37708],[-49.2074,-25.37696],[-49.20554,-25.37665],[-49.20554,-25.37684],[-49.20583,-25.37775],[-49.20602,-25.37857],[-49.206,-25.37891],[-49.20587,-25.37974],[-49.20567,-25.3806],[-49.20554,-25.38109],[-49.20537,-25.38135],[-49.20467,-25.38176],[-49.20416,-25.38212],[-49.20394,-25.38219],[-49.2036,-25.38177],[-49.20336,-25.38166],[-49.20311,-25.38164],[-49.20302,-25.38169],[-49.20281,-25.38183],[-49.20241,-25.38184],[-49.20202,-25.38173],[-49.20151,-25.38108],[-49.20047,-25.38006],[-49.19854,-25.37795],[-49.19832,-25.37779],[-49.19778,-25.37737],[-49.19747,-25.37721],[-49.19714,-25.37713],[-49.19678,-25.37714],[-49.19632,-25.37722],[-49.19598,-25.37731],[-49.19577,-25.37749],[-49.19563,-25.3776],[-49.19559,-25.37764],[-49.19514,-25.37814],[-49.19493,-25.37856],[-49.19489,-25.37884],[-49.19482,-25.37949],[-49.19498,-25.38016],[-49.19502,-25.38035],[-49.19507,-25.38056],[-49.1952,-25.38152],[-49.19519,-25.38196],[-49.19513,-25.38216],[-49.19512,-25.38219],[-49.19506,-25.3824],[-49.19483,-25.38287],[-49.19446,-25.38324],[-49.1943,-25.3835],[-49.19423,-25.38386],[-49.19415,-25.3843],[-49.19416,-25.38433],[-49.1942,-25.38484],[-49.19432,-25.38528],[-49.19437,-25.38545],[-49.19448,-25.38582],[-49.1945,-25.38588],[-49.19456,-25.38615],[-49.19467,-25.38666],[-49.19467,-25.38701],[-49.19467,-25.38717],[-49.19457,-25.38759],[-49.19392,-25.3892],[-49.19389,-25.38927],[-49.19382,-25.38946],[-49.19348,-25.39035],[-49.19342,-25.39053],[-49.19332,-25.39086],[-49.19332,-25.39091],[-49.1933,-25.39116],[-49.19329,-25.39147],[-49.19329,-25.39161],[-49.19334,-25.3918],[-49.19333,-25.39227],[-49.19328,-25.39256],[-49.19321,-25.39267],[-49.19319,-25.39281],[-49.19321,-25.39302],[-49.19323,-25.39315],[-49.19324,-25.3936],[-49.19326,-25.39384],[-49.19832,-25.39532],[-49.19871,-25.39548],[-49.19877,-25.3955],[-49.19983,-25.3959],[-49.20094,-25.39635],[-49.20202,-25.39677],[-49.2031,-25.39723],[-49.2035,-25.39738],[-49.2042,-25.39764],[-49.20527,-25.39808],[-49.20635,-25.39853],[-49.2074,-25.39894],[-49.20804,-25.39761],[-49.20866,-25.39627],[-49.209,-25.39559],[-49.2093,-25.39493],[-49.20962,-25.39431],[-49.20988,-25.39378],[-49.2099,-25.39373],[-49.20999,-25.39355]]]}},{"type":"Feature","properties":{"code":"4106902074","name":"Tatuquara"},"geometry":{"type":"Polygon","coordinates":[[[-49.30547,-25.55388],[-49.30543,-25.55371],[-49.30532,-25.55323],[-49.30502,-25.55214],[-49.30494,-25.55171],[-49.30446,-25.5496],[-49.30404,-25.54779],[-49.30392,-25.5471],[-49.30334,-25.54445],[-49.303,-25.54318],[-49.30195,-25.53873],[-49.30169,-25.5378],[-49.30161,-25.53781],[-49.30159,-25.53782],[-49.3015,-25.53789],[-49.3015,-25.5379],[-49.30147,-25.53795],[-49.30146,-25.53797],[-49.30144,-25.53812],[-49.30143,-25.5382],[-49.30142,-25.53844],[-49.30124,-25.53888],[-49.30119,-25.53896],[-49.30099,-25.53922],[-49.30098,-25.53923],[-49.30064,-25.53969],[-49.3006,-25.53975],[-49.30031,-25.54029],[-49.30016,-25.54056],[-49.30003,-25.5408],[-49.29997,-25.54091],[-49.29994,-25.54105],[-49.29993,-25.54107],[-49.29993,-25.54119],[-49.29995,-25.54142],[-49.29997,-25.54154],[-49.29998,-25.54166],[-49.30001,-25.54194],[-49.30003,-25.54205],[-49.30006,-25.54233],[-49.30005,-25.54239],[-49.30006,-25.54241],[-49.30005,-25.54245],[-49.30002,-25.54254],[-49.29999,-25.54269],[-49.29999,-25.54271],[-49.29992,-25.54289],[-49.29981,-25.54305],[-49.29966,-25.54313],[-49.29948,-25.54322],[-49.29943,-25.54327],[-49.29934,-25.54341],[-49.29933,-25.54344],[-49.29869,-25.54334],[-49.2963,-25.54289],[-49.2963,-25.54289],[-49.29445,-25.54255],[-49.29444,-25.5429],[-49.29442,-25.54316],[-49.29436,-25.54346],[-49.29427,-25.5438],[-49.29422,-25.54405],[-49.29421,-25.54408],[-49.29399,-25.545],[-49.29399,-25.54501],[-49.29373,-25.54611],[-49.29371,-25.54618],[-49.29368,-25.54636],[-49.29341,-25.54752],[-49.29329,-25.54799],[-49.29297,-25.54962],[-49.29275,-25.55088],[-49.29263,-25.55156],[-49.29261,-25.5519],[-49.29259,-25.55214],[-49.29254,-25.55248],[-49.29258,-25.55273],[-49.29265,-25.55294],[-49.2927,-25.55302],[-49.29277,-25.55312],[-49.29286,-25.5533],[-49.29306,-25.55347],[-49.29343,-25.55377],[-49.2937,-25.55403],[-49.29383,-25.55415],[-49.29389,-25.55429],[-49.29395,-25.55444],[-49.29395,-25.55476],[-49.29376,-25.55514],[-49.29361,-25.55529],[-49.29305,-25.55585],[-49.29258,-25.55647],[-49.29216,-25.5571],[-49.29196,-25.55743],[-49.29177,-25.55784],[-49.29174,-25.55822],[-49.29174,-25.55905],[-49.29174,-25.5592],[-49.29173,-25.55963],[-49.29172,-25.55978],[-49.29145,-25.56084],[-49.29141,-25.56098],[-49.29285,-25.5608],[-49.29342,-25.56076],[-49.29374,-25.56066],[-49.29407,-25.56049],[-49.29571,-25.55937],[-49.29734,-25.55828],[-49.29765,-25.55804],[-49.29778,-25.55802],[-49.29779,-25.55802],[-49.2978,-25.55803],[-49.29802,-25.55811],[-49.29813,-25.5582],[-49.29822,-25.55827],[-49.29881,-25.55874],[-49.29917,-25.55907],[-49.29927,-25.55918],[-49.29933,-25.5593],[-49.29944,-25.55942],[-49.29976,-25.55975],[-49.30005,-25.56005],[-49.30035,-25.56046],[-49.30098,-25.56097],[-49.30125,-25.56115],[-49.30145,-25.56128],[-49.30166,-25.5615],[-49.30164,-25.56158],[-49.30135,-25.56187],[-49.30116,-25.56202],[-49.30137,-25.5626],[-49.30165,-25.5628],[-49.30176,-25.56289],[-49.30178,-25.56294],[-49.30195,-25.56323],[-49.30226,-25.56351],[-49.30245,-25.56362],[-49.30268,-25.5639],[-49.3028,-25.56407],[-49.30284,-25.56426],[-49.30284,-25.5644],[-49.30287,-25.5645],[-49.3029,-25.56455],[-49.30292,-25.5646],[-49.30305,-25.56476],[-49.30331,-25.56496],[-49.30608,-25.56751],[-49.30597,-25.56766],[-49.3058,-25.56775],[-49.30574,-25.56784],[-49.30569,-25.56817],[-49.30558,-25.56839],[-49.30532,-25.56863],[-49.30538,-25.56873],[-49.30558,-25.56885],[-49.30568,-25.56901],[-49.30573,-25.5692],[-49.30612,-25.56974],[-49.30616,-25.57],[-49.30596,-25.57045],[-49.30591,-25.5707],[-49.30598,-25.57103],[-49.30599,-25.57107],[-49.30605,-25.57107],[-49.30619,-25.57098],[-49.30633,-25.57098],[-49.30639,-25.57101],[-49.30645,-25.57106],[-49.30658,-25.57126],[-49.30671,-25.57138],[-49.30679,-25.57157],[-49.30678,-25.57162],[-49.307,-25.57154],[-49.30724,-25.57154],[-49.30754,-25.57143],[-49.30872,-25.57141],[-49.30885,-25.57123],[-49.30901,-25.57131],[-49.30921,-25.57126],[-49.30933,-25.57112],[-49.30942,-25.57094],[-49.31018,-25.57042],[-49.31077,-25.57043],[-49.31087,-25.57085],[-49.31261,-25.57039],[-49.31374,-25.57002],[-49.31503,-25.56952],[-49.31664,-25.57124],[-49.31644,-25.57231],[-49.31746,-25.57241],[-49.31751,-25.57217],[-49.31764,-25.57211],[-49.31779,-25.57209],[-49.31818,-25.57215],[-49.31856,-25.57223],[-49.31877,-25.57222],[-49.31905,-25.57215],[-49.31925,-25.57205],[-49.3193,-25.57204],[-49.31942,-25.57202],[-49.31959,-25.572],[-49.31989,-25.57204],[-49.31984,-25.57179],[-49.3202,-25.57188],[-49.32032,-25.57203],[-49.32076,-25.57198],[-49.3213,-25.57237],[-49.32186,-25.57287],[-49.32197,-25.57298],[-49.32209,-25.57308],[-49.3221,-25.57317],[-49.32225,-25.57332],[-49.32241,-25.57337],[-49.32246,-25.5734],[-49.32257,-25.57349],[-49.32264,-25.57353],[-49.32274,-25.57355],[-49.32292,-25.57354],[-49.32303,-25.5735],[-49.32308,-25.5735],[-49.32313,-25.57351],[-49.32333,-25.57368],[-49.32345,-25.5738],[-49.3235,-25.57383],[-49.32358,-25.57388],[-49.32368,-25.57392],[-49.3238,-25.57395],[-49.32388,-25.57399],[-49.32391,-25.57401],[-49.32392,-25.57402],[-49.32392,-25.57404],[-49.32393,-25.57405],[-49.32393,-25.57406],[-49.32396,-25.57407],[-49.32398,-25.57406],[-49.32405,-25.57413],[-49.32411,-25.57422],[-49.32415,-25.57427],[-49.32432,-25.57461],[-49.32435,-25.57465],[-49.32437,-25.5747],[-49.3244,-25.57481],[-49.32445,-25.57488],[-49.32446,-25.57493],[-49.32447,-25.57495],[-49.32449,-25.57499],[-49.32451,-25.57502],[-49.32453,-25.57506],[-49.32457,-25.57511],[-49.3246,-25.57514],[-49.32464,-25.57518],[-49.32466,-25.57522],[-49.32467,-25.57527],[-49.32473,-25.57536],[-49.32477,-25.5754],[-49.32481,-25.57543],[-49.32485,-25.57547],[-49.32491,-25.57552],[-49.32497,-25.57558],[-49.32503,-25.57566],[-49.32512,-25.5758],[-49.32516,-25.57586],[-49.32529,-25.576],[-49.32542,-25.57612],[-49.32545,-25.57615],[-49.32549,-25.5762],[-49.32553,-25.57623],[-49.32558,-25.57626],[-49.32563,-25.57628],[-49.32568,-25.5763],[-49.32572,-25.57633],[-49.32573,-25.57635],[-49.32574,-25.57637],[-49.32575,-25.57642],[-49.32577,-25.57653],[-49.32584,-25.57673],[-49.32587,-25.57684],[-49.32588,-25.57688],[-49.3259,-25.57694],[-49.32593,-25.57703],[-49.32594,-25.57707],[-49.32594,-25.57712],[-49.32594,-25.57717],[-49.32593,-25.57722],[-49.32593,-25.57727],[-49.32592,-25.57731],[-49.32592,-25.57736],[-49.32594,-25.57741],[-49.32594,-25.57746],[-49.32597,-25.5775],[-49.32601,-25.57752],[-49.32606,-25.57752],[-49.32611,-25.57753],[-49.32613,-25.57754],[-49.32624,-25.57761],[-49.32637,-25.57764],[-49.32642,-25.5777],[-49.32638,-25.57781],[-49.32638,-25.5779],[-49.32628,-25.57808],[-49.3263,-25.57814],[-49.32644,-25.57819],[-49.32653,-25.57829],[-49.32656,-25.57834],[-49.32678,-25.57835],[-49.32703,-25.57826],[-49.32712,-25.57833],[-49.32724,-25.57838],[-49.32794,-25.57837],[-49.32804,-25.57869],[-49.32811,-25.57883],[-49.32811,-25.57891],[-49.32802,-25.57897],[-49.32805,-25.57914],[-49.32811,-25.57914],[-49.32818,-25.57912],[-49.32831,-25.57898],[-49.32918,-25.57938],[-49.32922,-25.57942],[-49.32926,-25.5795],[-49.32929,-25.57959],[-49.32924,-25.57972],[-49.32929,-25.57974],[-49.32935,-25.57981],[-49.32937,-25.57986],[-49.32945,-25.5799],[-49.32957,-25.57989],[-49.32971,-25.57985],[-49.32985,-25.57987],[-49.32997,-25.57998],[-49.33005,-25.5801],[-49.33011,-25.58022],[-49.33021,-25.58037],[-49.33024,-25.58043],[-49.33028,-25.58045],[-49.3303,-25.5805],[-49.33029,-25.5806],[-49.33029,-25.58061],[-49.33031,-25.58064],[-49.33035,-25.58067],[-49.33038,-25.58072],[-49.33042,-25.58074],[-49.33046,-25.5808],[-49.33047,-25.58085],[-49.33049,-25.58092],[-49.33051,-25.58097],[-49.33051,-25.58102],[-49.3305,-25.58107],[-49.33052,-25.5811],[-49.33056,-25.5811],[-49.33061,-25.58109],[-49.33066,-25.58108],[-49.33069,-25.58109],[-49.33076,-25.58111],[-49.33085,-25.58116],[-49.33091,-25.58117],[-49.33095,-25.58119],[-49.33106,-25.58119],[-49.33111,-25.58121],[-49.33115,-25.58125],[-49.33121,-25.58129],[-49.33124,-25.5813],[-49.33129,-25.58131],[-49.33134,-25.58133],[-49.33136,-25.58137],[-49.33138,-25.58141],[-49.33143,-25.58143],[-49.33146,-25.58146],[-49.33151,-25.58148],[-49.33156,-25.58149],[-49.33161,-25.58151],[-49.33165,-25.58154],[-49.33165,-25.58164],[-49.33174,-25.58167],[-49.33177,-25.58171],[-49.3318,-25.58174],[-49.33185,-25.58176],[-49.3319,-25.58177],[-49.33195,-25.58176],[-49.33203,-25.58182],[-49.33208,-25.58183],[-49.3321,-25.58178],[-49.33213,-25.58174],[-49.33218,-25.58173],[-49.33223,-25.5817],[-49.33229,-25.58169],[-49.33234,-25.5817],[-49.33238,-25.58174],[-49.33238,-25.58179],[-49.33245,-25.58188],[-49.33247,-25.58195],[-49.33249,-25.58198],[-49.3325,-25.582],[-49.33252,-25.58201],[-49.33254,-25.58201],[-49.33256,-25.58201],[-49.3326,-25.582],[-49.33263,-25.582],[-49.33267,-25.582],[-49.33273,-25.58201],[-49.33276,-25.58202],[-49.33282,-25.58206],[-49.33286,-25.58209],[-49.33298,-25.58218],[-49.33301,-25.58221],[-49.33303,-25.58229],[-49.33304,-25.5823],[-49.33305,-25.58232],[-49.33306,-25.58233],[-49.33312,-25.58238],[-49.33314,-25.5824],[-49.33317,-25.58242],[-49.33319,-25.58243],[-49.33322,-25.58244],[-49.33325,-25.58246],[-49.33327,-25.58247],[-49.33329,-25.58248],[-49.3333,-25.58248],[-49.33334,-25.58248],[-49.33334,-25.58248],[-49.33336,-25.58249],[-49.33345,-25.58254],[-49.3335,-25.58256],[-49.33357,-25.58258],[-49.33363,-25.58259],[-49.33373,-25.58259],[-49.33379,-25.5826],[-49.33391,-25.58259],[-49.33397,-25.5826],[-49.33401,-25.58262],[-49.3342,-25.5829],[-49.33432,-25.5831],[-49.33462,-25.58321],[-49.33483,-25.5834],[-49.33486,-25.5836],[-49.33501,-25.58377],[-49.33506,-25.58377],[-49.33513,-25.58373],[-49.33518,-25.58371],[-49.33531,-25.58369],[-49.3354,-25.58366],[-49.3355,-25.58358],[-49.3356,-25.58354],[-49.33566,-25.58349],[-49.33574,-25.58337],[-49.33579,-25.58328],[-49.33581,-25.5832],[-49.33585,-25.58312],[-49.33601,-25.58293],[-49.33603,-25.58282],[-49.33606,-25.58273],[-49.33615,-25.5826],[-49.33632,-25.5824],[-49.33639,-25.58235],[-49.33651,-25.58222],[-49.33661,-25.58218],[-49.33678,-25.58217],[-49.33686,-25.58214],[-49.337,-25.58214],[-49.33706,-25.58212],[-49.3372,-25.58204],[-49.33729,-25.582],[-49.33741,-25.582],[-49.3376,-25.58204],[-49.33772,-25.5821],[-49.33794,-25.58208],[-49.33806,-25.58202],[-49.33815,-25.582],[-49.33834,-25.58202],[-49.3384,-25.58201],[-49.33856,-25.58195],[-49.33868,-25.58196],[-49.3388,-25.58201],[-49.33889,-25.58202],[-49.33896,-25.58198],[-49.33909,-25.5819],[-49.33928,-25.58185],[-49.33933,-25.58183],[-49.33946,-25.58178],[-49.3396,-25.58172],[-49.33979,-25.58169],[-49.33994,-25.58169],[-49.34004,-25.5817],[-49.34013,-25.58173],[-49.34027,-25.58183],[-49.34042,-25.58192],[-49.34049,-25.58195],[-49.34056,-25.58194],[-49.34074,-25.58191],[-49.34089,-25.58186],[-49.34095,-25.58182],[-49.34101,-25.58179],[-49.34132,-25.58168],[-49.34142,-25.58166],[-49.34152,-25.58161],[-49.3416,-25.58153],[-49.34164,-25.58151],[-49.34187,-25.58157],[-49.34212,-25.58166],[-49.34218,-25.58174],[-49.34228,-25.58176],[-49.34239,-25.58184],[-49.34269,-25.58197],[-49.3429,-25.58205],[-49.34299,-25.58212],[-49.34309,-25.58205],[-49.34328,-25.58216],[-49.34341,-25.58218],[-49.34354,-25.58231],[-49.34366,-25.58235],[-49.34372,-25.58246],[-49.34405,-25.58276],[-49.34414,-25.58283],[-49.34425,-25.58287],[-49.34441,-25.5829],[-49.34447,-25.58288],[-49.34452,-25.58284],[-49.34468,-25.58281],[-49.34482,-25.5828],[-49.34515,-25.58265],[-49.34535,-25.58259],[-49.34551,-25.58267],[-49.34562,-25.58281],[-49.34558,-25.58248],[-49.34558,-25.58247],[-49.34566,-25.58225],[-49.34577,-25.58208],[-49.34594,-25.58192],[-49.34596,-25.58191],[-49.34615,-25.58166],[-49.34622,-25.58147],[-49.34624,-25.58141],[-49.34628,-25.58114],[-49.34597,-25.58085],[-49.34591,-25.58081],[-49.34571,-25.58068],[-49.34566,-25.58066],[-49.3453,-25.58047],[-49.34465,-25.58014],[-49.34436,-25.58018],[-49.34431,-25.58018],[-49.34406,-25.58025],[-49.34387,-25.58032],[-49.34372,-25.58043],[-49.34313,-25.58046],[-49.34284,-25.58036],[-49.34273,-25.58016],[-49.34272,-25.57995],[-49.34269,-25.57974],[-49.34278,-25.57878],[-49.34287,-25.57848],[-49.34311,-25.57817],[-49.34312,-25.57816],[-49.34335,-25.57786],[-49.34358,-25.57747],[-49.34364,-25.57729],[-49.34366,-25.57702],[-49.34362,-25.57669],[-49.34348,-25.57605],[-49.34337,-25.57562],[-49.34331,-25.57551],[-49.34328,-25.57546],[-49.34319,-25.57529],[-49.34297,-25.5751],[-49.34275,-25.57481],[-49.34265,-25.5746],[-49.34262,-25.57439],[-49.34269,-25.57401],[-49.34276,-25.57377],[-49.3428,-25.57366],[-49.34284,-25.57356],[-49.34301,-25.57313],[-49.34319,-25.57275],[-49.34343,-25.57226],[-49.34376,-25.57192],[-49.34407,-25.57154],[-49.34409,-25.5715],[-49.34424,-25.57125],[-49.34436,-25.57101],[-49.3444,-25.57092],[-49.34443,-25.57083],[-49.3445,-25.5707],[-49.34456,-25.57047],[-49.34462,-25.57021],[-49.34474,-25.56975],[-49.34488,-25.56947],[-49.34505,-25.56914],[-49.34514,-25.56887],[-49.34514,-25.56869],[-49.34514,-25.56857],[-49.34514,-25.56846],[-49.34507,-25.56789],[-49.34496,-25.56709],[-49.34498,-25.56673],[-49.34496,-25.56574],[-49.34485,-25.56534],[-49.34484,-25.56515],[-49.34481,-25.56495],[-49.34479,-25.56472],[-49.34479,-25.56448],[-49.34466,-25.5638],[-49.34458,-25.56341],[-49.34457,-25.5631],[-49.34455,-25.56268],[-49.34447,-25.56233],[-49.34441,-25.56211],[-49.34441,-25.56194],[-49.34445,-25.56181],[-49.34447,-25.56122],[-49.34448,-25.56099],[-49.34448,-25.56092],[-49.34446,-25.56075],[-49.34443,-25.56034],[-49.34436,-25.5601],[-49.34423,-25.55974],[-49.3442,-25.55966],[-49.34397,-25.55913],[-49.34365,-25.55852],[-49.34349,-25.55828],[-49.34289,-25.55765],[-49.34277,-25.55744],[-49.34275,-25.5574],[-49.34259,-25.55708],[-49.34248,-25.55672],[-49.34244,-25.55629],[-49.34242,-25.55602],[-49.34239,-25.55566],[-49.34228,-25.55541],[-49.34227,-25.55541],[-49.342,-25.55529],[-49.34189,-25.55514],[-49.34187,-25.5551],[-49.34189,-25.55488],[-49.34214,-25.55444],[-49.34242,-25.55403],[-49.34243,-25.55402],[-49.34251,-25.55383],[-49.3426,-25.55327],[-49.34294,-25.55286],[-49.34294,-25.55286],[-49.34319,-25.55234],[-49.34074,-25.55271],[-49.34016,-25.55278],[-49.34013,-25.55279],[-49.33898,-25.55293],[-49.33895,-25.55293],[-49.33684,-25.5532],[-49.33493,-25.55368],[-49.3328,-25.55427],[-49.33279,-25.55428],[-49.33249,-25.55435],[-49.33146,-25.55461],[-49.33055,-25.55475],[-49.32998,-25.55481],[-49.32932,-25.55485],[-49.3286,-25.55485],[-49.32804,-25.55481],[-49.32753,-25.55478],[-49.32579,-25.55468],[-49.32408,-25.55456],[-49.3238,-25.55458],[-49.3223,-25.55464],[-49.32175,-25.55478],[-49.32125,-25.55491],[-49.3205,-25.55504],[-49.31954,-25.55533],[-49.3185,-25.55579],[-49.31787,-25.55616],[-49.31709,-25.55662],[-49.31607,-25.5574],[-49.31569,-25.55771],[-49.31534,-25.55796],[-49.31345,-25.55949],[-49.31146,-25.56082],[-49.31132,-25.56088],[-49.31076,-25.56112],[-49.31001,-25.56146],[-49.30978,-25.56154],[-49.30929,-25.56171],[-49.309,-25.5618],[-49.30885,-25.56184],[-49.30818,-25.56203],[-49.30796,-25.56133],[-49.30767,-25.56051],[-49.30756,-25.56033],[-49.30726,-25.55982],[-49.3069,-25.55925],[-49.30665,-25.55857],[-49.30587,-25.55556],[-49.30547,-25.55388]]]}},{"type":"Feature","properties":{"code":"4106902061","name":"Botiatuvinha"},"geometry":{"type":"Polygon","coordinates":[[[-49.34084,-25.39861],[-49.34111,-25.39857],[-49.34122,-25.39857],[-49.34134,-25.39858],[-49.34143,-25.39858],[-49.3416,-25.3986],[-49.34172,-25.39861],[-49.34182,-25.39861],[-49.34192,-25.3986],[-49.34198,-25.39859],[-49.34215,-25.39855],[-49.34226,-25.3985],[-49.34233,-25.39847],[-49.34242,-25.39842],[-49.34254,-25.39835],[-49.34301,-25.39913],[-49.34305,-25.39929],[-49.34322,-25.39993],[-49.34324,-25.4001],[-49.34327,-25.40029],[-49.34329,-25.40039],[-49.34332,-25.4005],[-49.34334,-25.40061],[-49.34334,-25.40086],[-49.34332,-25.40104],[-49.34384,-25.401],[-49.34507,-25.40096],[-49.34578,-25.40094],[-49.34686,-25.40081],[-49.34622,-25.402],[-49.34534,-25.4033],[-49.34516,-25.40358],[-49.34501,-25.40393],[-49.34496,-25.40411],[-49.34492,-25.40425],[-49.3454,-25.40424],[-49.34566,-25.4042],[-49.34591,-25.40407],[-49.34623,-25.40387],[-49.34673,-25.40356],[-49.34728,-25.40321],[-49.34799,-25.40293],[-49.34856,-25.40274],[-49.34909,-25.40261],[-49.35013,-25.40253],[-49.35091,-25.40248],[-49.35129,-25.40246],[-49.35143,-25.40245],[-49.3515,-25.40358],[-49.35158,-25.40445],[-49.35166,-25.40536],[-49.35176,-25.40594],[-49.35205,-25.40698],[-49.35216,-25.4074],[-49.35224,-25.40766],[-49.35236,-25.40833],[-49.35293,-25.40826],[-49.35306,-25.40822],[-49.3533,-25.40964],[-49.35396,-25.40942],[-49.35461,-25.40927],[-49.35482,-25.40923],[-49.35656,-25.40896],[-49.35715,-25.40886],[-49.35813,-25.40871],[-49.36038,-25.40835],[-49.36054,-25.40873],[-49.36071,-25.40919],[-49.36088,-25.40963],[-49.36105,-25.41007],[-49.36124,-25.4105],[-49.36157,-25.41143],[-49.36178,-25.41204],[-49.36189,-25.41219],[-49.36244,-25.41351],[-49.3635,-25.41611],[-49.36364,-25.41641],[-49.36386,-25.41712],[-49.36408,-25.41753],[-49.36419,-25.41749],[-49.36422,-25.41748],[-49.36476,-25.41886],[-49.36496,-25.41946],[-49.36503,-25.41979],[-49.36504,-25.41987],[-49.36508,-25.42003],[-49.36506,-25.42015],[-49.36508,-25.42023],[-49.36517,-25.42048],[-49.36558,-25.42031],[-49.36578,-25.42028],[-49.3659,-25.42022],[-49.36751,-25.41957],[-49.36767,-25.41951],[-49.36921,-25.41895],[-49.37065,-25.41849],[-49.37165,-25.41811],[-49.37278,-25.41764],[-49.37339,-25.41735],[-49.37393,-25.41705],[-49.37441,-25.41688],[-49.3748,-25.41668],[-49.375,-25.41651],[-49.37514,-25.41629],[-49.37524,-25.41606],[-49.3753,-25.4156],[-49.37534,-25.41543],[-49.37543,-25.41517],[-49.37551,-25.41492],[-49.37552,-25.41468],[-49.37552,-25.41446],[-49.3756,-25.41427],[-49.37583,-25.41399],[-49.37591,-25.41381],[-49.37589,-25.41365],[-49.37577,-25.41338],[-49.37564,-25.41325],[-49.37558,-25.4132],[-49.37527,-25.41298],[-49.37475,-25.41264],[-49.3747,-25.41254],[-49.37464,-25.41244],[-49.37459,-25.41225],[-49.3746,-25.41213],[-49.37476,-25.41201],[-49.37509,-25.41182],[-49.37548,-25.41155],[-49.37604,-25.4112],[-49.37629,-25.41115],[-49.37647,-25.41104],[-49.3776,-25.41062],[-49.37768,-25.40973],[-49.37843,-25.40923],[-49.37827,-25.40895],[-49.37737,-25.4088],[-49.37546,-25.40892],[-49.37526,-25.40847],[-49.37584,-25.40737],[-49.37518,-25.40662],[-49.37531,-25.40628],[-49.37573,-25.4061],[-49.37604,-25.40539],[-49.37663,-25.40497],[-49.37658,-25.40447],[-49.37638,-25.40394],[-49.37533,-25.40321],[-49.37485,-25.40225],[-49.37447,-25.40189],[-49.37449,-25.4009],[-49.37509,-25.4004],[-49.37511,-25.4002],[-49.37359,-25.3994],[-49.37428,-25.39837],[-49.37416,-25.39792],[-49.37363,-25.39726],[-49.37322,-25.39765],[-49.3724,-25.39764],[-49.37248,-25.39691],[-49.37231,-25.39689],[-49.37193,-25.39726],[-49.37139,-25.39688],[-49.3709,-25.39694],[-49.37103,-25.39659],[-49.37099,-25.39656],[-49.37076,-25.39637],[-49.37048,-25.39641],[-49.37041,-25.39685],[-49.36996,-25.39661],[-49.3694,-25.39716],[-49.36926,-25.39713],[-49.3695,-25.39674],[-49.36938,-25.39649],[-49.36858,-25.39656],[-49.36826,-25.39631],[-49.36751,-25.39682],[-49.36715,-25.39681],[-49.36536,-25.39526],[-49.36404,-25.39481],[-49.36415,-25.39451],[-49.36425,-25.39423],[-49.36407,-25.39391],[-49.36417,-25.39375],[-49.36469,-25.39345],[-49.36512,-25.39344],[-49.36512,-25.3934],[-49.36512,-25.39324],[-49.36435,-25.39243],[-49.3643,-25.39163],[-49.36429,-25.39152],[-49.36416,-25.39118],[-49.36399,-25.39075],[-49.36321,-25.39047],[-49.36341,-25.38988],[-49.36296,-25.38946],[-49.36279,-25.38894],[-49.36139,-25.38817],[-49.36101,-25.38796],[-49.36098,-25.38786],[-49.3609,-25.38764],[-49.36087,-25.38754],[-49.36081,-25.3875],[-49.35984,-25.38681],[-49.35983,-25.38666],[-49.35979,-25.38613],[-49.35986,-25.38587],[-49.35987,-25.38585],[-49.35991,-25.3857],[-49.36028,-25.3844],[-49.35941,-25.38326],[-49.35899,-25.38328],[-49.35894,-25.38331],[-49.35814,-25.38376],[-49.35778,-25.38376],[-49.3572,-25.38345],[-49.35654,-25.38362],[-49.35488,-25.38343],[-49.35465,-25.38202],[-49.35465,-25.382],[-49.35463,-25.38191],[-49.35462,-25.38185],[-49.35456,-25.38147],[-49.35354,-25.38018],[-49.35352,-25.38015],[-49.35352,-25.37966],[-49.35344,-25.37966],[-49.35305,-25.37968],[-49.35255,-25.38045],[-49.35223,-25.38043],[-49.35186,-25.37961],[-49.35102,-25.37875],[-49.35052,-25.3785],[-49.35044,-25.37846],[-49.3504,-25.37844],[-49.35035,-25.37842],[-49.34962,-25.37806],[-49.34952,-25.37786],[-49.34951,-25.37783],[-49.34922,-25.37723],[-49.34822,-25.3766],[-49.34785,-25.37595],[-49.34855,-25.37478],[-49.34836,-25.37433],[-49.34855,-25.37402],[-49.34841,-25.3735],[-49.34836,-25.37352],[-49.34799,-25.37353],[-49.34762,-25.37348],[-49.3474,-25.37337],[-49.34707,-25.37317],[-49.34643,-25.37273],[-49.34612,-25.37268],[-49.34582,-25.37278],[-49.34562,-25.37293],[-49.34526,-25.37306],[-49.34516,-25.37312],[-49.34508,-25.3732],[-49.34485,-25.3734],[-49.3446,-25.37363],[-49.3444,-25.37391],[-49.34422,-25.37425],[-49.34412,-25.3743],[-49.34398,-25.37427],[-49.34386,-25.37418],[-49.34374,-25.374],[-49.34367,-25.37386],[-49.34359,-25.37376],[-49.34343,-25.37364],[-49.34327,-25.37352],[-49.3431,-25.37348],[-49.34283,-25.37346],[-49.34267,-25.37346],[-49.34227,-25.37337],[-49.34206,-25.3733],[-49.34184,-25.37325],[-49.34147,-25.37353],[-49.34111,-25.37382],[-49.3409,-25.37404],[-49.34067,-25.37429],[-49.34056,-25.37446],[-49.34054,-25.37464],[-49.34054,-25.37476],[-49.34046,-25.37489],[-49.34041,-25.37499],[-49.3403,-25.3751],[-49.34017,-25.37523],[-49.33983,-25.37564],[-49.33971,-25.37576],[-49.33906,-25.37562],[-49.33863,-25.37554],[-49.33846,-25.37555],[-49.33804,-25.37561],[-49.33787,-25.37564],[-49.33779,-25.3757],[-49.33765,-25.37584],[-49.33751,-25.37597],[-49.33739,-25.37601],[-49.33721,-25.37603],[-49.33701,-25.37603],[-49.33661,-25.37595],[-49.3361,-25.37574],[-49.33594,-25.3757],[-49.33585,-25.37571],[-49.33575,-25.37577],[-49.33564,-25.37588],[-49.33546,-25.37596],[-49.33505,-25.37607],[-49.33464,-25.37617],[-49.33471,-25.37638],[-49.33492,-25.37702],[-49.33522,-25.3778],[-49.33553,-25.37873],[-49.33577,-25.37962],[-49.33595,-25.38046],[-49.33601,-25.38077],[-49.33607,-25.38088],[-49.3362,-25.38103],[-49.33637,-25.38113],[-49.33646,-25.38117],[-49.33655,-25.38119],[-49.33666,-25.38121],[-49.33686,-25.38125],[-49.33709,-25.3814],[-49.3374,-25.38168],[-49.33778,-25.38193],[-49.33856,-25.3824],[-49.33849,-25.38408],[-49.33839,-25.38575],[-49.33836,-25.38681],[-49.33833,-25.38796],[-49.33823,-25.38954],[-49.33807,-25.39008],[-49.33785,-25.39069],[-49.33777,-25.39101],[-49.33777,-25.3915],[-49.33785,-25.39215],[-49.33828,-25.39398],[-49.33845,-25.39471],[-49.33857,-25.39519],[-49.33895,-25.39513],[-49.33943,-25.39507],[-49.33988,-25.39611],[-49.34002,-25.39648],[-49.34022,-25.39698],[-49.34028,-25.39714],[-49.34052,-25.39777],[-49.34055,-25.39783],[-49.34084,-25.39861]]]}},{"type":"Feature","properties":{"code":"4106902062","name":"Lamenha Pequena"},"geometry":{"type":"Polygon","coordinates":[[[-49.34582,-25.3671],[-49.34582,-25.36709],[-49.34618,-25.3664],[-49.34615,-25.36591],[-49.34576,-25.36554],[-49.34427,-25.36559],[-49.34409,-25.36445],[-49.34326,-25.36417],[-49.34377,-25.36401],[-49.3437,-25.36381],[-49.3432,-25.36377],[-49.34318,-25.36356],[-49.34345,-25.36332],[-49.34339,-25.36264],[-49.34385,-25.36191],[-49.34319,-25.36136],[-49.34334,-25.36057],[-49.34156,-25.36017],[-49.34133,-25.35985],[-49.34151,-25.35939],[-49.34283,-25.35869],[-49.34234,-25.35802],[-49.34234,-25.35743],[-49.34149,-25.35655],[-49.3418,-25.356],[-49.34182,-25.35505],[-49.34078,-25.35451],[-49.34134,-25.35372],[-49.3409,-25.35287],[-49.34131,-25.35242],[-49.34124,-25.3522],[-49.34112,-25.35182],[-49.34117,-25.35156],[-49.34134,-25.35079],[-49.34092,-25.35028],[-49.34025,-25.34946],[-49.34021,-25.34975],[-49.34012,-25.3498],[-49.33992,-25.34992],[-49.33988,-25.35],[-49.3396,-25.35054],[-49.33922,-25.35059],[-49.3389,-25.35093],[-49.33875,-25.35147],[-49.33829,-25.3516],[-49.33799,-25.35187],[-49.33777,-25.35187],[-49.33753,-25.35173],[-49.33735,-25.35169],[-49.33722,-25.3518],[-49.33718,-25.35201],[-49.33712,-25.35204],[-49.33707,-25.35206],[-49.33685,-25.35217],[-49.33659,-25.35224],[-49.3365,-25.35224],[-49.3364,-25.35222],[-49.33632,-25.35218],[-49.33566,-25.35176],[-49.33558,-25.35172],[-49.33549,-25.35173],[-49.33547,-25.35174],[-49.33544,-25.35176],[-49.33539,-25.35184],[-49.33537,-25.35213],[-49.33541,-25.35221],[-49.33582,-25.35266],[-49.33583,-25.35278],[-49.33582,-25.353],[-49.33577,-25.35311],[-49.33571,-25.35327],[-49.33559,-25.35339],[-49.33527,-25.35367],[-49.33526,-25.35371],[-49.33524,-25.35376],[-49.33527,-25.35389],[-49.33536,-25.35422],[-49.33545,-25.35455],[-49.33544,-25.35479],[-49.33529,-25.35492],[-49.33458,-25.35511],[-49.33424,-25.3553],[-49.33381,-25.35569],[-49.33358,-25.35611],[-49.33347,-25.3565],[-49.3333,-25.357],[-49.33307,-25.35727],[-49.33267,-25.35768],[-49.33222,-25.35805],[-49.33182,-25.3583],[-49.33158,-25.35841],[-49.33134,-25.35865],[-49.33106,-25.35882],[-49.33078,-25.359],[-49.32996,-25.35951],[-49.32966,-25.35975],[-49.32925,-25.36007],[-49.32903,-25.36039],[-49.32894,-25.36083],[-49.32891,-25.36127],[-49.32889,-25.36175],[-49.32885,-25.36207],[-49.32871,-25.36247],[-49.32854,-25.36276],[-49.32816,-25.36356],[-49.3279,-25.36422],[-49.32749,-25.36553],[-49.32732,-25.36623],[-49.32712,-25.36706],[-49.32693,-25.36734],[-49.32626,-25.36811],[-49.32588,-25.36839],[-49.32583,-25.36842],[-49.32594,-25.36855],[-49.32614,-25.36863],[-49.32641,-25.36875],[-49.32706,-25.36902],[-49.3274,-25.36917],[-49.32766,-25.3693],[-49.32782,-25.3694],[-49.328,-25.36955],[-49.32816,-25.3697],[-49.32838,-25.36998],[-49.32859,-25.37026],[-49.32882,-25.37056],[-49.32906,-25.37086],[-49.32958,-25.37133],[-49.33002,-25.37173],[-49.33049,-25.37214],[-49.33126,-25.37284],[-49.33162,-25.37317],[-49.33194,-25.37345],[-49.33218,-25.37368],[-49.3327,-25.37415],[-49.33375,-25.37509],[-49.33425,-25.37554],[-49.33442,-25.37576],[-49.33451,-25.37591],[-49.33464,-25.37617],[-49.33505,-25.37607],[-49.33546,-25.37596],[-49.33564,-25.37588],[-49.33575,-25.37577],[-49.33585,-25.37571],[-49.33594,-25.3757],[-49.3361,-25.37574],[-49.33661,-25.37595],[-49.33701,-25.37603],[-49.33721,-25.37603],[-49.33739,-25.37601],[-49.33751,-25.37597],[-49.33765,-25.37584],[-49.33779,-25.3757],[-49.33787,-25.37564],[-49.33804,-25.37561],[-49.33846,-25.37555],[-49.33863,-25.37554],[-49.33906,-25.37562],[-49.33971,-25.37576],[-49.33983,-25.37564],[-49.34017,-25.37523],[-49.3403,-25.3751],[-49.34041,-25.37499],[-49.34046,-25.37489],[-49.34054,-25.37476],[-49.34054,-25.37464],[-49.34056,-25.37446],[-49.34067,-25.37429],[-49.3409,-25.37404],[-49.34111,-25.37382],[-49.34147,-25.37353],[-49.34184,-25.37325],[-49.34206,-25.3733],[-49.34227,-25.37337],[-49.34267,-25.37346],[-49.34283,-25.37346],[-49.3431,-25.37348],[-49.34327,-25.37352],[-49.34343,-25.37364],[-49.34359,-25.37376],[-49.34367,-25.37386],[-49.34374,-25.374],[-49.34386,-25.37418],[-49.34398,-25.37427],[-49.34412,-25.3743],[-49.34422,-25.37425],[-49.3444,-25.37391],[-49.3446,-25.37363],[-49.34485,-25.3734],[-49.34508,-25.3732],[-49.34516,-25.37312],[-49.34526,-25.37306],[-49.34562,-25.37293],[-49.34582,-25.37278],[-49.34612,-25.37268],[-49.34643,-25.37273],[-49.34707,-25.37317],[-49.3474,-25.37337],[-49.34762,-25.37348],[-49.34799,-25.37353],[-49.34836,-25.37352],[-49.34841,-25.3735],[-49.34839,-25.3734],[-49.34917,-25.37248],[-49.34845,-25.37193],[-49.34767,-25.37212],[-49.34763,-25.37172],[-49.34676,-25.37135],[-49.34644,-25.37101],[-49.34614,-25.36956],[-49.34567,-25.36926],[-49.34564,-25.36886],[-49.34586,-25.36837],[-49.34577,-25.36719],[-49.34582,-25.3671]]]}},{"type":"Feature","properties":{"code":"4106902023","name":"Guabirotuba"},"geometry":{"type":"Polygon","coordinates":[[[-49.24213,-25.4761],[-49.24226,-25.47594],[-49.24264,-25.47545],[-49.24275,-25.4753],[-49.24294,-25.47506],[-49.24294,-25.47505],[-49.24349,-25.47436],[-49.24375,-25.47403],[-49.2439,-25.47385],[-49.24456,-25.47299],[-49.24489,-25.47257],[-49.24491,-25.47256],[-49.24535,-25.47197],[-49.24536,-25.47196],[-49.24632,-25.47074],[-49.24732,-25.46945],[-49.24813,-25.46842],[-49.24868,-25.46771],[-49.24903,-25.46726],[-49.24983,-25.46623],[-49.25026,-25.46568],[-49.25036,-25.46551],[-49.25052,-25.46521],[-49.25072,-25.46467],[-49.25137,-25.46355],[-49.25108,-25.4628],[-49.25086,-25.46225],[-49.25083,-25.46219],[-49.2506,-25.46161],[-49.25032,-25.46091],[-49.25024,-25.46069],[-49.24998,-25.46003],[-49.24981,-25.45958],[-49.24955,-25.45886],[-49.24941,-25.45851],[-49.24929,-25.45803],[-49.24926,-25.45794],[-49.24912,-25.45752],[-49.24901,-25.45722],[-49.24889,-25.45691],[-49.24886,-25.45685],[-49.24873,-25.45652],[-49.24865,-25.4563],[-49.24858,-25.45611],[-49.24846,-25.45583],[-49.24837,-25.45563],[-49.24829,-25.45553],[-49.24817,-25.45536],[-49.24788,-25.455],[-49.24775,-25.45488],[-49.24761,-25.45474],[-49.24737,-25.45459],[-49.24732,-25.45456],[-49.24717,-25.45449],[-49.24712,-25.45446],[-49.24703,-25.45442],[-49.24687,-25.45436],[-49.24677,-25.45432],[-49.24661,-25.45426],[-49.24641,-25.45419],[-49.24621,-25.45412],[-49.2459,-25.45403],[-49.24502,-25.45378],[-49.24494,-25.45375],[-49.24456,-25.45364],[-49.24434,-25.45357],[-49.24399,-25.45346],[-49.24351,-25.45331],[-49.24316,-25.45319],[-49.24307,-25.45316],[-49.24299,-25.45313],[-49.2422,-25.45423],[-49.24195,-25.45457],[-49.24171,-25.45489],[-49.2414,-25.45535],[-49.24132,-25.45546],[-49.24118,-25.45563],[-49.24083,-25.45611],[-49.24079,-25.45618],[-49.24056,-25.45648],[-49.24035,-25.45678],[-49.24027,-25.4569],[-49.24018,-25.45704],[-49.24,-25.45724],[-49.23969,-25.45769],[-49.23949,-25.45796],[-49.23924,-25.45829],[-49.23912,-25.45845],[-49.23878,-25.45893],[-49.23843,-25.45941],[-49.2384,-25.45946],[-49.2383,-25.45958],[-49.23819,-25.45974],[-49.23807,-25.4599],[-49.23767,-25.46042],[-49.23733,-25.46087],[-49.23729,-25.46094],[-49.23711,-25.4612],[-49.23699,-25.46136],[-49.23678,-25.46165],[-49.23652,-25.46203],[-49.23646,-25.4621],[-49.23605,-25.46269],[-49.23595,-25.46282],[-49.23592,-25.46286],[-49.23539,-25.46356],[-49.23524,-25.46377],[-49.23502,-25.46407],[-49.2348,-25.46438],[-49.23467,-25.46453],[-49.23458,-25.46465],[-49.23461,-25.46483],[-49.23462,-25.46495],[-49.23469,-25.46539],[-49.23472,-25.46558],[-49.23481,-25.46613],[-49.23485,-25.46646],[-49.23493,-25.46702],[-49.23498,-25.46734],[-49.23515,-25.46836],[-49.2352,-25.46859],[-49.23526,-25.46883],[-49.23537,-25.46904],[-49.23542,-25.46911],[-49.23549,-25.4692],[-49.23577,-25.46948],[-49.23599,-25.46967],[-49.23635,-25.46995],[-49.23653,-25.4701],[-49.23673,-25.47031],[-49.23692,-25.47052],[-49.23706,-25.47074],[-49.23724,-25.4711],[-49.23732,-25.47126],[-49.23748,-25.47157],[-49.23767,-25.47199],[-49.23818,-25.47286],[-49.23872,-25.47374],[-49.23911,-25.4744],[-49.23923,-25.4746],[-49.23952,-25.47507],[-49.23967,-25.47533],[-49.23976,-25.47547],[-49.24026,-25.4763],[-49.24041,-25.47647],[-49.24065,-25.47668],[-49.24138,-25.47708],[-49.24144,-25.47698],[-49.24193,-25.47636],[-49.24213,-25.4761]]]}},{"type":"Feature","properties":{"code":"4106902036","name":"Bairro Alto"},"geometry":{"type":"Polygon","coordinates":[[[-49.2031,-25.39723],[-49.20202,-25.39677],[-49.20094,-25.39635],[-49.19983,-25.3959],[-49.19877,-25.3955],[-49.19871,-25.39548],[-49.19832,-25.39532],[-49.19326,-25.39384],[-49.19327,-25.39394],[-49.19326,-25.39449],[-49.19324,-25.39492],[-49.1933,-25.39549],[-49.1934,-25.39599],[-49.19352,-25.3967],[-49.19353,-25.39673],[-49.1936,-25.39726],[-49.19366,-25.39781],[-49.1937,-25.39823],[-49.19377,-25.39883],[-49.19384,-25.39912],[-49.19392,-25.39967],[-49.19396,-25.40019],[-49.19423,-25.40097],[-49.19428,-25.4011],[-49.1944,-25.40129],[-49.19453,-25.40154],[-49.19459,-25.40174],[-49.19461,-25.40199],[-49.19462,-25.40243],[-49.19466,-25.40288],[-49.19466,-25.40335],[-49.19467,-25.40382],[-49.19465,-25.40465],[-49.19468,-25.40523],[-49.19469,-25.40537],[-49.19467,-25.40569],[-49.19473,-25.40619],[-49.19488,-25.40664],[-49.19516,-25.40714],[-49.19527,-25.40731],[-49.19547,-25.4076],[-49.19563,-25.40784],[-49.19586,-25.40818],[-49.19592,-25.40829],[-49.19605,-25.40854],[-49.19635,-25.40893],[-49.19687,-25.40975],[-49.19696,-25.40991],[-49.19769,-25.41089],[-49.19804,-25.41144],[-49.19837,-25.41201],[-49.19846,-25.4123],[-49.19833,-25.41285],[-49.19829,-25.41304],[-49.19822,-25.41325],[-49.19805,-25.41368],[-49.1979,-25.41405],[-49.19787,-25.4141],[-49.19746,-25.41474],[-49.19742,-25.4148],[-49.19719,-25.4153],[-49.19712,-25.41545],[-49.1971,-25.41587],[-49.19715,-25.4162],[-49.19719,-25.41646],[-49.19727,-25.41675],[-49.19736,-25.41699],[-49.19756,-25.41722],[-49.19784,-25.41751],[-49.19804,-25.41784],[-49.19812,-25.41805],[-49.19814,-25.41832],[-49.19815,-25.41858],[-49.19816,-25.41862],[-49.19822,-25.41893],[-49.19823,-25.41903],[-49.19828,-25.41952],[-49.19828,-25.41972],[-49.19825,-25.42013],[-49.19823,-25.42054],[-49.1982,-25.42081],[-49.19815,-25.42125],[-49.19814,-25.42167],[-49.19814,-25.42173],[-49.19812,-25.42186],[-49.19808,-25.42218],[-49.19802,-25.42331],[-49.198,-25.42371],[-49.19798,-25.42407],[-49.19793,-25.42443],[-49.19793,-25.42471],[-49.19793,-25.4249],[-49.19798,-25.42512],[-49.19803,-25.42534],[-49.19808,-25.42546],[-49.19821,-25.42571],[-49.1983,-25.42592],[-49.1984,-25.42608],[-49.19854,-25.42626],[-49.1986,-25.42632],[-49.19875,-25.42645],[-49.19906,-25.42667],[-49.19924,-25.42683],[-49.19953,-25.42709],[-49.19992,-25.42752],[-49.20036,-25.42794],[-49.20093,-25.42843],[-49.20128,-25.42875],[-49.2017,-25.42921],[-49.20211,-25.42961],[-49.20252,-25.42999],[-49.20278,-25.43028],[-49.20293,-25.43049],[-49.20305,-25.43067],[-49.20312,-25.43087],[-49.20312,-25.43113],[-49.20367,-25.43111],[-49.20374,-25.4311],[-49.20383,-25.43089],[-49.20399,-25.4305],[-49.20417,-25.43012],[-49.20426,-25.42981],[-49.20433,-25.42953],[-49.20436,-25.42935],[-49.20437,-25.42923],[-49.2044,-25.42907],[-49.20512,-25.42864],[-49.20582,-25.42811],[-49.20691,-25.42763],[-49.20721,-25.42754],[-49.20746,-25.42744],[-49.2076,-25.42736],[-49.20788,-25.42725],[-49.20806,-25.42717],[-49.20838,-25.42694],[-49.20864,-25.42652],[-49.20888,-25.42609],[-49.20888,-25.42608],[-49.20906,-25.4255],[-49.2091,-25.42519],[-49.2092,-25.42502],[-49.20926,-25.42478],[-49.20931,-25.42462],[-49.20935,-25.42447],[-49.20928,-25.42426],[-49.20924,-25.42405],[-49.2092,-25.42381],[-49.20918,-25.42359],[-49.20921,-25.42325],[-49.20921,-25.42306],[-49.20925,-25.42275],[-49.20943,-25.42251],[-49.21024,-25.42203],[-49.21043,-25.4219],[-49.21155,-25.42114],[-49.21205,-25.42082],[-49.21242,-25.42037],[-49.21251,-25.42022],[-49.21261,-25.4201],[-49.21274,-25.41985],[-49.21284,-25.4197],[-49.213,-25.41931],[-49.21325,-25.41884],[-49.21348,-25.41827],[-49.21359,-25.41811],[-49.21377,-25.41796],[-49.21402,-25.41787],[-49.21431,-25.41783],[-49.21572,-25.41768],[-49.21728,-25.41743],[-49.2177,-25.41739],[-49.21812,-25.41748],[-49.21856,-25.41761],[-49.21891,-25.41781],[-49.21994,-25.41832],[-49.22074,-25.41864],[-49.22121,-25.41885],[-49.2215,-25.41896],[-49.22168,-25.41907],[-49.22207,-25.41947],[-49.22292,-25.42006],[-49.22367,-25.42051],[-49.22451,-25.42088],[-49.22512,-25.42111],[-49.2254,-25.42101],[-49.225,-25.42044],[-49.22478,-25.41995],[-49.22472,-25.41978],[-49.22466,-25.41963],[-49.22464,-25.41959],[-49.22388,-25.41782],[-49.22314,-25.41611],[-49.22312,-25.41606],[-49.22298,-25.41576],[-49.22278,-25.41582],[-49.22247,-25.41512],[-49.22201,-25.41406],[-49.22188,-25.41377],[-49.22153,-25.41297],[-49.22144,-25.41278],[-49.22101,-25.41186],[-49.22067,-25.41098],[-49.22057,-25.41077],[-49.22005,-25.4097],[-49.21991,-25.4094],[-49.21955,-25.40856],[-49.21951,-25.40848],[-49.21949,-25.40841],[-49.21928,-25.40793],[-49.21842,-25.40603],[-49.2173,-25.40359],[-49.21722,-25.40341],[-49.21703,-25.40299],[-49.217,-25.40294],[-49.21676,-25.40239],[-49.21654,-25.40189],[-49.2163,-25.40136],[-49.21578,-25.4002],[-49.21512,-25.39875],[-49.21488,-25.39811],[-49.21456,-25.39764],[-49.21425,-25.39727],[-49.21414,-25.39717],[-49.21401,-25.39702],[-49.21396,-25.39698],[-49.21392,-25.39695],[-49.21368,-25.39674],[-49.21353,-25.39661],[-49.21305,-25.39621],[-49.21232,-25.39566],[-49.21201,-25.39533],[-49.21147,-25.39492],[-49.2113,-25.39478],[-49.21126,-25.39475],[-49.21088,-25.39446],[-49.21086,-25.39443],[-49.21066,-25.39422],[-49.21001,-25.3935],[-49.20999,-25.39355],[-49.2099,-25.39373],[-49.20988,-25.39378],[-49.20962,-25.39431],[-49.2093,-25.39493],[-49.209,-25.39559],[-49.20866,-25.39627],[-49.20804,-25.39761],[-49.2074,-25.39894],[-49.20635,-25.39853],[-49.20527,-25.39808],[-49.2042,-25.39764],[-49.2035,-25.39738],[-49.2031,-25.39723]]]}},{"type":"Feature","properties":{"code":"4106902041","name":"Novo Mundo"},"geometry":{"type":"Polygon","coordinates":[[[-49.27482,-25.49063],[-49.2734,-25.48881],[-49.27234,-25.48955],[-49.27225,-25.48961],[-49.2711,-25.4904],[-49.27189,-25.49137],[-49.2725,-25.49213],[-49.27283,-25.49254],[-49.27294,-25.49267],[-49.27337,-25.49321],[-49.27396,-25.49393],[-49.27498,-25.4952],[-49.27522,-25.49549],[-49.27556,-25.49591],[-49.27621,-25.4957],[-49.27663,-25.49556],[-49.27712,-25.49539],[-49.27728,-25.49533],[-49.27802,-25.49508],[-49.27834,-25.49497],[-49.2787,-25.49485],[-49.2792,-25.49471],[-49.27933,-25.49469],[-49.27973,-25.49463],[-49.28097,-25.49442],[-49.28124,-25.49441],[-49.2815,-25.49443],[-49.28192,-25.49449],[-49.2836,-25.49464],[-49.28375,-25.49465],[-49.28381,-25.49465],[-49.28394,-25.49465],[-49.28464,-25.49468],[-49.2849,-25.49468],[-49.28582,-25.49468],[-49.28599,-25.49468],[-49.28615,-25.49474],[-49.28629,-25.49478],[-49.28654,-25.49487],[-49.28677,-25.49493],[-49.287,-25.49498],[-49.28721,-25.49497],[-49.28751,-25.49484],[-49.28776,-25.49475],[-49.28809,-25.49444],[-49.28838,-25.49419],[-49.29074,-25.49486],[-49.29105,-25.49498],[-49.29133,-25.49514],[-49.29165,-25.49532],[-49.29179,-25.49526],[-49.29225,-25.49503],[-49.29368,-25.49436],[-49.29377,-25.49433],[-49.29392,-25.49435],[-49.29397,-25.49459],[-49.2941,-25.49486],[-49.29415,-25.49496],[-49.29424,-25.49514],[-49.29513,-25.49591],[-49.296,-25.49638],[-49.29639,-25.49662],[-49.29695,-25.49681],[-49.29809,-25.49715],[-49.29813,-25.49716],[-49.29855,-25.49731],[-49.2987,-25.49735],[-49.2988,-25.49741],[-49.29927,-25.49788],[-49.29954,-25.49812],[-49.29981,-25.49817],[-49.30015,-25.49816],[-49.30098,-25.49793],[-49.30159,-25.49774],[-49.30241,-25.49748],[-49.30272,-25.49739],[-49.30301,-25.49738],[-49.30313,-25.4974],[-49.30371,-25.4975],[-49.30468,-25.49773],[-49.30556,-25.49787],[-49.30592,-25.49793],[-49.30651,-25.49803],[-49.30651,-25.49778],[-49.30693,-25.49779],[-49.30759,-25.49776],[-49.30779,-25.4977],[-49.30801,-25.49757],[-49.30835,-25.49728],[-49.30884,-25.49691],[-49.30909,-25.4966],[-49.30925,-25.49625],[-49.30953,-25.49567],[-49.30958,-25.49554],[-49.30986,-25.495],[-49.30994,-25.49487],[-49.31001,-25.49479],[-49.3102,-25.49462],[-49.31035,-25.49452],[-49.31082,-25.49417],[-49.31136,-25.49383],[-49.31167,-25.49365],[-49.31203,-25.4935],[-49.31244,-25.49334],[-49.31316,-25.49268],[-49.31367,-25.49221],[-49.31426,-25.49166],[-49.31508,-25.49095],[-49.31635,-25.48984],[-49.31839,-25.488],[-49.31535,-25.48441],[-49.31527,-25.48431],[-49.31514,-25.4842],[-49.31487,-25.48407],[-49.31436,-25.48381],[-49.31427,-25.48377],[-49.31396,-25.48367],[-49.31377,-25.48361],[-49.31333,-25.48347],[-49.31303,-25.48337],[-49.31289,-25.48332],[-49.31274,-25.48331],[-49.31255,-25.48329],[-49.31233,-25.48331],[-49.31201,-25.48336],[-49.3118,-25.4834],[-49.31161,-25.48346],[-49.31115,-25.48358],[-49.31007,-25.484],[-49.30953,-25.4842],[-49.30938,-25.48425],[-49.30932,-25.48427],[-49.30917,-25.48428],[-49.30895,-25.48427],[-49.30893,-25.48427],[-49.30876,-25.48424],[-49.30856,-25.48418],[-49.30846,-25.48413],[-49.30826,-25.48398],[-49.30798,-25.48369],[-49.30777,-25.48353],[-49.30748,-25.48338],[-49.30664,-25.48309],[-49.3052,-25.48264],[-49.30491,-25.48257],[-49.30481,-25.48254],[-49.30393,-25.48226],[-49.30382,-25.48222],[-49.30364,-25.48218],[-49.30346,-25.48214],[-49.30326,-25.48213],[-49.30307,-25.48214],[-49.3029,-25.48216],[-49.30278,-25.4822],[-49.30247,-25.48228],[-49.30154,-25.48255],[-49.30118,-25.48266],[-49.30093,-25.48271],[-49.30069,-25.48275],[-49.30042,-25.48277],[-49.30019,-25.48276],[-49.29997,-25.48275],[-49.29977,-25.48274],[-49.29836,-25.48264],[-49.29766,-25.48259],[-49.29747,-25.48256],[-49.29714,-25.48245],[-49.29673,-25.48218],[-49.29627,-25.48147],[-49.29623,-25.4814],[-49.29597,-25.48106],[-49.29571,-25.48081],[-49.29565,-25.48081],[-49.29558,-25.48081],[-49.29446,-25.4808],[-49.29259,-25.48077],[-49.29254,-25.48078],[-49.29251,-25.48078],[-49.29247,-25.48058],[-49.29245,-25.48038],[-49.29233,-25.48009],[-49.29229,-25.47992],[-49.29172,-25.48004],[-49.29139,-25.48016],[-49.29079,-25.48025],[-49.29062,-25.48024],[-49.29015,-25.47986],[-49.28944,-25.47928],[-49.28895,-25.47889],[-49.28852,-25.4786],[-49.28819,-25.47852],[-49.28791,-25.47845],[-49.28675,-25.47822],[-49.28605,-25.47785],[-49.28424,-25.47741],[-49.2838,-25.4773],[-49.2835,-25.47828],[-49.28341,-25.47862],[-49.28332,-25.47875],[-49.28328,-25.47881],[-49.28312,-25.47934],[-49.2829,-25.4801],[-49.28266,-25.48091],[-49.28232,-25.48206],[-49.28219,-25.48251],[-49.28197,-25.48323],[-49.28163,-25.48442],[-49.28281,-25.48534],[-49.28266,-25.48554],[-49.28238,-25.48553],[-49.28255,-25.48592],[-49.28131,-25.48613],[-49.28129,-25.4863],[-49.28024,-25.487],[-49.27917,-25.48771],[-49.27809,-25.48844],[-49.277,-25.48916],[-49.27613,-25.48974],[-49.27598,-25.48984],[-49.27542,-25.49022],[-49.27496,-25.49052],[-49.27482,-25.49063]]]}},{"type":"Feature","properties":{"code":"4106902066","name":"Pinheirinho"},"geometry":{"type":"Polygon","coordinates":[[[-49.27666,-25.51779],[-49.27527,-25.51869],[-49.27395,-25.5196],[-49.27258,-25.52051],[-49.27255,-25.52052],[-49.27076,-25.52171],[-49.27044,-25.52166],[-49.2703,-25.52178],[-49.27019,-25.52178],[-49.27015,-25.5218],[-49.27003,-25.52183],[-49.26984,-25.52192],[-49.26963,-25.52189],[-49.26946,-25.52188],[-49.26934,-25.5218],[-49.26919,-25.52162],[-49.26913,-25.5216],[-49.26902,-25.52162],[-49.2689,-25.52162],[-49.26874,-25.52157],[-49.2686,-25.52156],[-49.26842,-25.52158],[-49.26831,-25.52167],[-49.26807,-25.52198],[-49.26778,-25.52236],[-49.26767,-25.52252],[-49.26753,-25.5227],[-49.26742,-25.52297],[-49.2674,-25.52303],[-49.26736,-25.52312],[-49.26725,-25.52361],[-49.2672,-25.52381],[-49.26708,-25.52407],[-49.267,-25.52428],[-49.26693,-25.52454],[-49.26691,-25.52469],[-49.26688,-25.52482],[-49.26688,-25.52495],[-49.26684,-25.5251],[-49.26672,-25.52534],[-49.26659,-25.52543],[-49.26639,-25.52558],[-49.26626,-25.52568],[-49.2661,-25.52579],[-49.26591,-25.52591],[-49.26564,-25.52605],[-49.26567,-25.52606],[-49.26585,-25.52614],[-49.26643,-25.52646],[-49.26663,-25.52652],[-49.26694,-25.52661],[-49.26729,-25.52657],[-49.26759,-25.52659],[-49.26772,-25.52668],[-49.26797,-25.52692],[-49.2681,-25.527],[-49.26829,-25.52707],[-49.26851,-25.52715],[-49.26887,-25.52726],[-49.26904,-25.52727],[-49.26918,-25.52731],[-49.26934,-25.52738],[-49.26946,-25.5275],[-49.26965,-25.52774],[-49.2698,-25.52794],[-49.26995,-25.52817],[-49.27025,-25.52848],[-49.27049,-25.52874],[-49.27084,-25.5293],[-49.27104,-25.52965],[-49.27109,-25.52976],[-49.2712,-25.52988],[-49.27129,-25.52995],[-49.27141,-25.53001],[-49.27144,-25.53007],[-49.27154,-25.53014],[-49.27163,-25.53016],[-49.27174,-25.53021],[-49.27184,-25.53026],[-49.27197,-25.5303],[-49.27214,-25.53033],[-49.27227,-25.53039],[-49.27254,-25.53037],[-49.27276,-25.53033],[-49.27291,-25.53029],[-49.27304,-25.5303],[-49.27307,-25.53031],[-49.2731,-25.53031],[-49.27334,-25.53028],[-49.27365,-25.53031],[-49.27391,-25.53031],[-49.274,-25.53028],[-49.27429,-25.53027],[-49.27452,-25.53013],[-49.27475,-25.53013],[-49.27511,-25.53029],[-49.27585,-25.53045],[-49.27618,-25.53055],[-49.27622,-25.53057],[-49.27633,-25.5306],[-49.27651,-25.53062],[-49.27669,-25.5307],[-49.27682,-25.53072],[-49.27718,-25.53081],[-49.27747,-25.53094],[-49.27792,-25.53105],[-49.27835,-25.53114],[-49.27869,-25.53126],[-49.27881,-25.53132],[-49.27899,-25.53148],[-49.27919,-25.53162],[-49.27943,-25.53176],[-49.27947,-25.53182],[-49.27963,-25.53194],[-49.27993,-25.53211],[-49.28002,-25.53215],[-49.2803,-25.53226],[-49.28054,-25.53263],[-49.28092,-25.53309],[-49.28158,-25.53349],[-49.28159,-25.5335],[-49.28176,-25.53361],[-49.28187,-25.53365],[-49.28206,-25.53379],[-49.28217,-25.53382],[-49.28217,-25.53382],[-49.28221,-25.53385],[-49.28223,-25.53387],[-49.28239,-25.53397],[-49.28268,-25.53417],[-49.28276,-25.53425],[-49.28292,-25.53435],[-49.28303,-25.53443],[-49.28322,-25.53461],[-49.28336,-25.53472],[-49.28352,-25.53492],[-49.2837,-25.5351],[-49.28382,-25.53533],[-49.28401,-25.53557],[-49.28414,-25.53576],[-49.28422,-25.53581],[-49.28428,-25.53589],[-49.28436,-25.53592],[-49.28499,-25.53627],[-49.28522,-25.5367],[-49.28534,-25.53694],[-49.28543,-25.53717],[-49.28555,-25.53744],[-49.28583,-25.5382],[-49.28632,-25.53827],[-49.28639,-25.53828],[-49.28683,-25.53837],[-49.28681,-25.53855],[-49.28684,-25.53858],[-49.28685,-25.5386],[-49.28687,-25.53863],[-49.28691,-25.53868],[-49.28694,-25.53872],[-49.287,-25.53877],[-49.28702,-25.5388],[-49.28708,-25.53888],[-49.28721,-25.53908],[-49.28725,-25.53911],[-49.28728,-25.53919],[-49.28728,-25.53929],[-49.28728,-25.53935],[-49.28726,-25.5395],[-49.28726,-25.53957],[-49.28728,-25.53963],[-49.28739,-25.53974],[-49.28755,-25.53977],[-49.28766,-25.53986],[-49.28772,-25.53987],[-49.28777,-25.53991],[-49.2878,-25.53994],[-49.28783,-25.53998],[-49.28786,-25.54002],[-49.28789,-25.54006],[-49.28791,-25.54011],[-49.28796,-25.5402],[-49.28798,-25.54023],[-49.28805,-25.54033],[-49.28813,-25.54049],[-49.28818,-25.5406],[-49.28823,-25.54063],[-49.28834,-25.54067],[-49.28836,-25.54069],[-49.2884,-25.54075],[-49.2884,-25.54081],[-49.2884,-25.54087],[-49.28841,-25.54093],[-49.28843,-25.54097],[-49.28851,-25.54101],[-49.28855,-25.54105],[-49.28858,-25.5411],[-49.2886,-25.54117],[-49.28864,-25.54135],[-49.28864,-25.54138],[-49.28863,-25.54138],[-49.28861,-25.54142],[-49.28858,-25.54152],[-49.28858,-25.54162],[-49.28859,-25.54185],[-49.28918,-25.54195],[-49.29017,-25.54206],[-49.29109,-25.54217],[-49.29162,-25.54224],[-49.29203,-25.54228],[-49.293,-25.54238],[-49.29445,-25.54255],[-49.2963,-25.54289],[-49.2963,-25.54289],[-49.29869,-25.54334],[-49.29933,-25.54344],[-49.29934,-25.54341],[-49.29943,-25.54327],[-49.29948,-25.54322],[-49.29966,-25.54313],[-49.29981,-25.54305],[-49.29992,-25.54289],[-49.29999,-25.54271],[-49.29999,-25.54269],[-49.30002,-25.54254],[-49.30005,-25.54245],[-49.30006,-25.54241],[-49.30005,-25.54239],[-49.30006,-25.54233],[-49.30003,-25.54205],[-49.30001,-25.54194],[-49.29998,-25.54166],[-49.29997,-25.54154],[-49.29995,-25.54142],[-49.29993,-25.54119],[-49.29993,-25.54107],[-49.29994,-25.54105],[-49.29997,-25.54091],[-49.30003,-25.5408],[-49.30016,-25.54056],[-49.30031,-25.54029],[-49.3006,-25.53975],[-49.30064,-25.53969],[-49.30098,-25.53923],[-49.30099,-25.53922],[-49.30119,-25.53896],[-49.30124,-25.53888],[-49.30142,-25.53844],[-49.30143,-25.5382],[-49.30144,-25.53812],[-49.30146,-25.53797],[-49.30147,-25.53795],[-49.3015,-25.5379],[-49.3015,-25.53789],[-49.30159,-25.53782],[-49.30161,-25.53781],[-49.30169,-25.5378],[-49.30159,-25.53739],[-49.30123,-25.53582],[-49.30086,-25.53442],[-49.29947,-25.53054],[-49.30099,-25.52913],[-49.30177,-25.52999],[-49.30236,-25.53058],[-49.3026,-25.53133],[-49.30274,-25.53182],[-49.30355,-25.53376],[-49.3039,-25.53413],[-49.30431,-25.53427],[-49.3047,-25.53418],[-49.30492,-25.53422],[-49.30553,-25.53387],[-49.30582,-25.53374],[-49.30602,-25.53374],[-49.30629,-25.5336],[-49.3065,-25.53348],[-49.30653,-25.53337],[-49.3065,-25.53313],[-49.30652,-25.53281],[-49.30659,-25.53252],[-49.30673,-25.53217],[-49.307,-25.53203],[-49.30717,-25.53177],[-49.3073,-25.53166],[-49.30747,-25.53158],[-49.30762,-25.53159],[-49.30776,-25.53152],[-49.30804,-25.53152],[-49.30816,-25.53154],[-49.30828,-25.53145],[-49.30899,-25.53124],[-49.30936,-25.53066],[-49.30937,-25.53054],[-49.30965,-25.53027],[-49.30976,-25.53021],[-49.31,-25.53007],[-49.31018,-25.53002],[-49.31093,-25.53003],[-49.31106,-25.53001],[-49.31125,-25.5299],[-49.31138,-25.52977],[-49.31139,-25.52976],[-49.31151,-25.52959],[-49.31154,-25.52948],[-49.31154,-25.52934],[-49.31159,-25.52922],[-49.31171,-25.52906],[-49.31194,-25.5288],[-49.31194,-25.52863],[-49.3119,-25.52847],[-49.31194,-25.52835],[-49.31212,-25.52816],[-49.31224,-25.52807],[-49.31232,-25.52796],[-49.3124,-25.52787],[-49.3128,-25.52762],[-49.31321,-25.5274],[-49.31331,-25.5273],[-49.31397,-25.52688],[-49.31415,-25.5267],[-49.31426,-25.52658],[-49.3144,-25.52647],[-49.31454,-25.52642],[-49.3148,-25.52629],[-49.315,-25.52624],[-49.31526,-25.52611],[-49.31538,-25.52609],[-49.3155,-25.52598],[-49.31568,-25.5257],[-49.31573,-25.52556],[-49.31576,-25.52541],[-49.31581,-25.5253],[-49.31592,-25.5248],[-49.31625,-25.52437],[-49.31637,-25.52418],[-49.31652,-25.52398],[-49.31667,-25.52363],[-49.31698,-25.52331],[-49.31708,-25.52298],[-49.31702,-25.52258],[-49.31707,-25.52233],[-49.3171,-25.52223],[-49.3173,-25.52203],[-49.31744,-25.52155],[-49.31759,-25.52132],[-49.31773,-25.52098],[-49.31806,-25.52038],[-49.31852,-25.52005],[-49.31908,-25.51988],[-49.31944,-25.51951],[-49.31968,-25.51937],[-49.31989,-25.51949],[-49.32009,-25.51947],[-49.32014,-25.5193],[-49.32025,-25.5192],[-49.32041,-25.5192],[-49.32048,-25.51921],[-49.32072,-25.51937],[-49.32078,-25.51917],[-49.3207,-25.51899],[-49.32049,-25.51885],[-49.31943,-25.51852],[-49.31866,-25.51829],[-49.31792,-25.51801],[-49.31711,-25.51772],[-49.31617,-25.51744],[-49.31566,-25.51726],[-49.31437,-25.51682],[-49.31413,-25.51677],[-49.31381,-25.51665],[-49.31366,-25.51679],[-49.31343,-25.51702],[-49.31322,-25.51723],[-49.31304,-25.51735],[-49.31265,-25.51752],[-49.31207,-25.51809],[-49.31189,-25.51827],[-49.31127,-25.51905],[-49.31095,-25.51931],[-49.31078,-25.51899],[-49.31062,-25.51867],[-49.30964,-25.51908],[-49.30953,-25.51878],[-49.31045,-25.51841],[-49.31049,-25.51847],[-49.31074,-25.51837],[-49.31083,-25.51851],[-49.3115,-25.51823],[-49.31193,-25.51808],[-49.31207,-25.51794],[-49.31195,-25.51762],[-49.31206,-25.51752],[-49.31199,-25.51754],[-49.31115,-25.51783],[-49.31067,-25.51723],[-49.31062,-25.51723],[-49.30973,-25.51719],[-49.30888,-25.51719],[-49.30791,-25.51715],[-49.30615,-25.51712],[-49.30434,-25.51704],[-49.30255,-25.51704],[-49.30073,-25.517],[-49.29895,-25.51697],[-49.29719,-25.51692],[-49.29567,-25.51688],[-49.29392,-25.51688],[-49.29389,-25.51671],[-49.29375,-25.51605],[-49.29373,-25.51595],[-49.29369,-25.51572],[-49.29366,-25.51562],[-49.29379,-25.51524],[-49.29381,-25.51515],[-49.2942,-25.51408],[-49.29425,-25.51369],[-49.29425,-25.51361],[-49.2943,-25.51176],[-49.29434,-25.51164],[-49.29433,-25.51115],[-49.29415,-25.51012],[-49.29402,-25.50946],[-49.29389,-25.50864],[-49.29374,-25.50771],[-49.29374,-25.50753],[-49.2938,-25.50705],[-49.29383,-25.50685],[-49.29396,-25.50601],[-49.29396,-25.50599],[-49.29415,-25.50486],[-49.2941,-25.50485],[-49.29258,-25.5046],[-49.29102,-25.50437],[-49.29043,-25.50434],[-49.28996,-25.50436],[-49.28956,-25.50445],[-49.28911,-25.50461],[-49.28895,-25.50468],[-49.28855,-25.50492],[-49.28817,-25.50516],[-49.2874,-25.5057],[-49.28629,-25.50642],[-49.28505,-25.50727],[-49.2848,-25.50743],[-49.28508,-25.50777],[-49.28593,-25.50883],[-49.28622,-25.50919],[-49.28666,-25.50975],[-49.28702,-25.51018],[-49.28686,-25.51027],[-49.28627,-25.51068],[-49.28512,-25.51146],[-49.28446,-25.51188],[-49.28426,-25.51201],[-49.28442,-25.51225],[-49.28353,-25.51284],[-49.2829,-25.51326],[-49.28188,-25.51394],[-49.28118,-25.51441],[-49.27808,-25.51646],[-49.27646,-25.51754],[-49.27666,-25.51779]]]}},{"type":"Feature","properties":{"code":"4106902016","name":"Cabral"},"geometry":{"type":"Polygon","coordinates":[[[-49.25464,-25.41129],[-49.2548,-25.41117],[-49.25495,-25.41101],[-49.25541,-25.41062],[-49.25592,-25.41026],[-49.25603,-25.41025],[-49.25603,-25.41025],[-49.2561,-25.4102],[-49.25687,-25.40954],[-49.25663,-25.40848],[-49.25655,-25.40776],[-49.25703,-25.4061],[-49.25715,-25.40575],[-49.2574,-25.40531],[-49.25789,-25.40447],[-49.25836,-25.40366],[-49.25837,-25.40365],[-49.25854,-25.40327],[-49.25861,-25.40301],[-49.25866,-25.40255],[-49.25866,-25.40254],[-49.25866,-25.40254],[-49.25866,-25.40253],[-49.2587,-25.40188],[-49.25867,-25.40166],[-49.25863,-25.40144],[-49.25843,-25.40094],[-49.25831,-25.40067],[-49.25827,-25.40058],[-49.25808,-25.40019],[-49.25804,-25.4001],[-49.25799,-25.4],[-49.25785,-25.39983],[-49.25749,-25.39938],[-49.25731,-25.39917],[-49.25723,-25.39905],[-49.25718,-25.39892],[-49.25709,-25.39875],[-49.25696,-25.39814],[-49.25684,-25.39765],[-49.2568,-25.39733],[-49.25677,-25.39694],[-49.25677,-25.39648],[-49.25667,-25.39651],[-49.25616,-25.39705],[-49.25565,-25.39757],[-49.25537,-25.39782],[-49.2551,-25.39801],[-49.25509,-25.39801],[-49.25425,-25.39842],[-49.25269,-25.39924],[-49.25261,-25.39928],[-49.25129,-25.39933],[-49.25114,-25.39933],[-49.25101,-25.39935],[-49.25027,-25.39946],[-49.24914,-25.39999],[-49.24831,-25.40041],[-49.24763,-25.4007],[-49.24744,-25.40083],[-49.24746,-25.401],[-49.24747,-25.40104],[-49.24737,-25.40119],[-49.24732,-25.4013],[-49.24723,-25.40151],[-49.24701,-25.40202],[-49.24694,-25.40218],[-49.24657,-25.40244],[-49.24627,-25.40266],[-49.24615,-25.40286],[-49.24604,-25.40303],[-49.24602,-25.40307],[-49.24603,-25.40357],[-49.24611,-25.4039],[-49.24598,-25.40399],[-49.24527,-25.40484],[-49.24418,-25.40581],[-49.24365,-25.40611],[-49.24315,-25.4064],[-49.24265,-25.4067],[-49.24221,-25.40711],[-49.24178,-25.40757],[-49.24148,-25.40793],[-49.24142,-25.40802],[-49.24126,-25.40826],[-49.24116,-25.40851],[-49.24109,-25.40873],[-49.24106,-25.4093],[-49.24105,-25.41042],[-49.24104,-25.41063],[-49.24112,-25.41065],[-49.246,-25.41041],[-49.24607,-25.41117],[-49.24614,-25.41244],[-49.24621,-25.41289],[-49.24629,-25.41286],[-49.24628,-25.41297],[-49.24628,-25.4131],[-49.24634,-25.41326],[-49.24641,-25.41342],[-49.24645,-25.41349],[-49.24646,-25.4135],[-49.24687,-25.41386],[-49.24706,-25.41403],[-49.24768,-25.41462],[-49.24788,-25.4148],[-49.24908,-25.416],[-49.24994,-25.41679],[-49.25005,-25.41688],[-49.25097,-25.41553],[-49.25173,-25.41454],[-49.2521,-25.41403],[-49.25255,-25.41346],[-49.25259,-25.4134],[-49.25289,-25.41289],[-49.25305,-25.41273],[-49.25375,-25.41196],[-49.25439,-25.41137],[-49.2545,-25.41132],[-49.25464,-25.41129]]]}},{"type":"Feature","properties":{"code":"4106902070","name":"Caximba"},"geometry":{"type":"Polygon","coordinates":[[[-49.35761,-25.61583],[-49.35763,-25.61556],[-49.35763,-25.6155],[-49.35764,-25.61547],[-49.35764,-25.61545],[-49.35764,-25.61459],[-49.35759,-25.61371],[-49.35744,-25.61223],[-49.35743,-25.61199],[-49.35743,-25.61095],[-49.35737,-25.61025],[-49.35726,-25.60978],[-49.35711,-25.60955],[-49.35705,-25.60945],[-49.35702,-25.60925],[-49.35711,-25.609],[-49.35713,-25.60895],[-49.35732,-25.60854],[-49.35742,-25.60829],[-49.3575,-25.60805],[-49.35749,-25.60792],[-49.35748,-25.60787],[-49.35737,-25.60768],[-49.35715,-25.60742],[-49.35714,-25.6074],[-49.35668,-25.60718],[-49.35633,-25.60702],[-49.3551,-25.60646],[-49.35493,-25.60633],[-49.35447,-25.60601],[-49.3544,-25.60597],[-49.35423,-25.60586],[-49.35379,-25.60568],[-49.35324,-25.60552],[-49.35273,-25.6053],[-49.35241,-25.60498],[-49.35228,-25.60482],[-49.35224,-25.60462],[-49.35201,-25.6049],[-49.3513,-25.60506],[-49.35072,-25.60497],[-49.34976,-25.60471],[-49.34905,-25.60453],[-49.34816,-25.60465],[-49.34725,-25.60492],[-49.34669,-25.60517],[-49.34596,-25.60518],[-49.34548,-25.60576],[-49.34516,-25.60682],[-49.34468,-25.60735],[-49.34451,-25.60816],[-49.34367,-25.60855],[-49.34222,-25.60985],[-49.34126,-25.61047],[-49.33965,-25.61235],[-49.33953,-25.61241],[-49.33944,-25.61246],[-49.33358,-25.627],[-49.33192,-25.62852],[-49.33186,-25.62878],[-49.3323,-25.629],[-49.33255,-25.62933],[-49.33267,-25.62971],[-49.33243,-25.63005],[-49.33202,-25.63022],[-49.33157,-25.63006],[-49.33095,-25.62933],[-49.33073,-25.62921],[-49.33037,-25.62935],[-49.3302,-25.62961],[-49.3304,-25.63045],[-49.33042,-25.63051],[-49.3304,-25.63058],[-49.33126,-25.63135],[-49.33163,-25.63204],[-49.33168,-25.63318],[-49.33199,-25.6333],[-49.33284,-25.6319],[-49.3333,-25.6316],[-49.33443,-25.63158],[-49.3358,-25.63104],[-49.33614,-25.63125],[-49.33579,-25.63207],[-49.33631,-25.63247],[-49.33867,-25.63123],[-49.33917,-25.63124],[-49.34005,-25.63184],[-49.34138,-25.63274],[-49.34122,-25.63311],[-49.34092,-25.63316],[-49.34013,-25.63281],[-49.33979,-25.63284],[-49.33956,-25.63308],[-49.33971,-25.63335],[-49.34004,-25.63363],[-49.34054,-25.63375],[-49.34216,-25.63413],[-49.34253,-25.63441],[-49.34285,-25.63562],[-49.34319,-25.63605],[-49.34318,-25.63626],[-49.34265,-25.63653],[-49.34249,-25.63697],[-49.34271,-25.63735],[-49.3432,-25.63767],[-49.34354,-25.63764],[-49.34385,-25.63736],[-49.34458,-25.63634],[-49.34598,-25.63622],[-49.34625,-25.636],[-49.34634,-25.63521],[-49.34544,-25.63481],[-49.34506,-25.63442],[-49.34549,-25.63369],[-49.34587,-25.63342],[-49.34821,-25.63407],[-49.34827,-25.63525],[-49.34807,-25.63587],[-49.34712,-25.63641],[-49.34711,-25.63665],[-49.34778,-25.63748],[-49.34789,-25.63817],[-49.34818,-25.63858],[-49.34856,-25.63872],[-49.34913,-25.63835],[-49.34922,-25.63792],[-49.34897,-25.63672],[-49.34923,-25.63655],[-49.34957,-25.63659],[-49.3504,-25.63718],[-49.35089,-25.63729],[-49.35108,-25.63715],[-49.35109,-25.63657],[-49.35084,-25.63564],[-49.35133,-25.63551],[-49.35204,-25.63581],[-49.35245,-25.63626],[-49.35317,-25.63949],[-49.35318,-25.641],[-49.35344,-25.64178],[-49.35378,-25.64202],[-49.3551,-25.64176],[-49.35664,-25.64267],[-49.35665,-25.64305],[-49.35516,-25.64321],[-49.3547,-25.64344],[-49.35442,-25.64459],[-49.35479,-25.64514],[-49.35528,-25.64539],[-49.35577,-25.64536],[-49.35761,-25.64374],[-49.35913,-25.6432],[-49.35992,-25.64316],[-49.36076,-25.64282],[-49.36342,-25.64182],[-49.36584,-25.6413],[-49.36531,-25.64053],[-49.36465,-25.63942],[-49.36456,-25.63923],[-49.36417,-25.63841],[-49.36401,-25.63742],[-49.36405,-25.63656],[-49.36399,-25.636],[-49.36381,-25.6357],[-49.36383,-25.63528],[-49.36404,-25.63496],[-49.36412,-25.63484],[-49.36449,-25.63456],[-49.36498,-25.63439],[-49.36528,-25.63434],[-49.36567,-25.63406],[-49.36573,-25.63402],[-49.36585,-25.63367],[-49.36578,-25.63335],[-49.36548,-25.6329],[-49.36504,-25.6326],[-49.36469,-25.63236],[-49.36423,-25.63196],[-49.36403,-25.63178],[-49.36368,-25.63111],[-49.36363,-25.63097],[-49.36311,-25.62943],[-49.36273,-25.62899],[-49.36252,-25.62884],[-49.36219,-25.62859],[-49.36172,-25.62802],[-49.36137,-25.62786],[-49.36021,-25.62741],[-49.35965,-25.62708],[-49.35936,-25.62656],[-49.35939,-25.62588],[-49.3594,-25.62521],[-49.35941,-25.62499],[-49.35946,-25.62424],[-49.35952,-25.62305],[-49.35952,-25.62193],[-49.35952,-25.62174],[-49.35953,-25.62145],[-49.35957,-25.62022],[-49.35972,-25.61943],[-49.35974,-25.61899],[-49.35949,-25.61841],[-49.35892,-25.61774],[-49.35884,-25.61764],[-49.35859,-25.61753],[-49.35834,-25.61743],[-49.35802,-25.61713],[-49.35776,-25.61673],[-49.35764,-25.61641],[-49.3576,-25.61607],[-49.35761,-25.61583]]]}},{"type":"Feature","properties":{"code":"4106902024","name":"Prado Velho"},"geometry":{"type":"Polygon","coordinates":[[[-49.25122,-25.44508],[-49.25043,-25.44473],[-49.25027,-25.44467],[-49.24963,-25.44438],[-49.24943,-25.44434],[-49.24924,-25.44458],[-49.24919,-25.44465],[-49.24906,-25.44482],[-49.24888,-25.44507],[-49.24858,-25.44548],[-49.24823,-25.44598],[-49.2481,-25.44615],[-49.24796,-25.44632],[-49.24763,-25.44675],[-49.2476,-25.44679],[-49.24751,-25.44692],[-49.24742,-25.44704],[-49.24716,-25.44741],[-49.24707,-25.44754],[-49.24684,-25.44785],[-49.24668,-25.44805],[-49.24657,-25.44819],[-49.24636,-25.44848],[-49.2462,-25.44871],[-49.24607,-25.44891],[-49.24587,-25.44915],[-49.24563,-25.4495],[-49.24558,-25.44957],[-49.24549,-25.44968],[-49.24533,-25.44991],[-49.24528,-25.44997],[-49.24507,-25.45027],[-49.2448,-25.45066],[-49.24471,-25.4508],[-49.24469,-25.45087],[-49.24462,-25.45098],[-49.24456,-25.45104],[-49.2444,-25.45123],[-49.24396,-25.45182],[-49.24386,-25.45194],[-49.24317,-25.45286],[-49.24316,-25.45291],[-49.24309,-25.45299],[-49.24299,-25.45313],[-49.24307,-25.45316],[-49.24316,-25.45319],[-49.24351,-25.45331],[-49.24399,-25.45346],[-49.24434,-25.45357],[-49.24456,-25.45364],[-49.24494,-25.45375],[-49.24502,-25.45378],[-49.2459,-25.45403],[-49.24621,-25.45412],[-49.24641,-25.45419],[-49.24661,-25.45426],[-49.24677,-25.45432],[-49.24687,-25.45436],[-49.24703,-25.45442],[-49.24712,-25.45446],[-49.24717,-25.45449],[-49.24732,-25.45456],[-49.24737,-25.45459],[-49.24761,-25.45474],[-49.24775,-25.45488],[-49.24788,-25.455],[-49.24817,-25.45536],[-49.24829,-25.45553],[-49.24837,-25.45563],[-49.24846,-25.45583],[-49.24858,-25.45611],[-49.24865,-25.4563],[-49.24873,-25.45652],[-49.24886,-25.45685],[-49.24889,-25.45691],[-49.24901,-25.45722],[-49.24912,-25.45752],[-49.24926,-25.45794],[-49.24929,-25.45803],[-49.24941,-25.45851],[-49.24955,-25.45886],[-49.24981,-25.45958],[-49.24998,-25.46003],[-49.25024,-25.46069],[-49.25032,-25.46091],[-49.2506,-25.46161],[-49.25083,-25.46219],[-49.25086,-25.46225],[-49.25108,-25.4628],[-49.25137,-25.46355],[-49.2517,-25.46441],[-49.25252,-25.46655],[-49.25312,-25.46809],[-49.25315,-25.46814],[-49.25326,-25.46837],[-49.2534,-25.46869],[-49.25344,-25.46875],[-49.25348,-25.46868],[-49.2535,-25.46864],[-49.25368,-25.46825],[-49.25375,-25.4681],[-49.25378,-25.46806],[-49.25462,-25.4664],[-49.2548,-25.46614],[-49.25504,-25.46566],[-49.2559,-25.46384],[-49.25599,-25.46366],[-49.25739,-25.46079],[-49.25826,-25.45902],[-49.25901,-25.45746],[-49.25941,-25.45666],[-49.25964,-25.45619],[-49.26031,-25.45483],[-49.26095,-25.45351],[-49.26145,-25.45251],[-49.26194,-25.45149],[-49.26224,-25.45084],[-49.26227,-25.45076],[-49.26281,-25.44962],[-49.26272,-25.44958],[-49.26257,-25.44952],[-49.26175,-25.44919],[-49.26158,-25.44912],[-49.26116,-25.44895],[-49.26056,-25.4487],[-49.25934,-25.44821],[-49.25913,-25.44812],[-49.2584,-25.44781],[-49.25807,-25.44764],[-49.25753,-25.44744],[-49.25723,-25.44732],[-49.25633,-25.44696],[-49.25616,-25.44688],[-49.25511,-25.44645],[-49.25416,-25.4461],[-49.25312,-25.44568],[-49.25212,-25.44529],[-49.252,-25.44524],[-49.25127,-25.44497],[-49.25122,-25.44508]]]}},{"type":"Feature","properties":{"code":"4106902034","name":"Boa Vista"},"geometry":{"type":"Polygon","coordinates":[[[-49.23443,-25.38392],[-49.23432,-25.38407],[-49.23422,-25.38423],[-49.23411,-25.38433],[-49.23387,-25.38444],[-49.23362,-25.38454],[-49.23315,-25.38462],[-49.23277,-25.38465],[-49.23247,-25.38466],[-49.23235,-25.38468],[-49.23384,-25.38628],[-49.23483,-25.38737],[-49.23493,-25.38748],[-49.23549,-25.38807],[-49.23637,-25.38902],[-49.23729,-25.39002],[-49.23817,-25.39098],[-49.23899,-25.39184],[-49.23909,-25.39195],[-49.23998,-25.39291],[-49.24047,-25.3934],[-49.2409,-25.39388],[-49.24176,-25.39483],[-49.24216,-25.39527],[-49.24269,-25.39586],[-49.24272,-25.3959],[-49.24292,-25.39609],[-49.24353,-25.39676],[-49.24369,-25.39692],[-49.24405,-25.39731],[-49.24426,-25.39754],[-49.24588,-25.3993],[-49.24692,-25.40042],[-49.24723,-25.40075],[-49.24747,-25.40104],[-49.24746,-25.401],[-49.24744,-25.40083],[-49.24763,-25.4007],[-49.24831,-25.40041],[-49.24914,-25.39999],[-49.25027,-25.39946],[-49.25101,-25.39935],[-49.25114,-25.39933],[-49.25129,-25.39933],[-49.25261,-25.39928],[-49.25269,-25.39924],[-49.25425,-25.39842],[-49.25509,-25.39801],[-49.2551,-25.39801],[-49.25537,-25.39782],[-49.25565,-25.39757],[-49.25616,-25.39705],[-49.25667,-25.39651],[-49.25677,-25.39648],[-49.25678,-25.39628],[-49.2568,-25.39616],[-49.25681,-25.39611],[-49.25682,-25.39605],[-49.25687,-25.39592],[-49.25694,-25.3958],[-49.25703,-25.39566],[-49.25728,-25.3954],[-49.2578,-25.39484],[-49.25814,-25.39447],[-49.25836,-25.39427],[-49.25845,-25.39418],[-49.25863,-25.39406],[-49.25985,-25.39329],[-49.26004,-25.39317],[-49.26064,-25.3928],[-49.26069,-25.39275],[-49.26073,-25.3927],[-49.26079,-25.39258],[-49.26083,-25.39249],[-49.26083,-25.39202],[-49.26083,-25.3918],[-49.2608,-25.39165],[-49.2607,-25.39134],[-49.2606,-25.39106],[-49.26056,-25.39095],[-49.26054,-25.39089],[-49.2605,-25.39071],[-49.26049,-25.3903],[-49.2606,-25.38999],[-49.26071,-25.38925],[-49.26075,-25.38873],[-49.26085,-25.38792],[-49.26089,-25.38753],[-49.26092,-25.38733],[-49.26098,-25.38712],[-49.26104,-25.387],[-49.26134,-25.38655],[-49.26144,-25.38639],[-49.26159,-25.38597],[-49.26163,-25.3858],[-49.26164,-25.3857],[-49.26094,-25.38529],[-49.26081,-25.38521],[-49.26076,-25.38498],[-49.26069,-25.38475],[-49.26059,-25.38459],[-49.26049,-25.38443],[-49.26031,-25.38426],[-49.25988,-25.38387],[-49.25969,-25.38369],[-49.25953,-25.38355],[-49.25937,-25.38343],[-49.25924,-25.3834],[-49.25905,-25.38333],[-49.2589,-25.38322],[-49.25843,-25.3827],[-49.25784,-25.38208],[-49.25718,-25.38138],[-49.25627,-25.38041],[-49.25535,-25.37944],[-49.25453,-25.37857],[-49.25392,-25.3781],[-49.25381,-25.37798],[-49.25351,-25.37761],[-49.25323,-25.37732],[-49.25307,-25.37722],[-49.25298,-25.37716],[-49.25162,-25.3767],[-49.24957,-25.376],[-49.24962,-25.37592],[-49.24978,-25.37563],[-49.24999,-25.37532],[-49.25049,-25.37468],[-49.25117,-25.37454],[-49.25174,-25.3744],[-49.25235,-25.37431],[-49.25291,-25.37419],[-49.25298,-25.37401],[-49.25316,-25.37356],[-49.25265,-25.37341],[-49.25214,-25.37327],[-49.25162,-25.37312],[-49.25125,-25.37302],[-49.25118,-25.37299],[-49.2509,-25.37291],[-49.25084,-25.37289],[-49.25051,-25.37282],[-49.24659,-25.3717],[-49.24627,-25.372],[-49.24604,-25.37224],[-49.24547,-25.37275],[-49.24484,-25.37327],[-49.24464,-25.3735],[-49.24442,-25.37385],[-49.24431,-25.37442],[-49.24424,-25.37467],[-49.24431,-25.37498],[-49.2444,-25.37524],[-49.24438,-25.37543],[-49.24439,-25.37562],[-49.24433,-25.37592],[-49.24422,-25.37614],[-49.24404,-25.37639],[-49.24374,-25.37672],[-49.24344,-25.37713],[-49.24291,-25.37767],[-49.24192,-25.37833],[-49.24141,-25.37866],[-49.2409,-25.37904],[-49.2402,-25.37947],[-49.23975,-25.37969],[-49.23936,-25.37977],[-49.23893,-25.37976],[-49.23851,-25.37983],[-49.23788,-25.38008],[-49.23725,-25.3804],[-49.23691,-25.38061],[-49.23645,-25.38087],[-49.23611,-25.38114],[-49.23585,-25.38144],[-49.23538,-25.38207],[-49.23514,-25.38245],[-49.23514,-25.38245],[-49.23499,-25.38277],[-49.23486,-25.38306],[-49.23443,-25.38392]]]}},{"type":"Feature","properties":{"code":"4106902056","name":"Boqueirão"},"geometry":{"type":"Polygon","coordinates":[[[-49.23999,-25.52204],[-49.24072,-25.52232],[-49.24205,-25.52285],[-49.24369,-25.52351],[-49.24413,-25.52367],[-49.24516,-25.52409],[-49.24619,-25.5245],[-49.24659,-25.52365],[-49.24664,-25.52353],[-49.24696,-25.52289],[-49.248,-25.52081],[-49.2483,-25.52019],[-49.24862,-25.51952],[-49.24872,-25.51931],[-49.24888,-25.51899],[-49.24903,-25.51867],[-49.24918,-25.51836],[-49.24931,-25.51805],[-49.24948,-25.51772],[-49.24978,-25.51709],[-49.25071,-25.51528],[-49.25071,-25.51528],[-49.25265,-25.5113],[-49.25341,-25.50972],[-49.25432,-25.50787],[-49.2546,-25.50733],[-49.25477,-25.50696],[-49.25499,-25.50652],[-49.25538,-25.50571],[-49.25574,-25.50489],[-49.25605,-25.50421],[-49.25691,-25.50246],[-49.25696,-25.50237],[-49.25669,-25.50226],[-49.25657,-25.50222],[-49.2562,-25.50207],[-49.25705,-25.50027],[-49.25723,-25.49989],[-49.25797,-25.49839],[-49.25834,-25.49854],[-49.25846,-25.49859],[-49.25825,-25.49904],[-49.25858,-25.49919],[-49.25855,-25.49926],[-49.25882,-25.49939],[-49.25888,-25.49926],[-49.25906,-25.49923],[-49.25899,-25.49852],[-49.25875,-25.49838],[-49.25862,-25.49848],[-49.25804,-25.49823],[-49.2582,-25.49785],[-49.25845,-25.49736],[-49.25883,-25.49655],[-49.2597,-25.49475],[-49.26005,-25.49403],[-49.26056,-25.49286],[-49.26102,-25.49196],[-49.26151,-25.49214],[-49.26166,-25.49219],[-49.26206,-25.49125],[-49.25903,-25.49007],[-49.25892,-25.49002],[-49.25886,-25.49],[-49.25855,-25.48987],[-49.25737,-25.48938],[-49.25619,-25.48889],[-49.25497,-25.4884],[-49.25383,-25.48793],[-49.25265,-25.48746],[-49.25144,-25.48696],[-49.25031,-25.48647],[-49.24909,-25.48603],[-49.2479,-25.48553],[-49.24685,-25.48509],[-49.24657,-25.48499],[-49.24582,-25.48472],[-49.24574,-25.48469],[-49.24561,-25.48464],[-49.24495,-25.48435],[-49.2449,-25.48433],[-49.24467,-25.48424],[-49.24356,-25.48382],[-49.2424,-25.48334],[-49.24119,-25.48285],[-49.24003,-25.48239],[-49.23887,-25.48191],[-49.23834,-25.48172],[-49.23784,-25.48137],[-49.2376,-25.48169],[-49.23737,-25.48203],[-49.23712,-25.48241],[-49.23696,-25.48268],[-49.23667,-25.48311],[-49.23665,-25.48315],[-49.23643,-25.48337],[-49.23632,-25.48356],[-49.23611,-25.48383],[-49.23589,-25.48407],[-49.23574,-25.48422],[-49.23569,-25.48427],[-49.23541,-25.48462],[-49.23522,-25.48482],[-49.23521,-25.48482],[-49.23517,-25.48487],[-49.23483,-25.48528],[-49.23466,-25.48547],[-49.23443,-25.48576],[-49.23422,-25.48597],[-49.23412,-25.48608],[-49.23397,-25.48622],[-49.23379,-25.48632],[-49.23362,-25.48652],[-49.23313,-25.48707],[-49.23285,-25.48736],[-49.23277,-25.48738],[-49.23237,-25.48785],[-49.23213,-25.48815],[-49.23199,-25.48833],[-49.23183,-25.48853],[-49.23155,-25.48885],[-49.23129,-25.48911],[-49.23101,-25.48936],[-49.23008,-25.49043],[-49.22946,-25.4913],[-49.22951,-25.49132],[-49.22961,-25.49137],[-49.2297,-25.49142],[-49.22909,-25.49212],[-49.22877,-25.49248],[-49.2285,-25.49278],[-49.22828,-25.49303],[-49.22808,-25.49326],[-49.22782,-25.49357],[-49.22769,-25.49375],[-49.22758,-25.49392],[-49.22728,-25.49414],[-49.22696,-25.49438],[-49.22674,-25.49459],[-49.22663,-25.49468],[-49.22636,-25.49498],[-49.22604,-25.49534],[-49.22577,-25.49564],[-49.22559,-25.49586],[-49.2254,-25.49628],[-49.22483,-25.49667],[-49.22451,-25.49706],[-49.22415,-25.49746],[-49.22385,-25.4978],[-49.22379,-25.49788],[-49.22345,-25.49826],[-49.22321,-25.49854],[-49.2229,-25.49889],[-49.22281,-25.499],[-49.22262,-25.49921],[-49.22244,-25.49941],[-49.22243,-25.49942],[-49.22231,-25.49961],[-49.22192,-25.50005],[-49.22147,-25.50056],[-49.22131,-25.50073],[-49.22101,-25.50108],[-49.22042,-25.50175],[-49.21981,-25.50244],[-49.21955,-25.50272],[-49.21945,-25.50283],[-49.21897,-25.50335],[-49.21884,-25.5035],[-49.21852,-25.50386],[-49.21847,-25.50391],[-49.2182,-25.50423],[-49.21812,-25.5043],[-49.21799,-25.50443],[-49.21766,-25.50477],[-49.21747,-25.50499],[-49.21701,-25.50559],[-49.21684,-25.5058],[-49.21679,-25.50585],[-49.21527,-25.50761],[-49.21511,-25.50775],[-49.21487,-25.50795],[-49.21463,-25.50816],[-49.21171,-25.51097],[-49.20959,-25.51342],[-49.20904,-25.51417],[-49.2088,-25.51474],[-49.2087,-25.51531],[-49.20867,-25.51545],[-49.20881,-25.51557],[-49.209,-25.5157],[-49.20905,-25.5157],[-49.20929,-25.5157],[-49.20997,-25.51612],[-49.21102,-25.51671],[-49.21265,-25.51788],[-49.21368,-25.51869],[-49.21458,-25.51922],[-49.21539,-25.51976],[-49.21591,-25.5202],[-49.21622,-25.52047],[-49.2169,-25.52121],[-49.21709,-25.52153],[-49.21722,-25.52191],[-49.21721,-25.52251],[-49.21719,-25.52266],[-49.21719,-25.52273],[-49.21718,-25.52307],[-49.21739,-25.52368],[-49.21748,-25.52393],[-49.2176,-25.52427],[-49.21782,-25.52483],[-49.21802,-25.52535],[-49.21825,-25.5259],[-49.21842,-25.52664],[-49.21853,-25.5269],[-49.21854,-25.527],[-49.21854,-25.52718],[-49.21805,-25.5274],[-49.21777,-25.52752],[-49.21715,-25.52799],[-49.21701,-25.52817],[-49.21683,-25.52842],[-49.21674,-25.5288],[-49.21672,-25.52901],[-49.21669,-25.52926],[-49.21678,-25.52956],[-49.21678,-25.52957],[-49.21937,-25.52832],[-49.21956,-25.52819],[-49.21996,-25.52798],[-49.22056,-25.52769],[-49.22129,-25.52733],[-49.22223,-25.52689],[-49.2234,-25.52632],[-49.22393,-25.52611],[-49.22421,-25.52597],[-49.22439,-25.52587],[-49.22454,-25.52578],[-49.22478,-25.52561],[-49.22511,-25.52539],[-49.22532,-25.52522],[-49.22589,-25.52475],[-49.22603,-25.52457],[-49.22608,-25.52455],[-49.22611,-25.52452],[-49.22615,-25.52443],[-49.22627,-25.52433],[-49.22641,-25.52415],[-49.22651,-25.52399],[-49.22655,-25.52387],[-49.22667,-25.52374],[-49.22692,-25.52323],[-49.22724,-25.52261],[-49.22727,-25.52255],[-49.2278,-25.5214],[-49.22842,-25.52013],[-49.22869,-25.5196],[-49.22944,-25.51802],[-49.22959,-25.51774],[-49.23,-25.51791],[-49.23009,-25.51795],[-49.23043,-25.51809],[-49.23056,-25.51811],[-49.23066,-25.51819],[-49.23076,-25.51823],[-49.23177,-25.51863],[-49.23295,-25.5191],[-49.23296,-25.5191],[-49.23412,-25.51959],[-49.23529,-25.52009],[-49.23574,-25.52029],[-49.23644,-25.52061],[-49.2374,-25.521],[-49.23687,-25.52206],[-49.23673,-25.52234],[-49.23669,-25.52243],[-49.23929,-25.52349],[-49.23946,-25.52314],[-49.2396,-25.52283],[-49.2397,-25.52264],[-49.23999,-25.52204]]]}},{"type":"Feature","properties":{"code":"4106902042","name":"Fazendinha"},"geometry":{"type":"Polygon","coordinates":[[[-49.32518,-25.49178],[-49.32722,-25.49171],[-49.32777,-25.49167],[-49.32801,-25.49158],[-49.32812,-25.49153],[-49.32838,-25.49138],[-49.32848,-25.49132],[-49.32849,-25.49132],[-49.32921,-25.49094],[-49.32987,-25.49061],[-49.33044,-25.49034],[-49.33052,-25.4903],[-49.33058,-25.49044],[-49.33076,-25.49066],[-49.33079,-25.49069],[-49.33093,-25.49076],[-49.33113,-25.49074],[-49.33191,-25.49041],[-49.33219,-25.49028],[-49.33238,-25.49042],[-49.33248,-25.4905],[-49.33278,-25.49059],[-49.333,-25.49058],[-49.3332,-25.49054],[-49.33345,-25.49037],[-49.33345,-25.49037],[-49.33353,-25.49045],[-49.33362,-25.49049],[-49.33467,-25.49011],[-49.33494,-25.49001],[-49.3354,-25.48983],[-49.3354,-25.49026],[-49.33595,-25.49019],[-49.33592,-25.48955],[-49.33647,-25.48936],[-49.33657,-25.48885],[-49.33661,-25.48848],[-49.33675,-25.48767],[-49.33699,-25.48707],[-49.3372,-25.48632],[-49.33734,-25.48592],[-49.33749,-25.48563],[-49.33766,-25.48488],[-49.33756,-25.4846],[-49.33732,-25.4842],[-49.33703,-25.48376],[-49.33642,-25.48277],[-49.33559,-25.48152],[-49.33521,-25.48081],[-49.33453,-25.4798],[-49.33434,-25.47928],[-49.3342,-25.47912],[-49.33399,-25.47901],[-49.33377,-25.47894],[-49.3335,-25.47889],[-49.3331,-25.47884],[-49.33218,-25.4787],[-49.3318,-25.47869],[-49.33159,-25.47864],[-49.33138,-25.47854],[-49.33122,-25.47843],[-49.33102,-25.47816],[-49.33081,-25.47783],[-49.33062,-25.47756],[-49.33045,-25.47714],[-49.33042,-25.4771],[-49.3304,-25.47706],[-49.33026,-25.47686],[-49.33023,-25.47683],[-49.32988,-25.47644],[-49.32946,-25.47577],[-49.32916,-25.47532],[-49.32914,-25.47529],[-49.32912,-25.47526],[-49.3291,-25.47523],[-49.32909,-25.4752],[-49.32903,-25.4751],[-49.32884,-25.47478],[-49.32874,-25.47461],[-49.32858,-25.4743],[-49.32835,-25.47396],[-49.32824,-25.47374],[-49.32795,-25.47346],[-49.32775,-25.47329],[-49.32771,-25.47327],[-49.32745,-25.47313],[-49.32744,-25.47313],[-49.32742,-25.47312],[-49.32734,-25.47308],[-49.32716,-25.473],[-49.32653,-25.47271],[-49.32394,-25.47161],[-49.32373,-25.47151],[-49.3223,-25.47089],[-49.32209,-25.47074],[-49.32204,-25.47062],[-49.32225,-25.47039],[-49.32219,-25.47032],[-49.32187,-25.46995],[-49.32174,-25.46981],[-49.32172,-25.46982],[-49.32161,-25.46999],[-49.32139,-25.47016],[-49.32125,-25.47026],[-49.32105,-25.47032],[-49.32067,-25.47037],[-49.32025,-25.4704],[-49.31997,-25.47043],[-49.31978,-25.4705],[-49.31957,-25.47058],[-49.31943,-25.47062],[-49.31909,-25.47093],[-49.3186,-25.47128],[-49.31854,-25.4715],[-49.31849,-25.47187],[-49.31844,-25.4724],[-49.31828,-25.4737],[-49.31825,-25.47441],[-49.31825,-25.47453],[-49.31826,-25.47473],[-49.31826,-25.47487],[-49.31825,-25.47507],[-49.31826,-25.47522],[-49.31818,-25.47534],[-49.31814,-25.47541],[-49.31807,-25.47552],[-49.31763,-25.47572],[-49.31733,-25.47584],[-49.3168,-25.47606],[-49.31593,-25.47644],[-49.31521,-25.47675],[-49.31488,-25.47689],[-49.31482,-25.47692],[-49.31456,-25.47697],[-49.31433,-25.47703],[-49.31382,-25.47715],[-49.3135,-25.47724],[-49.31316,-25.47732],[-49.3126,-25.47747],[-49.3121,-25.47757],[-49.31153,-25.47769],[-49.31148,-25.47777],[-49.3114,-25.47787],[-49.31135,-25.47793],[-49.31131,-25.47798],[-49.31128,-25.47802],[-49.31125,-25.47806],[-49.31125,-25.47818],[-49.31122,-25.47958],[-49.31123,-25.48102],[-49.31123,-25.48165],[-49.31121,-25.48247],[-49.31121,-25.48307],[-49.31121,-25.48319],[-49.31123,-25.48319],[-49.31161,-25.48312],[-49.31188,-25.48305],[-49.31227,-25.483],[-49.31263,-25.48298],[-49.31278,-25.48301],[-49.31278,-25.48291],[-49.31279,-25.48278],[-49.31281,-25.4825],[-49.31305,-25.48251],[-49.31299,-25.48274],[-49.31288,-25.4829],[-49.31289,-25.48332],[-49.31303,-25.48337],[-49.31333,-25.48347],[-49.31377,-25.48361],[-49.31396,-25.48367],[-49.31427,-25.48377],[-49.31436,-25.48381],[-49.31487,-25.48407],[-49.31514,-25.4842],[-49.31527,-25.48431],[-49.31535,-25.48441],[-49.31839,-25.488],[-49.31843,-25.48796],[-49.31928,-25.48697],[-49.3202,-25.4883],[-49.32305,-25.4866],[-49.3249,-25.49219],[-49.32531,-25.49213],[-49.32518,-25.49178]]]}},{"type":"Feature","properties":{"code":"4106902002","name":"São Francisco"},"geometry":{"type":"Polygon","coordinates":[[[-49.27817,-25.42723],[-49.28015,-25.42797],[-49.28016,-25.42796],[-49.28016,-25.42795],[-49.2807,-25.42681],[-49.28119,-25.42583],[-49.28179,-25.42453],[-49.2825,-25.42303],[-49.28253,-25.42295],[-49.28238,-25.42289],[-49.28211,-25.42272],[-49.28199,-25.42239],[-49.28194,-25.42227],[-49.28179,-25.42164],[-49.28154,-25.42074],[-49.28128,-25.41956],[-49.28117,-25.41924],[-49.28094,-25.41832],[-49.28065,-25.41739],[-49.2804,-25.41654],[-49.28031,-25.41622],[-49.28023,-25.41624],[-49.27985,-25.41634],[-49.27883,-25.41656],[-49.27851,-25.41666],[-49.27667,-25.41701],[-49.27575,-25.41721],[-49.27432,-25.41747],[-49.27274,-25.41783],[-49.27124,-25.41805],[-49.27117,-25.41865],[-49.27105,-25.41979],[-49.27088,-25.42136],[-49.27078,-25.42245],[-49.27078,-25.42245],[-49.27116,-25.42412],[-49.27118,-25.42417],[-49.27011,-25.42436],[-49.27038,-25.42541],[-49.27053,-25.42605],[-49.27074,-25.42699],[-49.2709,-25.42766],[-49.27098,-25.42782],[-49.27116,-25.42795],[-49.27126,-25.42801],[-49.27213,-25.42823],[-49.27316,-25.42856],[-49.27365,-25.42867],[-49.27391,-25.42865],[-49.274,-25.42868],[-49.27408,-25.42852],[-49.27411,-25.42847],[-49.27433,-25.42853],[-49.27514,-25.42876],[-49.27606,-25.42906],[-49.27714,-25.42938],[-49.27782,-25.428],[-49.27817,-25.42723]]]}},{"type":"Feature","properties":{"code":"4106902037","name":"Uberaba"},"geometry":{"type":"Polygon","coordinates":[[[-49.21812,-25.5043],[-49.2182,-25.50423],[-49.21847,-25.50391],[-49.21852,-25.50386],[-49.21884,-25.5035],[-49.21897,-25.50335],[-49.21945,-25.50283],[-49.21955,-25.50272],[-49.21981,-25.50244],[-49.22042,-25.50175],[-49.22101,-25.50108],[-49.22131,-25.50073],[-49.22147,-25.50056],[-49.22192,-25.50005],[-49.22231,-25.49961],[-49.22243,-25.49942],[-49.22244,-25.49941],[-49.22262,-25.49921],[-49.22281,-25.499],[-49.2229,-25.49889],[-49.22321,-25.49854],[-49.22345,-25.49826],[-49.22379,-25.49788],[-49.22385,-25.4978],[-49.22415,-25.49746],[-49.22451,-25.49706],[-49.22483,-25.49667],[-49.2254,-25.49628],[-49.22559,-25.49586],[-49.22577,-25.49564],[-49.22604,-25.49534],[-49.22636,-25.49498],[-49.22663,-25.49468],[-49.22674,-25.49459],[-49.22696,-25.49438],[-49.22728,-25.49414],[-49.22758,-25.49392],[-49.22769,-25.49375],[-49.22782,-25.49357],[-49.22808,-25.49326],[-49.22828,-25.49303],[-49.2285,-25.49278],[-49.22877,-25.49248],[-49.22909,-25.49212],[-49.2297,-25.49142],[-49.22961,-25.49137],[-49.22951,-25.49132],[-49.22946,-25.4913],[-49.23008,-25.49043],[-49.23101,-25.48936],[-49.23129,-25.48911],[-49.23155,-25.48885],[-49.23183,-25.48853],[-49.23199,-25.48833],[-49.23213,-25.48815],[-49.23237,-25.48785],[-49.23277,-25.48738],[-49.23285,-25.48736],[-49.23313,-25.48707],[-49.23362,-25.48652],[-49.23379,-25.48632],[-49.23397,-25.48622],[-49.23412,-25.48608],[-49.23422,-25.48597],[-49.23443,-25.48576],[-49.23466,-25.48547],[-49.23483,-25.48528],[-49.23517,-25.48487],[-49.23521,-25.48482],[-49.23522,-25.48482],[-49.23541,-25.48462],[-49.23569,-25.48427],[-49.23574,-25.48422],[-49.23589,-25.48407],[-49.23611,-25.48383],[-49.23632,-25.48356],[-49.23643,-25.48337],[-49.23665,-25.48315],[-49.23667,-25.48311],[-49.23696,-25.48268],[-49.23712,-25.48241],[-49.23737,-25.48203],[-49.2376,-25.48169],[-49.23784,-25.48137],[-49.23806,-25.48114],[-49.23819,-25.48106],[-49.23856,-25.48069],[-49.23887,-25.48024],[-49.23922,-25.4798],[-49.23928,-25.47973],[-49.23959,-25.47935],[-49.23986,-25.47897],[-49.24021,-25.47855],[-49.2403,-25.47845],[-49.24047,-25.47824],[-49.24053,-25.47817],[-49.24061,-25.47807],[-49.24089,-25.4777],[-49.24091,-25.47766],[-49.24106,-25.47747],[-49.24113,-25.47737],[-49.24131,-25.47713],[-49.24138,-25.47708],[-49.24065,-25.47668],[-49.24041,-25.47647],[-49.24026,-25.4763],[-49.23976,-25.47547],[-49.23967,-25.47533],[-49.23952,-25.47507],[-49.23923,-25.4746],[-49.23911,-25.4744],[-49.23872,-25.47374],[-49.23818,-25.47286],[-49.23767,-25.47199],[-49.23748,-25.47157],[-49.23732,-25.47126],[-49.23724,-25.4711],[-49.23706,-25.47074],[-49.23692,-25.47052],[-49.23673,-25.47031],[-49.23653,-25.4701],[-49.23635,-25.46995],[-49.23599,-25.46967],[-49.23577,-25.46948],[-49.23549,-25.4692],[-49.23542,-25.46911],[-49.23537,-25.46904],[-49.23526,-25.46883],[-49.2352,-25.46859],[-49.23515,-25.46836],[-49.23498,-25.46734],[-49.23493,-25.46702],[-49.23485,-25.46646],[-49.23481,-25.46613],[-49.23472,-25.46558],[-49.23469,-25.46539],[-49.23462,-25.46495],[-49.23461,-25.46483],[-49.23458,-25.46465],[-49.23445,-25.46482],[-49.23427,-25.46512],[-49.23388,-25.46564],[-49.23348,-25.46618],[-49.23342,-25.46626],[-49.23265,-25.46731],[-49.23257,-25.46743],[-49.23173,-25.46856],[-49.23173,-25.46856],[-49.23103,-25.46955],[-49.23098,-25.46962],[-49.23089,-25.46974],[-49.23023,-25.47063],[-49.2301,-25.47082],[-49.22998,-25.47098],[-49.22973,-25.47132],[-49.22951,-25.47162],[-49.22906,-25.47224],[-49.2288,-25.47259],[-49.22774,-25.472],[-49.22731,-25.47172],[-49.22679,-25.47138],[-49.22638,-25.47115],[-49.22594,-25.4709],[-49.22554,-25.47058],[-49.22478,-25.47021],[-49.22478,-25.47021],[-49.22413,-25.46987],[-49.22346,-25.46955],[-49.22264,-25.46921],[-49.22162,-25.46874],[-49.22107,-25.46847],[-49.22063,-25.46833],[-49.2206,-25.46836],[-49.22023,-25.46825],[-49.22007,-25.4682],[-49.2191,-25.4679],[-49.21852,-25.46771],[-49.21799,-25.46756],[-49.21685,-25.46722],[-49.21671,-25.46718],[-49.21574,-25.46688],[-49.21555,-25.46683],[-49.21545,-25.46681],[-49.21515,-25.46674],[-49.215,-25.4667],[-49.21447,-25.46736],[-49.21389,-25.46812],[-49.21365,-25.46842],[-49.21363,-25.46845],[-49.21361,-25.46848],[-49.21333,-25.46883],[-49.21323,-25.46896],[-49.21308,-25.46915],[-49.21261,-25.46973],[-49.21195,-25.47055],[-49.2118,-25.47074],[-49.21127,-25.47143],[-49.21112,-25.47161],[-49.21101,-25.47174],[-49.21064,-25.47222],[-49.21007,-25.47292],[-49.21002,-25.47298],[-49.20998,-25.47303],[-49.20967,-25.47341],[-49.20941,-25.47373],[-49.20938,-25.47377],[-49.20916,-25.47406],[-49.20913,-25.4741],[-49.20901,-25.47424],[-49.2089,-25.47435],[-49.20853,-25.47475],[-49.20846,-25.47481],[-49.20781,-25.4754],[-49.20773,-25.47545],[-49.20742,-25.47569],[-49.20685,-25.47612],[-49.20598,-25.47665],[-49.20578,-25.47676],[-49.2049,-25.47717],[-49.20353,-25.47779],[-49.20332,-25.47789],[-49.20273,-25.47815],[-49.19953,-25.47959],[-49.19946,-25.47962],[-49.19936,-25.47966],[-49.19843,-25.48007],[-49.19757,-25.48045],[-49.19598,-25.48117],[-49.1958,-25.48125],[-49.19545,-25.48141],[-49.19515,-25.48154],[-49.19484,-25.48168],[-49.19453,-25.48182],[-49.19367,-25.4822],[-49.19283,-25.48258],[-49.19282,-25.48258],[-49.19271,-25.48263],[-49.19179,-25.48302],[-49.19,-25.48379],[-49.18994,-25.48381],[-49.18978,-25.48392],[-49.18995,-25.48406],[-49.18996,-25.48407],[-49.18998,-25.48408],[-49.18998,-25.48409],[-49.18999,-25.48409],[-49.19002,-25.48412],[-49.19009,-25.4842],[-49.19015,-25.48428],[-49.19025,-25.48439],[-49.19057,-25.48469],[-49.19079,-25.48492],[-49.19101,-25.48524],[-49.19129,-25.48548],[-49.19138,-25.48558],[-49.19184,-25.48611],[-49.19206,-25.4863],[-49.19235,-25.48656],[-49.19256,-25.48677],[-49.19276,-25.48696],[-49.19294,-25.48716],[-49.19299,-25.48722],[-49.1931,-25.48736],[-49.19331,-25.48759],[-49.19346,-25.48773],[-49.19351,-25.48781],[-49.19358,-25.48791],[-49.19365,-25.4881],[-49.19371,-25.48831],[-49.19378,-25.4886],[-49.19383,-25.48878],[-49.19385,-25.48902],[-49.19391,-25.48935],[-49.19396,-25.48957],[-49.19402,-25.48991],[-49.19419,-25.49034],[-49.19424,-25.49046],[-49.19459,-25.4913],[-49.19463,-25.49139],[-49.19477,-25.49174],[-49.1949,-25.49204],[-49.19511,-25.49254],[-49.1955,-25.49353],[-49.19552,-25.49358],[-49.19565,-25.49386],[-49.19586,-25.49433],[-49.19594,-25.49452],[-49.19612,-25.49497],[-49.19621,-25.49521],[-49.19625,-25.49534],[-49.19631,-25.49547],[-49.19648,-25.49589],[-49.19649,-25.49593],[-49.19661,-25.4962],[-49.19679,-25.49671],[-49.19687,-25.49689],[-49.19699,-25.49718],[-49.19702,-25.49725],[-49.19704,-25.49729],[-49.19715,-25.4976],[-49.19723,-25.49781],[-49.19742,-25.49824],[-49.19757,-25.49861],[-49.19761,-25.4987],[-49.19763,-25.49873],[-49.19776,-25.49903],[-49.19793,-25.49938],[-49.19812,-25.49978],[-49.19818,-25.49992],[-49.19845,-25.50064],[-49.19877,-25.50127],[-49.19898,-25.50147],[-49.19951,-25.50199],[-49.19992,-25.50263],[-49.20073,-25.50324],[-49.20117,-25.5036],[-49.20144,-25.50382],[-49.20186,-25.50423],[-49.20228,-25.50463],[-49.20315,-25.50544],[-49.20367,-25.50585],[-49.20389,-25.50603],[-49.20457,-25.50651],[-49.20482,-25.50668],[-49.20501,-25.50681],[-49.20528,-25.50697],[-49.20532,-25.50699],[-49.20536,-25.50702],[-49.20544,-25.50709],[-49.20557,-25.50721],[-49.20596,-25.50755],[-49.20599,-25.50758],[-49.20655,-25.50814],[-49.20672,-25.50867],[-49.20681,-25.50933],[-49.20684,-25.50958],[-49.20685,-25.50975],[-49.20689,-25.51005],[-49.20692,-25.51043],[-49.20692,-25.51086],[-49.20697,-25.5112],[-49.20703,-25.51143],[-49.20709,-25.51165],[-49.20723,-25.51204],[-49.20743,-25.51232],[-49.20748,-25.51239],[-49.20759,-25.51275],[-49.20762,-25.51308],[-49.20776,-25.51362],[-49.20778,-25.51376],[-49.20785,-25.51418],[-49.20804,-25.51461],[-49.20821,-25.51487],[-49.20829,-25.51496],[-49.20833,-25.515],[-49.20837,-25.51505],[-49.20847,-25.51517],[-49.20859,-25.51538],[-49.2086,-25.51539],[-49.20862,-25.5154],[-49.20867,-25.51545],[-49.2087,-25.51531],[-49.2088,-25.51474],[-49.20904,-25.51417],[-49.20959,-25.51342],[-49.21171,-25.51097],[-49.21463,-25.50816],[-49.21487,-25.50795],[-49.21511,-25.50775],[-49.21527,-25.50761],[-49.21679,-25.50585],[-49.21684,-25.5058],[-49.21701,-25.50559],[-49.21747,-25.50499],[-49.21766,-25.50477],[-49.21799,-25.50443],[-49.21812,-25.5043]]]}},{"type":"Feature","properties":{"code":"4106902021","name":"Cajuru"},"geometry":{"type":"Polygon","coordinates":[[[-49.20273,-25.47815],[-49.20332,-25.47789],[-49.20353,-25.47779],[-49.2049,-25.47717],[-49.20578,-25.47676],[-49.20598,-25.47665],[-49.20685,-25.47612],[-49.20742,-25.47569],[-49.20773,-25.47545],[-49.20781,-25.4754],[-49.20846,-25.47481],[-49.20853,-25.47475],[-49.2089,-25.47435],[-49.20901,-25.47424],[-49.20913,-25.4741],[-49.20916,-25.47406],[-49.20938,-25.47377],[-49.20941,-25.47373],[-49.20967,-25.47341],[-49.20998,-25.47303],[-49.21002,-25.47298],[-49.21007,-25.47292],[-49.21064,-25.47222],[-49.21101,-25.47174],[-49.21112,-25.47161],[-49.21127,-25.47143],[-49.2118,-25.47074],[-49.21195,-25.47055],[-49.21261,-25.46973],[-49.21308,-25.46915],[-49.21323,-25.46896],[-49.21333,-25.46883],[-49.21361,-25.46848],[-49.21363,-25.46845],[-49.21365,-25.46842],[-49.21389,-25.46812],[-49.21447,-25.46736],[-49.215,-25.4667],[-49.21505,-25.46665],[-49.21551,-25.4661],[-49.21562,-25.46594],[-49.21584,-25.46568],[-49.21588,-25.46563],[-49.21615,-25.46529],[-49.21656,-25.46477],[-49.21701,-25.46423],[-49.21735,-25.46379],[-49.21832,-25.46261],[-49.21941,-25.46125],[-49.22049,-25.45989],[-49.22107,-25.45915],[-49.22175,-25.45832],[-49.22277,-25.45703],[-49.22392,-25.45562],[-49.224,-25.45552],[-49.22502,-25.45419],[-49.22603,-25.45294],[-49.22632,-25.45259],[-49.22642,-25.45249],[-49.22675,-25.45204],[-49.22723,-25.45146],[-49.22789,-25.45059],[-49.22839,-25.44999],[-49.22851,-25.44984],[-49.22893,-25.44928],[-49.22915,-25.44898],[-49.23007,-25.44769],[-49.23011,-25.44763],[-49.23126,-25.44633],[-49.23131,-25.44628],[-49.23187,-25.44561],[-49.23208,-25.44536],[-49.23228,-25.44513],[-49.23263,-25.44466],[-49.23282,-25.44441],[-49.23285,-25.44437],[-49.2331,-25.44409],[-49.23316,-25.44401],[-49.23334,-25.44387],[-49.23339,-25.44383],[-49.23361,-25.44374],[-49.23364,-25.44373],[-49.23367,-25.44373],[-49.23364,-25.44361],[-49.23359,-25.44337],[-49.23353,-25.44314],[-49.23354,-25.44269],[-49.23353,-25.44229],[-49.23353,-25.44224],[-49.23355,-25.44203],[-49.23356,-25.44187],[-49.23355,-25.44177],[-49.23341,-25.44177],[-49.23291,-25.44177],[-49.23259,-25.44174],[-49.23244,-25.44172],[-49.23228,-25.44173],[-49.23224,-25.44178],[-49.23218,-25.44181],[-49.23213,-25.44182],[-49.23206,-25.44181],[-49.23202,-25.44178],[-49.23199,-25.44174],[-49.23072,-25.44177],[-49.23028,-25.44171],[-49.22976,-25.44159],[-49.22949,-25.44143],[-49.22942,-25.44139],[-49.22885,-25.44089],[-49.22758,-25.43981],[-49.22725,-25.43951],[-49.22685,-25.43921],[-49.2265,-25.43898],[-49.22614,-25.43886],[-49.2258,-25.43876],[-49.22547,-25.43872],[-49.22519,-25.43869],[-49.22489,-25.43869],[-49.22456,-25.43875],[-49.22427,-25.43882],[-49.22377,-25.43902],[-49.22306,-25.43933],[-49.22239,-25.43965],[-49.22216,-25.43976],[-49.22196,-25.43984],[-49.22078,-25.44038],[-49.22077,-25.44038],[-49.22075,-25.44039],[-49.22072,-25.4404],[-49.21929,-25.44103],[-49.21913,-25.4411],[-49.21791,-25.44164],[-49.21754,-25.4418],[-49.21654,-25.44224],[-49.2143,-25.44319],[-49.21369,-25.44327],[-49.21309,-25.44335],[-49.21248,-25.44343],[-49.20975,-25.4438],[-49.20904,-25.44379],[-49.20863,-25.4437],[-49.20832,-25.4436],[-49.20808,-25.44353],[-49.20793,-25.44348],[-49.20684,-25.44315],[-49.20644,-25.44308],[-49.20632,-25.44308],[-49.20614,-25.44307],[-49.20582,-25.44308],[-49.2054,-25.44312],[-49.20413,-25.44322],[-49.20338,-25.44325],[-49.20284,-25.44325],[-49.20277,-25.44325],[-49.20053,-25.44309],[-49.20058,-25.44355],[-49.20046,-25.44403],[-49.20044,-25.44406],[-49.2002,-25.44453],[-49.1997,-25.44508],[-49.19935,-25.44538],[-49.19913,-25.44559],[-49.19904,-25.44653],[-49.19888,-25.44768],[-49.19886,-25.4479],[-49.19873,-25.44934],[-49.19848,-25.45065],[-49.1983,-25.45104],[-49.19828,-25.45107],[-49.19806,-25.45133],[-49.19776,-25.45174],[-49.19728,-25.45203],[-49.19701,-25.45247],[-49.19688,-25.45268],[-49.19672,-25.45294],[-49.19647,-25.45334],[-49.19643,-25.45339],[-49.19627,-25.45364],[-49.19582,-25.45429],[-49.19543,-25.45482],[-49.19542,-25.45483],[-49.19541,-25.45485],[-49.19457,-25.45596],[-49.19438,-25.4562],[-49.19374,-25.45704],[-49.19355,-25.45731],[-49.19317,-25.45785],[-49.19314,-25.45789],[-49.19292,-25.45819],[-49.1926,-25.45865],[-49.19215,-25.45967],[-49.19214,-25.45969],[-49.19177,-25.46105],[-49.1917,-25.46127],[-49.1917,-25.46128],[-49.19155,-25.46173],[-49.19132,-25.46242],[-49.19085,-25.46387],[-49.19076,-25.46413],[-49.1907,-25.4643],[-49.19068,-25.46436],[-49.19043,-25.465],[-49.19025,-25.4656],[-49.18994,-25.46594],[-49.18976,-25.46668],[-49.18966,-25.46696],[-49.18888,-25.46765],[-49.1885,-25.46797],[-49.18814,-25.46828],[-49.18784,-25.46859],[-49.18715,-25.46932],[-49.18664,-25.46984],[-49.18558,-25.47099],[-49.18557,-25.47101],[-49.18543,-25.47119],[-49.18522,-25.47145],[-49.18524,-25.47169],[-49.18536,-25.4732],[-49.18538,-25.4739],[-49.18543,-25.47554],[-49.18542,-25.47644],[-49.18542,-25.47683],[-49.18556,-25.47797],[-49.18602,-25.47845],[-49.18672,-25.4789],[-49.18736,-25.47959],[-49.1875,-25.47974],[-49.18801,-25.48025],[-49.18862,-25.48094],[-49.18953,-25.48188],[-49.18992,-25.48237],[-49.18993,-25.4824],[-49.19011,-25.48272],[-49.19009,-25.48307],[-49.19001,-25.4833],[-49.18991,-25.48356],[-49.18983,-25.48375],[-49.18982,-25.4838],[-49.18978,-25.4839],[-49.18978,-25.48392],[-49.18994,-25.48381],[-49.19,-25.48379],[-49.19179,-25.48302],[-49.19271,-25.48263],[-49.19282,-25.48258],[-49.19283,-25.48258],[-49.19367,-25.4822],[-49.19453,-25.48182],[-49.19484,-25.48168],[-49.19515,-25.48154],[-49.19545,-25.48141],[-49.1958,-25.48125],[-49.19598,-25.48117],[-49.19757,-25.48045],[-49.19843,-25.48007],[-49.19936,-25.47966],[-49.19946,-25.47962],[-49.19953,-25.47959],[-49.20273,-25.47815]]]}},{"type":"Feature","properties":{"code":"4106902053","name":"Santa Cândida"},"geometry":{"type":"Polygon","coordinates":[[[-49.23443,-25.38392],[-49.23486,-25.38306],[-49.23499,-25.38277],[-49.23514,-25.38245],[-49.23514,-25.38245],[-49.23538,-25.38207],[-49.23585,-25.38144],[-49.23611,-25.38114],[-49.23645,-25.38087],[-49.23691,-25.38061],[-49.23725,-25.3804],[-49.23788,-25.38008],[-49.23851,-25.37983],[-49.23893,-25.37976],[-49.23936,-25.37977],[-49.23975,-25.37969],[-49.2402,-25.37947],[-49.2409,-25.37904],[-49.24141,-25.37866],[-49.24192,-25.37833],[-49.24291,-25.37767],[-49.24344,-25.37713],[-49.24374,-25.37672],[-49.24404,-25.37639],[-49.24422,-25.37614],[-49.24433,-25.37592],[-49.24439,-25.37562],[-49.24438,-25.37543],[-49.2444,-25.37524],[-49.24431,-25.37498],[-49.24424,-25.37467],[-49.24431,-25.37442],[-49.24442,-25.37385],[-49.24464,-25.3735],[-49.24484,-25.37327],[-49.24547,-25.37275],[-49.24604,-25.37224],[-49.24627,-25.372],[-49.24659,-25.3717],[-49.24666,-25.37164],[-49.24774,-25.37057],[-49.24828,-25.37004],[-49.24885,-25.36947],[-49.24936,-25.36896],[-49.24979,-25.36856],[-49.2502,-25.36898],[-49.25044,-25.36926],[-49.25063,-25.36943],[-49.25119,-25.37005],[-49.2516,-25.36974],[-49.25184,-25.36947],[-49.25195,-25.36931],[-49.25214,-25.3687],[-49.25219,-25.36824],[-49.25215,-25.36744],[-49.25129,-25.36752],[-49.25043,-25.3676],[-49.25022,-25.36518],[-49.25021,-25.36497],[-49.2502,-25.36481],[-49.25017,-25.36467],[-49.24884,-25.36291],[-49.24821,-25.36164],[-49.24769,-25.36042],[-49.24833,-25.36024],[-49.24855,-25.36017],[-49.2487,-25.36018],[-49.24883,-25.3602],[-49.24928,-25.36042],[-49.24937,-25.36047],[-49.24968,-25.36051],[-49.25043,-25.36052],[-49.25076,-25.36059],[-49.25036,-25.3583],[-49.25038,-25.35815],[-49.25066,-25.35747],[-49.25081,-25.35713],[-49.25081,-25.35697],[-49.25074,-25.35675],[-49.25063,-25.35658],[-49.25046,-25.35646],[-49.25042,-25.35644],[-49.25037,-25.3564],[-49.24955,-25.35595],[-49.2493,-25.35588],[-49.24908,-25.35579],[-49.24862,-25.3556],[-49.2485,-25.35552],[-49.24832,-25.35541],[-49.24826,-25.35537],[-49.24775,-25.355],[-49.2477,-25.35498],[-49.24722,-25.3548],[-49.24707,-25.35471],[-49.24678,-25.35454],[-49.24676,-25.35453],[-49.24652,-25.3544],[-49.24647,-25.35435],[-49.24643,-25.3543],[-49.24639,-25.35427],[-49.24635,-25.35418],[-49.24634,-25.35407],[-49.24636,-25.35391],[-49.24669,-25.35326],[-49.24673,-25.35315],[-49.24675,-25.35307],[-49.2468,-25.35287],[-49.24681,-25.35272],[-49.2468,-25.3526],[-49.24671,-25.35239],[-49.24653,-25.35205],[-49.24641,-25.35195],[-49.24618,-25.35176],[-49.24606,-25.35145],[-49.24611,-25.35104],[-49.2462,-25.35067],[-49.24613,-25.35029],[-49.24536,-25.34946],[-49.24522,-25.34923],[-49.24521,-25.34923],[-49.24495,-25.34906],[-49.24481,-25.34901],[-49.24475,-25.34895],[-49.24471,-25.34889],[-49.24471,-25.34869],[-49.24468,-25.34862],[-49.24462,-25.34857],[-49.24455,-25.34855],[-49.24449,-25.3485],[-49.24437,-25.34829],[-49.24431,-25.34818],[-49.24428,-25.34816],[-49.24425,-25.34815],[-49.24409,-25.34813],[-49.24401,-25.34816],[-49.24397,-25.34819],[-49.24389,-25.34825],[-49.24374,-25.34828],[-49.24371,-25.34835],[-49.24373,-25.34855],[-49.24369,-25.3486],[-49.24362,-25.34863],[-49.24347,-25.34848],[-49.2434,-25.34846],[-49.24311,-25.3485],[-49.24305,-25.34855],[-49.24302,-25.34865],[-49.24302,-25.34876],[-49.24304,-25.34899],[-49.243,-25.34911],[-49.24296,-25.34917],[-49.24274,-25.34925],[-49.24261,-25.34932],[-49.24257,-25.34937],[-49.24247,-25.34957],[-49.24243,-25.34962],[-49.24236,-25.34964],[-49.24227,-25.34963],[-49.24217,-25.34954],[-49.24201,-25.34952],[-49.24194,-25.34955],[-49.24189,-25.3496],[-49.24179,-25.34989],[-49.24162,-25.35021],[-49.24147,-25.35044],[-49.24145,-25.3505],[-49.24146,-25.35063],[-49.24143,-25.35071],[-49.24141,-25.35079],[-49.24142,-25.35086],[-49.24144,-25.35091],[-49.24148,-25.35098],[-49.24148,-25.35099],[-49.24147,-25.35102],[-49.24147,-25.35107],[-49.2414,-25.35115],[-49.24131,-25.35118],[-49.24131,-25.35118],[-49.24129,-25.35118],[-49.24118,-25.35121],[-49.24088,-25.35121],[-49.24082,-25.35117],[-49.24071,-25.35104],[-49.24057,-25.35097],[-49.24042,-25.351],[-49.24031,-25.35111],[-49.24024,-25.35115],[-49.24009,-25.3511],[-49.24001,-25.35109],[-49.23977,-25.35115],[-49.23971,-25.35115],[-49.23958,-25.35108],[-49.23949,-25.35097],[-49.23946,-25.3509],[-49.23946,-25.35076],[-49.23944,-25.3507],[-49.23931,-25.3506],[-49.23927,-25.35053],[-49.23925,-25.35039],[-49.23921,-25.35033],[-49.23916,-25.35029],[-49.23908,-25.35027],[-49.23892,-25.35027],[-49.23886,-25.35032],[-49.23879,-25.35043],[-49.23869,-25.35061],[-49.23862,-25.35063],[-49.23848,-25.3506],[-49.23841,-25.35058],[-49.23834,-25.35055],[-49.23787,-25.35052],[-49.23778,-25.35054],[-49.23767,-25.35058],[-49.23766,-25.35072],[-49.2375,-25.35086],[-49.23738,-25.35104],[-49.23733,-25.35109],[-49.23719,-25.35113],[-49.23712,-25.35118],[-49.23704,-25.35121],[-49.23677,-25.35113],[-49.23664,-25.35105],[-49.2365,-25.351],[-49.23643,-25.35103],[-49.2364,-25.35108],[-49.23638,-25.35109],[-49.23635,-25.35112],[-49.23627,-25.35111],[-49.23586,-25.35077],[-49.23573,-25.3506],[-49.2357,-25.35059],[-49.23567,-25.35058],[-49.23541,-25.35051],[-49.23532,-25.35051],[-49.23518,-25.35059],[-49.23496,-25.35072],[-49.23468,-25.35083],[-49.23461,-25.35081],[-49.23455,-25.35076],[-49.23443,-25.35066],[-49.23433,-25.35046],[-49.23427,-25.35041],[-49.23404,-25.3503],[-49.23363,-25.35015],[-49.23358,-25.35011],[-49.23343,-25.34994],[-49.23322,-25.34984],[-49.23309,-25.34989],[-49.23305,-25.34989],[-49.23301,-25.3499],[-49.23287,-25.34987],[-49.23285,-25.34988],[-49.23281,-25.34991],[-49.2328,-25.35006],[-49.23275,-25.35009],[-49.23273,-25.3501],[-49.23254,-25.35008],[-49.23241,-25.35007],[-49.23235,-25.35003],[-49.23229,-25.34994],[-49.2322,-25.3499],[-49.23193,-25.3499],[-49.23186,-25.34993],[-49.23179,-25.34997],[-49.23161,-25.35021],[-49.23148,-25.35029],[-49.23135,-25.35041],[-49.23128,-25.35044],[-49.23121,-25.35044],[-49.23081,-25.35029],[-49.23069,-25.35021],[-49.23061,-25.35011],[-49.2306,-25.35009],[-49.23047,-25.35002],[-49.23032,-25.34987],[-49.23019,-25.34979],[-49.23001,-25.34976],[-49.22997,-25.34975],[-49.22982,-25.34974],[-49.22975,-25.34975],[-49.22953,-25.34983],[-49.2295,-25.34984],[-49.2294,-25.35002],[-49.2292,-25.35044],[-49.22903,-25.35079],[-49.22884,-25.35132],[-49.22906,-25.35212],[-49.22899,-25.35265],[-49.22854,-25.35311],[-49.22778,-25.35365],[-49.22732,-25.35399],[-49.22697,-25.35423],[-49.22654,-25.35445],[-49.22588,-25.35492],[-49.22555,-25.35514],[-49.22522,-25.35535],[-49.22493,-25.35554],[-49.22406,-25.3561],[-49.22379,-25.35638],[-49.22366,-25.35671],[-49.22365,-25.35702],[-49.22388,-25.35739],[-49.22401,-25.35759],[-49.22426,-25.35799],[-49.22451,-25.35848],[-49.22442,-25.35875],[-49.22439,-25.35887],[-49.22417,-25.35904],[-49.22405,-25.35908],[-49.22365,-25.35915],[-49.22322,-25.35927],[-49.22292,-25.35946],[-49.22271,-25.35972],[-49.22268,-25.36013],[-49.22256,-25.36097],[-49.22251,-25.36312],[-49.22238,-25.36367],[-49.2221,-25.36389],[-49.22192,-25.36404],[-49.22132,-25.36409],[-49.22129,-25.36409],[-49.2208,-25.3639],[-49.22063,-25.36383],[-49.22015,-25.3637],[-49.2196,-25.36381],[-49.21907,-25.36387],[-49.21897,-25.36366],[-49.21896,-25.3632],[-49.21882,-25.36284],[-49.21871,-25.36271],[-49.21854,-25.36252],[-49.21789,-25.36206],[-49.21707,-25.36168],[-49.21675,-25.36152],[-49.21625,-25.36145],[-49.2148,-25.36147],[-49.21348,-25.36149],[-49.21298,-25.36152],[-49.21292,-25.36153],[-49.21254,-25.36174],[-49.21253,-25.36174],[-49.21247,-25.36183],[-49.21217,-25.36226],[-49.21166,-25.36312],[-49.21152,-25.36335],[-49.21134,-25.36349],[-49.21125,-25.36357],[-49.21104,-25.3637],[-49.21096,-25.36374],[-49.21089,-25.36379],[-49.21069,-25.36389],[-49.20976,-25.36448],[-49.20937,-25.36473],[-49.20784,-25.36572],[-49.20751,-25.36593],[-49.20742,-25.36605],[-49.20738,-25.36618],[-49.20736,-25.36631],[-49.20735,-25.36644],[-49.20734,-25.36653],[-49.2073,-25.36707],[-49.2072,-25.36772],[-49.20716,-25.36805],[-49.20704,-25.36891],[-49.20697,-25.36944],[-49.20695,-25.36961],[-49.20687,-25.37007],[-49.20684,-25.37024],[-49.20688,-25.37053],[-49.20705,-25.37086],[-49.20725,-25.37126],[-49.20739,-25.37162],[-49.20744,-25.3716],[-49.2078,-25.37142],[-49.2078,-25.37142],[-49.20804,-25.37131],[-49.20841,-25.37116],[-49.20881,-25.37107],[-49.20899,-25.37112],[-49.20908,-25.37112],[-49.20916,-25.37114],[-49.20939,-25.3712],[-49.2097,-25.37134],[-49.2099,-25.37154],[-49.21004,-25.3718],[-49.21021,-25.37203],[-49.21029,-25.37214],[-49.21041,-25.37227],[-49.21048,-25.37236],[-49.21117,-25.37273],[-49.21149,-25.37294],[-49.21161,-25.37308],[-49.2117,-25.37326],[-49.21176,-25.37339],[-49.21182,-25.37354],[-49.21189,-25.37362],[-49.21205,-25.37372],[-49.21238,-25.37387],[-49.21243,-25.37391],[-49.21249,-25.37395],[-49.21256,-25.3741],[-49.21256,-25.37442],[-49.21261,-25.37453],[-49.21269,-25.37464],[-49.21286,-25.37466],[-49.21304,-25.37468],[-49.21312,-25.3747],[-49.2133,-25.37474],[-49.21303,-25.37519],[-49.21302,-25.37526],[-49.21308,-25.37535],[-49.21321,-25.3754],[-49.21334,-25.37545],[-49.21352,-25.37552],[-49.21355,-25.37557],[-49.21361,-25.37563],[-49.2136,-25.37573],[-49.21343,-25.3759],[-49.21338,-25.37613],[-49.21328,-25.37644],[-49.2131,-25.37675],[-49.21295,-25.37695],[-49.21265,-25.37718],[-49.21228,-25.3775],[-49.21223,-25.37762],[-49.21221,-25.37771],[-49.21223,-25.37781],[-49.21231,-25.37791],[-49.21242,-25.37797],[-49.21252,-25.37798],[-49.21271,-25.37796],[-49.2131,-25.37789],[-49.21345,-25.37783],[-49.21381,-25.37774],[-49.21414,-25.37769],[-49.21495,-25.37768],[-49.21501,-25.37768],[-49.21557,-25.37785],[-49.21563,-25.3779],[-49.21568,-25.37813],[-49.21568,-25.3784],[-49.21564,-25.37857],[-49.21535,-25.37913],[-49.21533,-25.37916],[-49.21553,-25.37928],[-49.21567,-25.37931],[-49.21604,-25.37918],[-49.21644,-25.37903],[-49.21743,-25.37857],[-49.21764,-25.37863],[-49.21798,-25.37875],[-49.21824,-25.37885],[-49.21849,-25.37907],[-49.21886,-25.37941],[-49.21911,-25.37989],[-49.21912,-25.37997],[-49.21917,-25.38048],[-49.21933,-25.38011],[-49.21947,-25.37978],[-49.22007,-25.37815],[-49.22028,-25.37773],[-49.22047,-25.37749],[-49.22065,-25.37728],[-49.22094,-25.37705],[-49.22115,-25.37693],[-49.22142,-25.37679],[-49.22168,-25.3767],[-49.22198,-25.37665],[-49.22221,-25.37663],[-49.22244,-25.37664],[-49.22258,-25.37665],[-49.22267,-25.37666],[-49.22287,-25.37668],[-49.22302,-25.37668],[-49.22345,-25.3767],[-49.22383,-25.37672],[-49.22427,-25.37673],[-49.2244,-25.37673],[-49.22463,-25.37673],[-49.2248,-25.3767],[-49.22489,-25.37668],[-49.22501,-25.37666],[-49.22508,-25.37675],[-49.22527,-25.37695],[-49.22555,-25.37727],[-49.22606,-25.37785],[-49.22615,-25.37795],[-49.22648,-25.37833],[-49.22688,-25.37879],[-49.2272,-25.37913],[-49.22752,-25.37944],[-49.22772,-25.37961],[-49.22788,-25.3798],[-49.22823,-25.38018],[-49.22849,-25.38046],[-49.22931,-25.38135],[-49.22997,-25.38206],[-49.23074,-25.38291],[-49.2315,-25.38374],[-49.23183,-25.3841],[-49.23235,-25.38468],[-49.23247,-25.38466],[-49.23277,-25.38465],[-49.23315,-25.38462],[-49.23362,-25.38454],[-49.23387,-25.38444],[-49.23411,-25.38433],[-49.23422,-25.38423],[-49.23432,-25.38407],[-49.23443,-25.38392]]]}},{"type":"Feature","properties":{"code":"4106902046","name":"Santo Inácio"},"geometry":{"type":"Polygon","coordinates":[[[-49.33165,-25.43062],[-49.33261,-25.43061],[-49.33534,-25.43052],[-49.33574,-25.43052],[-49.33697,-25.43049],[-49.33884,-25.43045],[-49.33971,-25.43044],[-49.34341,-25.43034],[-49.34404,-25.43033],[-49.34703,-25.43028],[-49.34702,-25.43016],[-49.34684,-25.43003],[-49.34674,-25.42995],[-49.34645,-25.42977],[-49.34643,-25.42842],[-49.34642,-25.42816],[-49.34638,-25.42758],[-49.34638,-25.42745],[-49.34635,-25.42709],[-49.34627,-25.42678],[-49.34624,-25.42651],[-49.34611,-25.42592],[-49.346,-25.42534],[-49.34597,-25.42513],[-49.34511,-25.42501],[-49.34492,-25.42497],[-49.34455,-25.42495],[-49.34325,-25.42483],[-49.34311,-25.42467],[-49.34261,-25.42469],[-49.34268,-25.42559],[-49.34211,-25.42562],[-49.34148,-25.42565],[-49.34154,-25.42662],[-49.34124,-25.42663],[-49.34067,-25.42615],[-49.34043,-25.42621],[-49.33991,-25.42647],[-49.33957,-25.42662],[-49.33919,-25.42664],[-49.33878,-25.4267],[-49.33841,-25.4267],[-49.33818,-25.42672],[-49.33827,-25.42649],[-49.33837,-25.42636],[-49.33858,-25.42612],[-49.33864,-25.42603],[-49.3387,-25.42566],[-49.33881,-25.42529],[-49.33895,-25.42493],[-49.33906,-25.42478],[-49.33928,-25.42465],[-49.33946,-25.42453],[-49.33959,-25.42444],[-49.33971,-25.42427],[-49.33975,-25.42415],[-49.3398,-25.42401],[-49.33984,-25.42378],[-49.33973,-25.42372],[-49.33964,-25.42364],[-49.33948,-25.42347],[-49.3393,-25.42328],[-49.33915,-25.42316],[-49.33879,-25.42318],[-49.33876,-25.42318],[-49.33853,-25.42319],[-49.33826,-25.42317],[-49.3379,-25.42313],[-49.33765,-25.42307],[-49.33745,-25.42299],[-49.33721,-25.4228],[-49.33704,-25.42264],[-49.33692,-25.42253],[-49.33681,-25.42244],[-49.33668,-25.42222],[-49.3365,-25.42216],[-49.33645,-25.42204],[-49.33645,-25.42189],[-49.33642,-25.42163],[-49.33631,-25.42151],[-49.3358,-25.42151],[-49.33534,-25.42154],[-49.33533,-25.42154],[-49.3346,-25.42156],[-49.33313,-25.42165],[-49.33106,-25.42177],[-49.3294,-25.42186],[-49.32612,-25.42204],[-49.32592,-25.42201],[-49.32576,-25.42192],[-49.32566,-25.42174],[-49.32554,-25.42151],[-49.32528,-25.42109],[-49.32517,-25.42094],[-49.32514,-25.42089],[-49.32504,-25.42088],[-49.32438,-25.42102],[-49.32396,-25.42112],[-49.32392,-25.42118],[-49.32387,-25.42127],[-49.32383,-25.42131],[-49.32376,-25.42153],[-49.32327,-25.42189],[-49.32302,-25.42194],[-49.32258,-25.42154],[-49.32239,-25.42139],[-49.32222,-25.42136],[-49.32207,-25.42143],[-49.32143,-25.42192],[-49.32121,-25.42207],[-49.32101,-25.4222],[-49.32067,-25.42233],[-49.32055,-25.42235],[-49.32047,-25.42236],[-49.32036,-25.42238],[-49.32024,-25.4224],[-49.32002,-25.42245],[-49.31974,-25.42244],[-49.31942,-25.42242],[-49.31791,-25.42233],[-49.31726,-25.42236],[-49.31689,-25.42245],[-49.31651,-25.42265],[-49.31596,-25.42276],[-49.31547,-25.42285],[-49.31445,-25.42288],[-49.31361,-25.4229],[-49.31297,-25.42292],[-49.3126,-25.42288],[-49.31238,-25.42279],[-49.31217,-25.42272],[-49.312,-25.42267],[-49.31148,-25.42271],[-49.31136,-25.42271],[-49.31081,-25.42274],[-49.31062,-25.42273],[-49.30985,-25.42272],[-49.30956,-25.42276],[-49.30948,-25.42279],[-49.30913,-25.42292],[-49.30846,-25.42306],[-49.30836,-25.42308],[-49.30787,-25.42314],[-49.30737,-25.4232],[-49.30711,-25.42315],[-49.30705,-25.42314],[-49.30687,-25.42314],[-49.30677,-25.42313],[-49.30672,-25.42363],[-49.30678,-25.42426],[-49.30692,-25.42508],[-49.30692,-25.42561],[-49.30677,-25.42652],[-49.3068,-25.42727],[-49.30681,-25.42812],[-49.30715,-25.42891],[-49.30827,-25.42995],[-49.30971,-25.43055],[-49.31048,-25.43073],[-49.31165,-25.43105],[-49.31283,-25.43105],[-49.31317,-25.43105],[-49.31386,-25.4319],[-49.31392,-25.43197],[-49.31519,-25.43153],[-49.31679,-25.43083],[-49.31855,-25.43015],[-49.31906,-25.43004],[-49.31938,-25.43001],[-49.31972,-25.42997],[-49.32024,-25.42999],[-49.32126,-25.43023],[-49.32263,-25.43064],[-49.32359,-25.43091],[-49.32405,-25.43101],[-49.32466,-25.43107],[-49.32531,-25.43102],[-49.32792,-25.43077],[-49.32997,-25.43069],[-49.33165,-25.43062]]]}},{"type":"Feature","properties":{"code":"4106902044","name":"Campo Comprido"},"geometry":{"type":"Polygon","coordinates":[[[-49.33291,-25.4435],[-49.33211,-25.44394],[-49.33178,-25.44412],[-49.3317,-25.4442],[-49.33118,-25.44477],[-49.33059,-25.44534],[-49.33027,-25.44561],[-49.32993,-25.44579],[-49.32971,-25.44584],[-49.3293,-25.44587],[-49.32819,-25.44585],[-49.3282,-25.44529],[-49.3279,-25.44525],[-49.32768,-25.4452],[-49.32646,-25.44476],[-49.32617,-25.44476],[-49.32583,-25.44484],[-49.32548,-25.44493],[-49.32547,-25.44493],[-49.32525,-25.44487],[-49.32512,-25.4449],[-49.32505,-25.44503],[-49.32498,-25.44511],[-49.32462,-25.44541],[-49.32442,-25.44555],[-49.32426,-25.44559],[-49.32415,-25.44575],[-49.32391,-25.44588],[-49.32373,-25.446],[-49.32372,-25.44611],[-49.32377,-25.44621],[-49.3239,-25.44635],[-49.32396,-25.44643],[-49.32401,-25.44651],[-49.32416,-25.44653],[-49.32424,-25.4466],[-49.32421,-25.44664],[-49.32412,-25.44664],[-49.32374,-25.44663],[-49.32096,-25.44641],[-49.32079,-25.44624],[-49.32061,-25.446],[-49.32046,-25.44592],[-49.32031,-25.44579],[-49.32023,-25.4456],[-49.32017,-25.4454],[-49.31993,-25.44525],[-49.31958,-25.44513],[-49.31933,-25.44501],[-49.31918,-25.44499],[-49.31888,-25.44506],[-49.31844,-25.44518],[-49.31821,-25.44524],[-49.31814,-25.44533],[-49.318,-25.44542],[-49.31788,-25.44546],[-49.31774,-25.44546],[-49.31763,-25.44548],[-49.31753,-25.44554],[-49.31736,-25.44568],[-49.31722,-25.44572],[-49.31705,-25.44584],[-49.31688,-25.44593],[-49.31675,-25.44599],[-49.31658,-25.4461],[-49.31651,-25.4462],[-49.31639,-25.44632],[-49.31633,-25.44642],[-49.31604,-25.44656],[-49.31613,-25.44673],[-49.31614,-25.44684],[-49.31605,-25.4469],[-49.31595,-25.44691],[-49.31579,-25.44684],[-49.31566,-25.44673],[-49.31545,-25.44663],[-49.31511,-25.44652],[-49.31504,-25.44666],[-49.31462,-25.44769],[-49.31453,-25.44794],[-49.31452,-25.44798],[-49.3145,-25.44802],[-49.3145,-25.44804],[-49.3145,-25.4481],[-49.31451,-25.44817],[-49.31451,-25.44821],[-49.31455,-25.44846],[-49.3146,-25.44867],[-49.31461,-25.44872],[-49.31465,-25.44891],[-49.31467,-25.44897],[-49.31467,-25.44901],[-49.31468,-25.44906],[-49.31477,-25.44948],[-49.31478,-25.44952],[-49.31479,-25.44958],[-49.31481,-25.44965],[-49.31482,-25.4497],[-49.31483,-25.44976],[-49.31489,-25.45005],[-49.31485,-25.45032],[-49.31491,-25.45053],[-49.31492,-25.45057],[-49.31493,-25.45061],[-49.31499,-25.45142],[-49.31476,-25.45154],[-49.31421,-25.45182],[-49.31344,-25.45218],[-49.31314,-25.45231],[-49.31305,-25.45235],[-49.31284,-25.45245],[-49.31244,-25.45264],[-49.3123,-25.45278],[-49.3122,-25.4529],[-49.31217,-25.45305],[-49.3122,-25.45328],[-49.3123,-25.45343],[-49.31249,-25.45366],[-49.31293,-25.45418],[-49.31323,-25.45452],[-49.31341,-25.45473],[-49.31342,-25.45474],[-49.31364,-25.45507],[-49.31503,-25.45662],[-49.31512,-25.45671],[-49.31545,-25.45712],[-49.31558,-25.45729],[-49.31582,-25.45761],[-49.31618,-25.45774],[-49.31625,-25.45776],[-49.31646,-25.45784],[-49.31655,-25.45787],[-49.31662,-25.4579],[-49.31669,-25.45792],[-49.31685,-25.45797],[-49.31702,-25.45801],[-49.3173,-25.45809],[-49.31737,-25.45811],[-49.31739,-25.45812],[-49.3179,-25.45823],[-49.31815,-25.4583],[-49.31843,-25.45849],[-49.31853,-25.45866],[-49.31859,-25.45875],[-49.31862,-25.45882],[-49.31897,-25.4595],[-49.31876,-25.45944],[-49.31864,-25.45962],[-49.31862,-25.45977],[-49.31872,-25.45994],[-49.31883,-25.46019],[-49.31878,-25.46051],[-49.31887,-25.46077],[-49.31893,-25.46097],[-49.31895,-25.46127],[-49.31903,-25.46162],[-49.31922,-25.46184],[-49.31933,-25.46197],[-49.31942,-25.4622],[-49.31939,-25.46239],[-49.31943,-25.46271],[-49.31952,-25.46318],[-49.31957,-25.46328],[-49.31965,-25.46343],[-49.31976,-25.46367],[-49.31981,-25.46378],[-49.31986,-25.46389],[-49.31988,-25.46393],[-49.31996,-25.4642],[-49.32002,-25.46437],[-49.32012,-25.4647],[-49.32023,-25.46506],[-49.32026,-25.46518],[-49.32039,-25.46541],[-49.32049,-25.46572],[-49.32054,-25.46587],[-49.32093,-25.46727],[-49.32096,-25.46736],[-49.32103,-25.4676],[-49.32116,-25.468],[-49.32122,-25.46811],[-49.32133,-25.46823],[-49.32138,-25.46837],[-49.32142,-25.46867],[-49.32154,-25.46911],[-49.32156,-25.46922],[-49.3216,-25.46941],[-49.32161,-25.46945],[-49.32165,-25.46955],[-49.32168,-25.46963],[-49.32171,-25.46972],[-49.32174,-25.46981],[-49.32187,-25.46995],[-49.32219,-25.47032],[-49.32225,-25.47039],[-49.32204,-25.47062],[-49.32209,-25.47074],[-49.3223,-25.47089],[-49.32373,-25.47151],[-49.32394,-25.47161],[-49.32653,-25.47271],[-49.32716,-25.473],[-49.32734,-25.47308],[-49.32742,-25.47312],[-49.32744,-25.47313],[-49.32745,-25.47313],[-49.32771,-25.47327],[-49.32775,-25.47329],[-49.32795,-25.47346],[-49.32824,-25.47374],[-49.32835,-25.47396],[-49.32858,-25.4743],[-49.32874,-25.47461],[-49.32884,-25.47478],[-49.32903,-25.4751],[-49.32909,-25.4752],[-49.3291,-25.47523],[-49.32912,-25.47526],[-49.32914,-25.47529],[-49.32916,-25.47532],[-49.32946,-25.47577],[-49.32988,-25.47644],[-49.33023,-25.47683],[-49.33026,-25.47686],[-49.3304,-25.47706],[-49.33042,-25.4771],[-49.33045,-25.47714],[-49.33062,-25.47756],[-49.33081,-25.47783],[-49.33113,-25.47771],[-49.33152,-25.47742],[-49.33171,-25.47721],[-49.33173,-25.47719],[-49.33206,-25.47691],[-49.33223,-25.47676],[-49.3326,-25.47648],[-49.33291,-25.47623],[-49.33305,-25.47607],[-49.33315,-25.47595],[-49.33325,-25.47586],[-49.33327,-25.47584],[-49.33348,-25.47571],[-49.33372,-25.47557],[-49.33394,-25.47544],[-49.33406,-25.47537],[-49.33412,-25.47534],[-49.33438,-25.47526],[-49.33439,-25.47526],[-49.33457,-25.47513],[-49.33475,-25.47504],[-49.33482,-25.47492],[-49.33485,-25.47484],[-49.33482,-25.47476],[-49.3346,-25.47453],[-49.33442,-25.4743],[-49.33425,-25.47396],[-49.33419,-25.47376],[-49.33419,-25.47361],[-49.33418,-25.47348],[-49.33424,-25.47318],[-49.3343,-25.47297],[-49.3346,-25.47304],[-49.33471,-25.47296],[-49.33455,-25.47279],[-49.33454,-25.47279],[-49.33455,-25.47253],[-49.33461,-25.47238],[-49.33461,-25.47236],[-49.33462,-25.47236],[-49.33487,-25.47233],[-49.33501,-25.47229],[-49.33515,-25.47228],[-49.33532,-25.47236],[-49.33544,-25.47241],[-49.33546,-25.47238],[-49.33554,-25.47222],[-49.33547,-25.47216],[-49.33544,-25.47214],[-49.33541,-25.47202],[-49.33546,-25.47172],[-49.33549,-25.47132],[-49.33556,-25.47128],[-49.3356,-25.47126],[-49.33564,-25.47124],[-49.33581,-25.47108],[-49.33585,-25.47105],[-49.33606,-25.47119],[-49.33613,-25.47126],[-49.33618,-25.47131],[-49.33622,-25.47131],[-49.33636,-25.47134],[-49.3364,-25.47135],[-49.3366,-25.47134],[-49.33684,-25.47125],[-49.33685,-25.47125],[-49.33689,-25.47093],[-49.33702,-25.47089],[-49.33718,-25.47095],[-49.33721,-25.47097],[-49.33735,-25.47111],[-49.33746,-25.4712],[-49.33748,-25.47121],[-49.33757,-25.47114],[-49.33756,-25.47113],[-49.33748,-25.47095],[-49.33735,-25.47065],[-49.33724,-25.4704],[-49.33739,-25.47014],[-49.33757,-25.4699],[-49.33767,-25.46957],[-49.33784,-25.46966],[-49.33824,-25.46973],[-49.33834,-25.46958],[-49.33824,-25.46932],[-49.33807,-25.46904],[-49.33792,-25.46903],[-49.33793,-25.4688],[-49.33797,-25.46863],[-49.33811,-25.46851],[-49.33818,-25.46838],[-49.33828,-25.46812],[-49.33828,-25.46811],[-49.33824,-25.46787],[-49.33801,-25.46771],[-49.33795,-25.46767],[-49.33791,-25.46746],[-49.33796,-25.46717],[-49.33792,-25.46693],[-49.33795,-25.46668],[-49.33816,-25.46656],[-49.33828,-25.46632],[-49.33846,-25.46634],[-49.33874,-25.4662],[-49.33899,-25.46591],[-49.33903,-25.46577],[-49.33895,-25.4656],[-49.33886,-25.46542],[-49.33881,-25.46523],[-49.33878,-25.46511],[-49.33875,-25.46502],[-49.33872,-25.46492],[-49.33871,-25.46485],[-49.33866,-25.46462],[-49.33862,-25.46448],[-49.3386,-25.46444],[-49.33857,-25.46433],[-49.3385,-25.46428],[-49.33836,-25.46419],[-49.33843,-25.46414],[-49.3385,-25.46409],[-49.33864,-25.46399],[-49.3388,-25.46382],[-49.33895,-25.46372],[-49.339,-25.4636],[-49.33901,-25.46357],[-49.33909,-25.46349],[-49.33916,-25.4633],[-49.33922,-25.46316],[-49.33931,-25.46298],[-49.33937,-25.46289],[-49.33938,-25.46287],[-49.3395,-25.46256],[-49.33975,-25.46201],[-49.33979,-25.46194],[-49.33981,-25.46191],[-49.33986,-25.46179],[-49.33965,-25.46152],[-49.33961,-25.46124],[-49.33938,-25.46132],[-49.33927,-25.46119],[-49.33925,-25.46113],[-49.33922,-25.46109],[-49.33938,-25.46077],[-49.33957,-25.4606],[-49.33956,-25.4603],[-49.33959,-25.46014],[-49.33958,-25.46004],[-49.33958,-25.46003],[-49.33958,-25.46001],[-49.33959,-25.45959],[-49.33952,-25.45951],[-49.3395,-25.45941],[-49.33955,-25.45932],[-49.33953,-25.45914],[-49.33963,-25.45896],[-49.33977,-25.45891],[-49.33991,-25.45852],[-49.34007,-25.45838],[-49.34013,-25.45829],[-49.3402,-25.4582],[-49.34029,-25.45802],[-49.3403,-25.45797],[-49.34028,-25.45793],[-49.34024,-25.45792],[-49.3402,-25.45789],[-49.34021,-25.45784],[-49.34016,-25.45774],[-49.34018,-25.45769],[-49.34023,-25.45763],[-49.34031,-25.45758],[-49.34042,-25.45755],[-49.34049,-25.45749],[-49.34054,-25.45747],[-49.34065,-25.45746],[-49.34075,-25.45743],[-49.34078,-25.45742],[-49.34079,-25.45729],[-49.34089,-25.4571],[-49.34115,-25.45688],[-49.34144,-25.45672],[-49.34163,-25.45664],[-49.3418,-25.4565],[-49.34198,-25.45633],[-49.34201,-25.45627],[-49.34209,-25.45606],[-49.34217,-25.45596],[-49.34217,-25.45588],[-49.342,-25.45581],[-49.34193,-25.45575],[-49.3419,-25.45543],[-49.34195,-25.45473],[-49.34196,-25.45421],[-49.3421,-25.45366],[-49.34204,-25.45337],[-49.34214,-25.4533],[-49.34216,-25.45308],[-49.3421,-25.45295],[-49.34214,-25.45276],[-49.34206,-25.45266],[-49.34197,-25.45254],[-49.34207,-25.45246],[-49.34215,-25.45234],[-49.34216,-25.45232],[-49.34237,-25.4522],[-49.34238,-25.45189],[-49.34248,-25.45185],[-49.34243,-25.45174],[-49.34256,-25.45157],[-49.34252,-25.45132],[-49.3426,-25.45117],[-49.34262,-25.45104],[-49.34255,-25.45097],[-49.34227,-25.45088],[-49.34201,-25.45062],[-49.34209,-25.45041],[-49.34224,-25.45028],[-49.34234,-25.45012],[-49.34258,-25.45007],[-49.34269,-25.45002],[-49.34272,-25.44988],[-49.34281,-25.44982],[-49.34295,-25.44982],[-49.34305,-25.44987],[-49.34317,-25.44988],[-49.34331,-25.44977],[-49.34332,-25.44957],[-49.34339,-25.44942],[-49.34359,-25.44935],[-49.34364,-25.44933],[-49.34388,-25.44919],[-49.34433,-25.44904],[-49.34458,-25.44897],[-49.34501,-25.44868],[-49.34512,-25.44865],[-49.3452,-25.44865],[-49.34552,-25.44876],[-49.3459,-25.44876],[-49.34624,-25.44869],[-49.34672,-25.44845],[-49.34696,-25.44834],[-49.34721,-25.44834],[-49.34739,-25.4484],[-49.34761,-25.44845],[-49.34787,-25.44858],[-49.34808,-25.44864],[-49.34833,-25.44872],[-49.34862,-25.44874],[-49.34888,-25.44864],[-49.34967,-25.44772],[-49.34909,-25.44728],[-49.34884,-25.44706],[-49.34793,-25.44637],[-49.34754,-25.44619],[-49.34708,-25.44596],[-49.34786,-25.44472],[-49.34722,-25.44306],[-49.3457,-25.44231],[-49.34555,-25.44252],[-49.34463,-25.442],[-49.34513,-25.44145],[-49.34532,-25.44127],[-49.34592,-25.44037],[-49.34616,-25.43991],[-49.34646,-25.43938],[-49.34662,-25.4392],[-49.34694,-25.43883],[-49.34702,-25.43874],[-49.34708,-25.43867],[-49.34727,-25.43852],[-49.34747,-25.43827],[-49.34767,-25.43801],[-49.34723,-25.43745],[-49.34704,-25.43776],[-49.34597,-25.4361],[-49.34519,-25.43653],[-49.34515,-25.43504],[-49.3446,-25.43506],[-49.34433,-25.43511],[-49.34373,-25.43521],[-49.34285,-25.4353],[-49.34205,-25.43545],[-49.34179,-25.43532],[-49.34138,-25.4352],[-49.34113,-25.43529],[-49.3408,-25.43533],[-49.34047,-25.43528],[-49.34015,-25.43514],[-49.33993,-25.43519],[-49.34074,-25.4364],[-49.34088,-25.43704],[-49.34081,-25.43701],[-49.33974,-25.43667],[-49.33951,-25.43655],[-49.33938,-25.43648],[-49.33906,-25.43628],[-49.33893,-25.43621],[-49.33858,-25.43622],[-49.3379,-25.43623],[-49.3376,-25.43627],[-49.33734,-25.43633],[-49.33692,-25.43642],[-49.33717,-25.43713],[-49.33677,-25.43725],[-49.33613,-25.43745],[-49.33612,-25.43745],[-49.33604,-25.43748],[-49.3358,-25.43756],[-49.33579,-25.43756],[-49.33525,-25.43773],[-49.33426,-25.43807],[-49.33378,-25.43827],[-49.33379,-25.43828],[-49.33396,-25.43861],[-49.33411,-25.43889],[-49.33389,-25.43892],[-49.33395,-25.43905],[-49.334,-25.43929],[-49.33415,-25.43974],[-49.33426,-25.44005],[-49.33436,-25.44022],[-49.33446,-25.44042],[-49.33455,-25.44059],[-49.33464,-25.44074],[-49.33499,-25.441],[-49.33465,-25.4417],[-49.33457,-25.44197],[-49.33451,-25.44216],[-49.33452,-25.44227],[-49.3345,-25.44236],[-49.33399,-25.44276],[-49.33378,-25.4429],[-49.33329,-25.44323],[-49.33291,-25.4435]]]}},{"type":"Feature","properties":{"code":"4106902040","name":"Lindóia"},"geometry":{"type":"Polygon","coordinates":[[[-49.27066,-25.4741],[-49.26921,-25.47374],[-49.26918,-25.47373],[-49.26821,-25.47347],[-49.26711,-25.47322],[-49.26205,-25.47199],[-49.26239,-25.47223],[-49.26252,-25.47231],[-49.26266,-25.47242],[-49.26283,-25.47255],[-49.26306,-25.47272],[-49.26469,-25.47394],[-49.26525,-25.47434],[-49.26692,-25.47558],[-49.26748,-25.476],[-49.26872,-25.4769],[-49.26911,-25.4772],[-49.26959,-25.47756],[-49.27085,-25.47851],[-49.27115,-25.47873],[-49.27138,-25.4789],[-49.27226,-25.47954],[-49.2729,-25.48002],[-49.2735,-25.48046],[-49.27383,-25.48071],[-49.27409,-25.48091],[-49.27427,-25.48103],[-49.27533,-25.48183],[-49.27542,-25.48193],[-49.27577,-25.48231],[-49.27597,-25.48255],[-49.2764,-25.48299],[-49.2766,-25.48321],[-49.27673,-25.48335],[-49.27715,-25.4838],[-49.27749,-25.48417],[-49.27797,-25.48469],[-49.27833,-25.48508],[-49.27854,-25.4853],[-49.27867,-25.4854],[-49.2789,-25.48554],[-49.27907,-25.4856],[-49.27976,-25.48573],[-49.28131,-25.48613],[-49.28255,-25.48592],[-49.28238,-25.48553],[-49.28266,-25.48554],[-49.28281,-25.48534],[-49.28163,-25.48442],[-49.28197,-25.48323],[-49.28219,-25.48251],[-49.28232,-25.48206],[-49.28266,-25.48091],[-49.2829,-25.4801],[-49.28312,-25.47934],[-49.28328,-25.47881],[-49.28332,-25.47875],[-49.28341,-25.47862],[-49.2835,-25.47828],[-49.2838,-25.4773],[-49.28352,-25.47723],[-49.28176,-25.4768],[-49.27947,-25.47624],[-49.278,-25.47588],[-49.27657,-25.47552],[-49.27655,-25.47552],[-49.27364,-25.47481],[-49.27143,-25.47429],[-49.27066,-25.4741]]]}},{"type":"Feature","properties":{"code":"4106902018","name":"Jardim Social"},"geometry":{"type":"Polygon","coordinates":[[[-49.22745,-25.41822],[-49.22681,-25.41889],[-49.226,-25.4195],[-49.22582,-25.41982],[-49.22574,-25.42007],[-49.22466,-25.41963],[-49.22472,-25.41978],[-49.22478,-25.41995],[-49.225,-25.42044],[-49.2254,-25.42101],[-49.22557,-25.42164],[-49.22567,-25.42187],[-49.22578,-25.42195],[-49.22592,-25.42206],[-49.226,-25.42209],[-49.22704,-25.42247],[-49.22725,-25.42256],[-49.22793,-25.42278],[-49.22853,-25.423],[-49.22988,-25.42352],[-49.23003,-25.42358],[-49.23135,-25.42408],[-49.23146,-25.42412],[-49.23147,-25.42412],[-49.23281,-25.42462],[-49.23299,-25.42468],[-49.23426,-25.42517],[-49.23444,-25.42524],[-49.23557,-25.42565],[-49.23573,-25.42572],[-49.23686,-25.42616],[-49.23699,-25.42621],[-49.237,-25.42621],[-49.23828,-25.42671],[-49.23923,-25.4271],[-49.23931,-25.42713],[-49.23944,-25.42715],[-49.23954,-25.42717],[-49.24015,-25.42735],[-49.2408,-25.4276],[-49.24115,-25.42766],[-49.24134,-25.42767],[-49.24151,-25.42761],[-49.24163,-25.42759],[-49.2417,-25.42758],[-49.24187,-25.42715],[-49.24201,-25.4268],[-49.24219,-25.42635],[-49.24221,-25.4263],[-49.24243,-25.42559],[-49.24251,-25.42509],[-49.2425,-25.42471],[-49.2425,-25.42458],[-49.24243,-25.4243],[-49.24232,-25.42405],[-49.24218,-25.42381],[-49.2418,-25.42333],[-49.24137,-25.42281],[-49.24059,-25.42178],[-49.23998,-25.42106],[-49.23972,-25.42068],[-49.23969,-25.4204],[-49.23973,-25.41995],[-49.2399,-25.41965],[-49.24063,-25.4185],[-49.24096,-25.41799],[-49.24131,-25.41751],[-49.24163,-25.41703],[-49.24169,-25.41684],[-49.24178,-25.41649],[-49.24178,-25.41623],[-49.24159,-25.41557],[-49.24134,-25.41476],[-49.24115,-25.41416],[-49.24107,-25.41416],[-49.24062,-25.41383],[-49.24048,-25.4137],[-49.24001,-25.41328],[-49.23876,-25.41221],[-49.23868,-25.41212],[-49.23854,-25.41197],[-49.23833,-25.41182],[-49.23815,-25.41169],[-49.23779,-25.4114],[-49.23761,-25.41126],[-49.23738,-25.41115],[-49.23691,-25.41091],[-49.2368,-25.41092],[-49.23667,-25.41089],[-49.23583,-25.41077],[-49.23414,-25.41055],[-49.23334,-25.41049],[-49.23322,-25.4105],[-49.23182,-25.41255],[-49.23156,-25.41275],[-49.23139,-25.41301],[-49.23095,-25.41392],[-49.23064,-25.41454],[-49.23038,-25.41515],[-49.23012,-25.41594],[-49.23,-25.41645],[-49.22971,-25.41646],[-49.22955,-25.4165],[-49.2294,-25.41659],[-49.22928,-25.4168],[-49.22921,-25.41691],[-49.22905,-25.41702],[-49.22876,-25.4171],[-49.22857,-25.41717],[-49.22835,-25.4173],[-49.22813,-25.41747],[-49.22781,-25.41781],[-49.22745,-25.41822]]]}}]}