{"type":"FeatureCollection","features":[{"type":"Feature","properties":{"code":"4113700034","name":"Lindóia"},"geometry":{"type":"Polygon","coordinates":[[[-51.11867,-23.29315],[-51.11885,-23.29313],[-51.11907,-23.2931],[-51.11958,-23.29311],[-51.12078,-23.29311],[-51.1228,-23.29319],[-51.12442,-23.29321],[-51.12442,-23.29297],[-51.12469,-23.29234],[-51.12565,-23.28868],[-51.12576,-23.28827],[-51.12585,-23.28792],[-51.12602,-23.28733],[-51.12617,-23.28679],[-51.1263,-23.28625],[-51.12633,-23.28611],[-51.12651,-23.28556],[-51.1266,-23.28528],[-51.12673,-23.28515],[-51.12713,-23.28464],[-51.12763,-23.28395],[-51.12774,-23.28384],[-51.12798,-23.28353],[-51.12836,-23.28305],[-51.12869,-23.28266],[-51.12898,-23.28227],[-51.12941,-23.28173],[-51.12924,-23.28161],[-51.1292,-23.28137],[-51.1293,-23.28106],[-51.12915,-23.28109],[-51.12855,-23.28052],[-51.12817,-23.28016],[-51.12813,-23.28012],[-51.12823,-23.28],[-51.12848,-23.27958],[-51.12874,-23.27913],[-51.129,-23.27873],[-51.12924,-23.27826],[-51.13003,-23.2774],[-51.12962,-23.27756],[-51.12933,-23.27754],[-51.12914,-23.27748],[-51.12874,-23.27721],[-51.12849,-23.27697],[-51.12809,-23.27655],[-51.1278,-23.2763],[-51.1275,-23.27612],[-51.12694,-23.27599],[-51.12651,-23.27604],[-51.12587,-23.27616],[-51.12535,-23.27624],[-51.12491,-23.27607],[-51.12466,-23.27595],[-51.12437,-23.27593],[-51.12369,-23.27625],[-51.12339,-23.2763],[-51.12253,-23.27669],[-51.12202,-23.27635],[-51.12184,-23.27623],[-51.12152,-23.27588],[-51.12155,-23.2754],[-51.12172,-23.27451],[-51.12195,-23.27414],[-51.12246,-23.27418],[-51.1229,-23.27406],[-51.12294,-23.27391],[-51.12305,-23.27382],[-51.12332,-23.27377],[-51.12359,-23.27353],[-51.12373,-23.27321],[-51.12382,-23.27286],[-51.12373,-23.27247],[-51.12365,-23.2723],[-51.12371,-23.27211],[-51.1237,-23.27173],[-51.12378,-23.27148],[-51.12331,-23.27143],[-51.12285,-23.27118],[-51.12213,-23.27099],[-51.12168,-23.27082],[-51.12132,-23.27053],[-51.12106,-23.27021],[-51.12068,-23.27003],[-51.12014,-23.26991],[-51.11943,-23.26993],[-51.11908,-23.26999],[-51.1187,-23.2701],[-51.11815,-23.27043],[-51.11719,-23.27069],[-51.11631,-23.27085],[-51.11524,-23.27136],[-51.115,-23.27137],[-51.11462,-23.27126],[-51.11412,-23.2713],[-51.11395,-23.27138],[-51.11379,-23.27165],[-51.11365,-23.27172],[-51.1135,-23.27189],[-51.11342,-23.27205],[-51.11319,-23.27224],[-51.11287,-23.27244],[-51.11274,-23.2726],[-51.11263,-23.27277],[-51.11216,-23.27304],[-51.1121,-23.27317],[-51.11224,-23.27333],[-51.11228,-23.27343],[-51.11202,-23.27361],[-51.1119,-23.27358],[-51.11168,-23.27357],[-51.11132,-23.27375],[-51.11111,-23.27374],[-51.11097,-23.2739],[-51.11076,-23.27394],[-51.11051,-23.27393],[-51.11035,-23.27397],[-51.11011,-23.27411],[-51.10995,-23.27423],[-51.10987,-23.27459],[-51.10987,-23.27473],[-51.10963,-23.27505],[-51.10908,-23.27539],[-51.10826,-23.27575],[-51.10797,-23.27594],[-51.10762,-23.276],[-51.10738,-23.27606],[-51.10723,-23.27621],[-51.10691,-23.27625],[-51.10663,-23.2762],[-51.10629,-23.27639],[-51.10619,-23.27662],[-51.10619,-23.27688],[-51.10598,-23.27694],[-51.10574,-23.27729],[-51.10548,-23.27752],[-51.10547,-23.27769],[-51.10536,-23.27789],[-51.10531,-23.27809],[-51.10536,-23.27833],[-51.10524,-23.27854],[-51.10528,-23.27875],[-51.10518,-23.27895],[-51.1035,-23.27829],[-51.10043,-23.27736],[-51.09699,-23.27616],[-51.09653,-23.27986],[-51.09632,-23.2815],[-51.09632,-23.2815],[-51.09615,-23.28283],[-51.09608,-23.28346],[-51.09606,-23.28356],[-51.09606,-23.28357],[-51.09606,-23.28357],[-51.09606,-23.28359],[-51.09606,-23.28361],[-51.09604,-23.28376],[-51.09601,-23.28402],[-51.09503,-23.29267],[-51.09502,-23.29276],[-51.09518,-23.29275],[-51.09905,-23.29298],[-51.10153,-23.29311],[-51.10301,-23.29316],[-51.10762,-23.2934],[-51.10941,-23.29354],[-51.1096,-23.29355],[-51.10967,-23.29355],[-51.10985,-23.29356],[-51.10998,-23.29357],[-51.11229,-23.29367],[-51.11329,-23.29371],[-51.11397,-23.29366],[-51.11494,-23.29357],[-51.11582,-23.29346],[-51.11767,-23.29328],[-51.11835,-23.29319],[-51.11867,-23.29315]]]}},{"type":"Feature","properties":{"code":"4113700032","name":"Esperança"},"geometry":{"type":"Polygon","coordinates":[[[-51.21314,-23.35591],[-51.21341,-23.3558],[-51.2139,-23.35559],[-51.21427,-23.3555],[-51.21462,-23.35546],[-51.21487,-23.35536],[-51.21515,-23.35509],[-51.21534,-23.35509],[-51.21583,-23.35522],[-51.2163,-23.35523],[-51.21692,-23.35523],[-51.21706,-23.35526],[-51.21718,-23.35549],[-51.21752,-23.35567],[-51.2178,-23.35558],[-51.21801,-23.35542],[-51.21814,-23.35525],[-51.21837,-23.35512],[-51.21854,-23.35496],[-51.21861,-23.35464],[-51.2188,-23.35446],[-51.21907,-23.35441],[-51.21951,-23.3544],[-51.21982,-23.35448],[-51.22008,-23.35457],[-51.22047,-23.35454],[-51.2208,-23.35458],[-51.22088,-23.35455],[-51.22091,-23.3543],[-51.22096,-23.35421],[-51.22103,-23.3542],[-51.22118,-23.35431],[-51.22129,-23.35435],[-51.22137,-23.3544],[-51.22161,-23.35433],[-51.22185,-23.35416],[-51.22218,-23.35382],[-51.22244,-23.35326],[-51.22256,-23.35242],[-51.22272,-23.35209],[-51.22316,-23.35141],[-51.22357,-23.35093],[-51.22371,-23.35037],[-51.22365,-23.34979],[-51.22394,-23.34941],[-51.22386,-23.34918],[-51.22364,-23.34914],[-51.22371,-23.34864],[-51.22388,-23.34862],[-51.22411,-23.34869],[-51.22419,-23.34876],[-51.22443,-23.34852],[-51.22436,-23.34839],[-51.22421,-23.34835],[-51.22423,-23.34827],[-51.22441,-23.34824],[-51.22443,-23.34808],[-51.22426,-23.34808],[-51.22417,-23.348],[-51.22418,-23.34785],[-51.22424,-23.34778],[-51.22441,-23.34779],[-51.22448,-23.34777],[-51.22452,-23.34758],[-51.22433,-23.3475],[-51.22427,-23.34753],[-51.22425,-23.34747],[-51.22436,-23.34727],[-51.22452,-23.34725],[-51.22457,-23.34721],[-51.22456,-23.34705],[-51.22443,-23.3471],[-51.22421,-23.34705],[-51.22418,-23.34698],[-51.22416,-23.34677],[-51.22407,-23.34659],[-51.22398,-23.34653],[-51.22379,-23.34647],[-51.22366,-23.3464],[-51.22365,-23.34631],[-51.22359,-23.34594],[-51.22355,-23.34575],[-51.22349,-23.34559],[-51.22343,-23.34552],[-51.22346,-23.34525],[-51.22366,-23.34508],[-51.22387,-23.34481],[-51.22382,-23.34469],[-51.22358,-23.34475],[-51.22356,-23.34464],[-51.22378,-23.34454],[-51.22377,-23.34445],[-51.2237,-23.34431],[-51.22356,-23.34424],[-51.22343,-23.34408],[-51.22346,-23.34392],[-51.22357,-23.34389],[-51.22378,-23.34392],[-51.22389,-23.34387],[-51.22392,-23.34376],[-51.22385,-23.34369],[-51.22378,-23.34364],[-51.22378,-23.34356],[-51.22385,-23.34354],[-51.22388,-23.34346],[-51.22383,-23.34334],[-51.2237,-23.34323],[-51.22344,-23.34281],[-51.22323,-23.34242],[-51.22306,-23.34232],[-51.22285,-23.34218],[-51.22271,-23.34212],[-51.22259,-23.34196],[-51.22242,-23.34184],[-51.22228,-23.34168],[-51.22221,-23.34164],[-51.22193,-23.3416],[-51.22197,-23.34144],[-51.22196,-23.3413],[-51.22196,-23.34114],[-51.22199,-23.34098],[-51.22137,-23.34085],[-51.21911,-23.34016],[-51.21688,-23.33842],[-51.21657,-23.33847],[-51.21643,-23.33839],[-51.21635,-23.33826],[-51.21633,-23.33809],[-51.21636,-23.33797],[-51.21449,-23.33642],[-51.21423,-23.33624],[-51.21387,-23.33606],[-51.21348,-23.33593],[-51.21319,-23.33588],[-51.21296,-23.33587],[-51.21276,-23.33584],[-51.21262,-23.33576],[-51.21251,-23.33563],[-51.2124,-23.33576],[-51.21204,-23.3358],[-51.21141,-23.33582],[-51.21111,-23.33579],[-51.21074,-23.33561],[-51.21067,-23.33581],[-51.2105,-23.336],[-51.21018,-23.33608],[-51.21011,-23.33638],[-51.20969,-23.3367],[-51.20932,-23.33749],[-51.20824,-23.33836],[-51.20801,-23.33875],[-51.20767,-23.33895],[-51.20721,-23.33986],[-51.2069,-23.34049],[-51.20628,-23.34076],[-51.20574,-23.3407],[-51.20551,-23.34083],[-51.20503,-23.3411],[-51.20451,-23.34202],[-51.2043,-23.34227],[-51.20315,-23.34281],[-51.20251,-23.34328],[-51.20192,-23.34348],[-51.20154,-23.34351],[-51.20117,-23.34372],[-51.20081,-23.3438],[-51.20063,-23.3438],[-51.20044,-23.34387],[-51.2003,-23.34383],[-51.2001,-23.34394],[-51.19986,-23.34398],[-51.19938,-23.34414],[-51.19859,-23.34421],[-51.19795,-23.3443],[-51.19763,-23.34445],[-51.19767,-23.34471],[-51.19759,-23.34488],[-51.19759,-23.34512],[-51.19728,-23.34561],[-51.19685,-23.34608],[-51.1962,-23.34725],[-51.19618,-23.34744],[-51.19632,-23.34755],[-51.1964,-23.34774],[-51.19638,-23.34829],[-51.19582,-23.34862],[-51.1956,-23.34866],[-51.19548,-23.34868],[-51.19535,-23.34884],[-51.19457,-23.34943],[-51.19378,-23.34979],[-51.19368,-23.3499],[-51.19312,-23.35023],[-51.19261,-23.35058],[-51.19253,-23.3507],[-51.19235,-23.35118],[-51.1923,-23.35139],[-51.19203,-23.35155],[-51.1919,-23.35282],[-51.19177,-23.35285],[-51.19196,-23.35335],[-51.19211,-23.35371],[-51.19238,-23.35416],[-51.19273,-23.35458],[-51.19382,-23.3556],[-51.19548,-23.35713],[-51.19567,-23.35731],[-51.19592,-23.35759],[-51.19706,-23.35946],[-51.19831,-23.36121],[-51.19924,-23.36275],[-51.19996,-23.36348],[-51.20249,-23.36468],[-51.20323,-23.36509],[-51.20388,-23.3656],[-51.20427,-23.36591],[-51.2047,-23.36604],[-51.20562,-23.36591],[-51.20562,-23.3659],[-51.20562,-23.36569],[-51.20551,-23.3641],[-51.20542,-23.36307],[-51.20523,-23.35949],[-51.20517,-23.35668],[-51.20516,-23.35663],[-51.20541,-23.35658],[-51.20549,-23.35648],[-51.20563,-23.3565],[-51.20593,-23.35652],[-51.20601,-23.35643],[-51.20597,-23.35631],[-51.20587,-23.3562],[-51.20586,-23.35608],[-51.20593,-23.35596],[-51.20606,-23.35586],[-51.20612,-23.35592],[-51.20633,-23.3559],[-51.20666,-23.35603],[-51.20673,-23.356],[-51.20678,-23.35588],[-51.20681,-23.3558],[-51.20678,-23.35569],[-51.20671,-23.35568],[-51.20655,-23.35569],[-51.20628,-23.35562],[-51.20621,-23.35541],[-51.20629,-23.35532],[-51.20645,-23.35524],[-51.20661,-23.35514],[-51.20683,-23.35511],[-51.20695,-23.35509],[-51.20703,-23.35499],[-51.20708,-23.35477],[-51.20703,-23.35458],[-51.20707,-23.35448],[-51.20725,-23.35438],[-51.20758,-23.35431],[-51.20776,-23.35427],[-51.20781,-23.35422],[-51.20778,-23.35412],[-51.20772,-23.35407],[-51.20729,-23.35412],[-51.20715,-23.35402],[-51.20716,-23.35386],[-51.2073,-23.35379],[-51.20754,-23.3538],[-51.20785,-23.35366],[-51.20805,-23.35353],[-51.20808,-23.35341],[-51.20816,-23.35337],[-51.20846,-23.35339],[-51.20918,-23.35357],[-51.20955,-23.35364],[-51.20978,-23.35358],[-51.20998,-23.35344],[-51.21019,-23.35341],[-51.21027,-23.35346],[-51.21029,-23.3535],[-51.21023,-23.35357],[-51.21001,-23.35368],[-51.20995,-23.35387],[-51.21001,-23.35404],[-51.21022,-23.35425],[-51.21013,-23.35436],[-51.20995,-23.3543],[-51.2098,-23.35429],[-51.20967,-23.35434],[-51.20958,-23.35447],[-51.20956,-23.35459],[-51.20966,-23.35462],[-51.21009,-23.3546],[-51.21024,-23.35469],[-51.21038,-23.3547],[-51.21057,-23.35482],[-51.21061,-23.35497],[-51.21053,-23.35505],[-51.21036,-23.3551],[-51.21027,-23.35523],[-51.2103,-23.35543],[-51.21046,-23.3555],[-51.21067,-23.35548],[-51.211,-23.35537],[-51.21123,-23.35537],[-51.21124,-23.35551],[-51.21118,-23.3558],[-51.21121,-23.35618],[-51.21135,-23.35631],[-51.21183,-23.35631],[-51.2121,-23.35623],[-51.21271,-23.35604],[-51.21314,-23.35591]]]}},{"type":"Feature","properties":{"code":"4113700031","name":"Palhano"},"geometry":{"type":"Polygon","coordinates":[[[-51.18202,-23.32142],[-51.18188,-23.32178],[-51.18194,-23.3221],[-51.18185,-23.32238],[-51.18157,-23.32278],[-51.18122,-23.32322],[-51.18088,-23.32365],[-51.18072,-23.32415],[-51.18051,-23.32448],[-51.18015,-23.32461],[-51.1798,-23.32469],[-51.17961,-23.32469],[-51.17923,-23.32479],[-51.1789,-23.32482],[-51.17846,-23.32489],[-51.17816,-23.32503],[-51.1779,-23.32516],[-51.17751,-23.32544],[-51.17706,-23.32574],[-51.17717,-23.32592],[-51.17725,-23.32606],[-51.17725,-23.3262],[-51.17733,-23.32859],[-51.17747,-23.33056],[-51.17747,-23.33074],[-51.17747,-23.3309],[-51.17747,-23.33156],[-51.17748,-23.33209],[-51.17748,-23.33237],[-51.17751,-23.33375],[-51.17752,-23.33392],[-51.17759,-23.33505],[-51.17759,-23.3355],[-51.17772,-23.33547],[-51.17797,-23.33545],[-51.17833,-23.33557],[-51.1788,-23.33568],[-51.18039,-23.33605],[-51.18126,-23.33625],[-51.18309,-23.33671],[-51.18339,-23.33678],[-51.18384,-23.33701],[-51.18394,-23.33705],[-51.18425,-23.33729],[-51.18455,-23.33759],[-51.18486,-23.33788],[-51.18555,-23.33854],[-51.18588,-23.33886],[-51.1862,-23.33914],[-51.18704,-23.33992],[-51.18793,-23.34082],[-51.18808,-23.34108],[-51.18813,-23.34125],[-51.18814,-23.3413],[-51.18847,-23.34304],[-51.18857,-23.34364],[-51.18858,-23.34375],[-51.18851,-23.34389],[-51.18847,-23.34391],[-51.18839,-23.34397],[-51.18834,-23.34405],[-51.18833,-23.34415],[-51.18836,-23.34426],[-51.18844,-23.34435],[-51.18851,-23.3444],[-51.18859,-23.34443],[-51.18905,-23.34488],[-51.18928,-23.3453],[-51.18938,-23.34548],[-51.18972,-23.34621],[-51.18979,-23.34646],[-51.1904,-23.34849],[-51.19068,-23.34933],[-51.19073,-23.34979],[-51.19069,-23.35013],[-51.1906,-23.35038],[-51.1907,-23.35053],[-51.19082,-23.35061],[-51.19094,-23.35068],[-51.19131,-23.35135],[-51.1917,-23.35265],[-51.19177,-23.35285],[-51.1919,-23.35282],[-51.19203,-23.35155],[-51.1923,-23.35139],[-51.19235,-23.35118],[-51.19253,-23.3507],[-51.19261,-23.35058],[-51.19312,-23.35023],[-51.19368,-23.3499],[-51.19378,-23.34979],[-51.19457,-23.34943],[-51.19535,-23.34884],[-51.19548,-23.34868],[-51.1956,-23.34866],[-51.19556,-23.3477],[-51.19541,-23.34713],[-51.1953,-23.34612],[-51.19528,-23.34543],[-51.19537,-23.34525],[-51.19537,-23.3449],[-51.19529,-23.34435],[-51.1952,-23.34424],[-51.19518,-23.3434],[-51.19531,-23.34268],[-51.19526,-23.34234],[-51.19499,-23.3422],[-51.19496,-23.34171],[-51.19483,-23.34046],[-51.19482,-23.33828],[-51.19476,-23.33594],[-51.19462,-23.33465],[-51.19447,-23.33332],[-51.19442,-23.33222],[-51.19451,-23.33197],[-51.19457,-23.33172],[-51.19444,-23.33008],[-51.19444,-23.32993],[-51.19421,-23.32986],[-51.19417,-23.32895],[-51.19413,-23.32875],[-51.19409,-23.32807],[-51.19396,-23.3264],[-51.19393,-23.32534],[-51.19387,-23.32425],[-51.19383,-23.32413],[-51.19375,-23.324],[-51.19367,-23.32385],[-51.19367,-23.32372],[-51.19369,-23.3236],[-51.19369,-23.32343],[-51.19407,-23.32324],[-51.19411,-23.32305],[-51.1941,-23.3227],[-51.19404,-23.32202],[-51.19403,-23.32132],[-51.19401,-23.32116],[-51.19395,-23.32105],[-51.19398,-23.32086],[-51.19397,-23.32063],[-51.19392,-23.31987],[-51.19388,-23.31931],[-51.19392,-23.31919],[-51.194,-23.31912],[-51.19411,-23.31902],[-51.19403,-23.31886],[-51.19393,-23.31874],[-51.1941,-23.31847],[-51.19376,-23.3183],[-51.19334,-23.31815],[-51.19277,-23.31787],[-51.1923,-23.3175],[-51.19212,-23.31729],[-51.19172,-23.31696],[-51.19145,-23.31682],[-51.19127,-23.31669],[-51.19103,-23.31663],[-51.19078,-23.31664],[-51.19013,-23.31649],[-51.18969,-23.31632],[-51.18955,-23.3165],[-51.1894,-23.3165],[-51.18907,-23.31641],[-51.18845,-23.31646],[-51.18766,-23.31649],[-51.1872,-23.31671],[-51.18665,-23.31741],[-51.1865,-23.3176],[-51.18621,-23.31799],[-51.18595,-23.31816],[-51.18551,-23.31847],[-51.1846,-23.31922],[-51.18397,-23.31975],[-51.18334,-23.32027],[-51.18255,-23.32081],[-51.18211,-23.32119],[-51.18202,-23.32142]]]}},{"type":"Feature","properties":{"code":"4113700004","name":"Vila Recreio"},"geometry":{"type":"Polygon","coordinates":[[[-51.15764,-23.30783],[-51.16019,-23.30784],[-51.16077,-23.30785],[-51.16144,-23.30786],[-51.16232,-23.30787],[-51.16252,-23.30785],[-51.16263,-23.30782],[-51.1627,-23.3078],[-51.16275,-23.30773],[-51.16297,-23.30757],[-51.16315,-23.30741],[-51.16327,-23.30725],[-51.16339,-23.30709],[-51.16352,-23.30689],[-51.16367,-23.30663],[-51.16339,-23.30664],[-51.16364,-23.30608],[-51.16386,-23.30555],[-51.16281,-23.30559],[-51.16143,-23.30554],[-51.16145,-23.30444],[-51.16145,-23.30334],[-51.16146,-23.30228],[-51.16145,-23.3012],[-51.16145,-23.30013],[-51.16146,-23.29917],[-51.16146,-23.29822],[-51.16145,-23.29727],[-51.16144,-23.29633],[-51.16149,-23.29541],[-51.16146,-23.29446],[-51.16147,-23.29311],[-51.16147,-23.29289],[-51.16088,-23.29289],[-51.15934,-23.29289],[-51.15889,-23.29288],[-51.15744,-23.2929],[-51.15527,-23.2929],[-51.15497,-23.2929],[-51.15457,-23.29291],[-51.15452,-23.29302],[-51.15449,-23.29313],[-51.15432,-23.29381],[-51.15407,-23.29441],[-51.15388,-23.29485],[-51.15388,-23.29553],[-51.15389,-23.2966],[-51.15389,-23.2977],[-51.15388,-23.29832],[-51.15388,-23.29963],[-51.15393,-23.29995],[-51.15439,-23.30072],[-51.15449,-23.30087],[-51.15488,-23.30152],[-51.15501,-23.3017],[-51.15508,-23.30183],[-51.15511,-23.30194],[-51.15511,-23.30203],[-51.1551,-23.30242],[-51.15509,-23.30274],[-51.15511,-23.30333],[-51.15512,-23.30444],[-51.15512,-23.30551],[-51.15511,-23.30661],[-51.15507,-23.30769],[-51.15506,-23.30807],[-51.15509,-23.30825],[-51.15538,-23.30809],[-51.15566,-23.30795],[-51.1559,-23.30786],[-51.15636,-23.30785],[-51.15764,-23.30783]]]}},{"type":"Feature","properties":{"code":"4113700044","name":"Ernani"},"geometry":{"type":"Polygon","coordinates":[[[-51.11229,-23.33437],[-51.11334,-23.33419],[-51.11407,-23.33414],[-51.11459,-23.33415],[-51.11531,-23.33403],[-51.11593,-23.33387],[-51.11614,-23.3337],[-51.11687,-23.33334],[-51.1178,-23.33262],[-51.11807,-23.33248],[-51.1185,-23.33242],[-51.11901,-23.33246],[-51.11937,-23.3323],[-51.11937,-23.33173],[-51.11929,-23.33152],[-51.11905,-23.33097],[-51.1188,-23.33042],[-51.11852,-23.32989],[-51.11824,-23.32935],[-51.11794,-23.32868],[-51.11745,-23.32885],[-51.11718,-23.32874],[-51.11701,-23.32826],[-51.1164,-23.32682],[-51.1163,-23.3265],[-51.11634,-23.32615],[-51.1167,-23.32551],[-51.11677,-23.32534],[-51.11657,-23.32531],[-51.11667,-23.32515],[-51.11687,-23.32461],[-51.11706,-23.32421],[-51.11674,-23.32418],[-51.1164,-23.3242],[-51.11605,-23.3243],[-51.11576,-23.32394],[-51.11543,-23.32358],[-51.11495,-23.323],[-51.11453,-23.32252],[-51.11412,-23.32204],[-51.1132,-23.32097],[-51.1126,-23.3203],[-51.11215,-23.31974],[-51.1118,-23.32016],[-51.11149,-23.32055],[-51.11116,-23.32094],[-51.11081,-23.32133],[-51.11049,-23.32174],[-51.11011,-23.32219],[-51.10979,-23.32256],[-51.10902,-23.32351],[-51.10873,-23.32386],[-51.10834,-23.32439],[-51.10804,-23.32476],[-51.10657,-23.32643],[-51.10533,-23.32792],[-51.10489,-23.32855],[-51.10416,-23.32937],[-51.10414,-23.32945],[-51.10409,-23.32964],[-51.10406,-23.32972],[-51.10384,-23.33041],[-51.10353,-23.33129],[-51.10339,-23.33171],[-51.10336,-23.33184],[-51.10336,-23.33191],[-51.10338,-23.33198],[-51.10379,-23.33211],[-51.10402,-23.33218],[-51.10459,-23.33128],[-51.10462,-23.33133],[-51.10566,-23.33096],[-51.10631,-23.33064],[-51.10683,-23.32996],[-51.10725,-23.33025],[-51.10743,-23.33043],[-51.10715,-23.33063],[-51.10658,-23.3309],[-51.10596,-23.33128],[-51.10558,-23.33158],[-51.10554,-23.33176],[-51.10556,-23.33214],[-51.10548,-23.33252],[-51.10549,-23.33292],[-51.10549,-23.33293],[-51.10521,-23.33371],[-51.10622,-23.33367],[-51.10645,-23.33374],[-51.10698,-23.33399],[-51.10788,-23.33419],[-51.10953,-23.33466],[-51.10953,-23.33466],[-51.11056,-23.33461],[-51.11108,-23.33459],[-51.11229,-23.33437]]]}},{"type":"Feature","properties":{"code":"4113700025","name":"Jamaica"},"geometry":{"type":"Polygon","coordinates":[[[-51.19567,-23.31944],[-51.19587,-23.31947],[-51.19602,-23.31945],[-51.19611,-23.31937],[-51.19632,-23.31936],[-51.19649,-23.31926],[-51.19661,-23.31922],[-51.19694,-23.31921],[-51.19715,-23.31923],[-51.19734,-23.31926],[-51.1975,-23.31926],[-51.1978,-23.31923],[-51.19799,-23.31918],[-51.19832,-23.31918],[-51.19948,-23.3191],[-51.1998,-23.31882],[-51.20008,-23.31867],[-51.20034,-23.31853],[-51.20087,-23.31829],[-51.20124,-23.31808],[-51.20165,-23.31789],[-51.20204,-23.31786],[-51.20225,-23.31766],[-51.20221,-23.31729],[-51.20227,-23.31671],[-51.20224,-23.31643],[-51.20241,-23.3159],[-51.20284,-23.31505],[-51.20363,-23.31406],[-51.20401,-23.3139],[-51.20428,-23.31366],[-51.20451,-23.31352],[-51.20463,-23.31352],[-51.20498,-23.31321],[-51.20513,-23.31302],[-51.20537,-23.31265],[-51.2056,-23.31242],[-51.20581,-23.31213],[-51.20594,-23.31204],[-51.20606,-23.31192],[-51.2057,-23.3116],[-51.20553,-23.31146],[-51.20511,-23.31105],[-51.20412,-23.3101],[-51.20405,-23.31003],[-51.20361,-23.30962],[-51.20315,-23.3092],[-51.20258,-23.30868],[-51.20214,-23.30827],[-51.20141,-23.30761],[-51.20099,-23.3072],[-51.20053,-23.30678],[-51.2001,-23.30635],[-51.19964,-23.30593],[-51.19921,-23.30551],[-51.1991,-23.3054],[-51.19875,-23.30509],[-51.1983,-23.30468],[-51.19785,-23.30426],[-51.19762,-23.30404],[-51.19742,-23.30385],[-51.19722,-23.30365],[-51.19697,-23.30342],[-51.19652,-23.30302],[-51.19554,-23.30211],[-51.19518,-23.30177],[-51.19502,-23.30162],[-51.19494,-23.30174],[-51.19432,-23.30185],[-51.19437,-23.30238],[-51.19438,-23.3026],[-51.1942,-23.30259],[-51.19411,-23.30257],[-51.19401,-23.30258],[-51.1939,-23.30266],[-51.19382,-23.30273],[-51.1936,-23.30304],[-51.19334,-23.30344],[-51.19353,-23.30367],[-51.1935,-23.30394],[-51.19325,-23.30437],[-51.19319,-23.30445],[-51.19303,-23.30482],[-51.19304,-23.30504],[-51.1929,-23.30567],[-51.19277,-23.30593],[-51.19274,-23.30625],[-51.19279,-23.30654],[-51.19283,-23.30719],[-51.1926,-23.30759],[-51.1925,-23.30786],[-51.19224,-23.30804],[-51.19201,-23.30839],[-51.19193,-23.30875],[-51.19166,-23.30925],[-51.19159,-23.30948],[-51.19152,-23.30957],[-51.19139,-23.30996],[-51.19116,-23.31038],[-51.19097,-23.31077],[-51.19101,-23.31098],[-51.19121,-23.31126],[-51.19122,-23.31155],[-51.19111,-23.31239],[-51.19082,-23.31317],[-51.19064,-23.3139],[-51.1904,-23.31422],[-51.19011,-23.31515],[-51.18986,-23.31589],[-51.18969,-23.31624],[-51.18969,-23.31632],[-51.19013,-23.31649],[-51.19078,-23.31664],[-51.19103,-23.31663],[-51.19127,-23.31669],[-51.19145,-23.31682],[-51.19172,-23.31696],[-51.19212,-23.31729],[-51.1923,-23.3175],[-51.19277,-23.31787],[-51.19334,-23.31815],[-51.19376,-23.3183],[-51.1941,-23.31847],[-51.19393,-23.31874],[-51.19403,-23.31886],[-51.19411,-23.31902],[-51.19441,-23.31923],[-51.19483,-23.3195],[-51.19536,-23.3198],[-51.19567,-23.31944]]]}},{"type":"Feature","properties":{"code":"4113700037","name":"Interlagos"},"geometry":{"type":"Polygon","coordinates":[[[-51.13727,-23.31631],[-51.13782,-23.31625],[-51.13945,-23.31597],[-51.13963,-23.31591],[-51.13959,-23.31552],[-51.14064,-23.31534],[-51.14103,-23.31528],[-51.14152,-23.3152],[-51.14218,-23.31509],[-51.14261,-23.31502],[-51.14263,-23.3138],[-51.1426,-23.31319],[-51.14253,-23.31222],[-51.14249,-23.31203],[-51.14184,-23.31218],[-51.14127,-23.31227],[-51.14018,-23.31247],[-51.14015,-23.31233],[-51.14003,-23.3121],[-51.13983,-23.31191],[-51.13965,-23.31188],[-51.13951,-23.31165],[-51.13936,-23.31161],[-51.13928,-23.31155],[-51.1392,-23.31123],[-51.13938,-23.31092],[-51.13958,-23.31065],[-51.13983,-23.31022],[-51.14011,-23.30987],[-51.14048,-23.3095],[-51.14084,-23.30929],[-51.14121,-23.30914],[-51.14144,-23.30889],[-51.14139,-23.3086],[-51.14122,-23.30841],[-51.14109,-23.30837],[-51.14098,-23.30805],[-51.14093,-23.30767],[-51.14076,-23.30741],[-51.14069,-23.30702],[-51.14053,-23.30666],[-51.14045,-23.30623],[-51.14026,-23.30585],[-51.14017,-23.30545],[-51.14001,-23.30522],[-51.13985,-23.30509],[-51.1395,-23.30506],[-51.13924,-23.30509],[-51.13912,-23.30511],[-51.13897,-23.30499],[-51.13875,-23.30481],[-51.13842,-23.30468],[-51.13854,-23.30427],[-51.13842,-23.30414],[-51.13826,-23.30402],[-51.13838,-23.3038],[-51.13806,-23.30379],[-51.13773,-23.30366],[-51.13737,-23.30361],[-51.13706,-23.30359],[-51.13697,-23.30358],[-51.13679,-23.30357],[-51.13678,-23.30363],[-51.13585,-23.30363],[-51.13562,-23.30341],[-51.13554,-23.30338],[-51.13525,-23.30329],[-51.13523,-23.30328],[-51.13521,-23.30328],[-51.13504,-23.30335],[-51.135,-23.30355],[-51.13435,-23.30364],[-51.13417,-23.30374],[-51.13424,-23.30382],[-51.1343,-23.30387],[-51.13372,-23.30386],[-51.13339,-23.30387],[-51.13321,-23.30397],[-51.1326,-23.30445],[-51.13232,-23.30445],[-51.13232,-23.30468],[-51.13227,-23.3049],[-51.13218,-23.30517],[-51.13218,-23.30554],[-51.13207,-23.30554],[-51.13202,-23.30576],[-51.13217,-23.30585],[-51.13216,-23.30635],[-51.13193,-23.30651],[-51.13157,-23.30629],[-51.1315,-23.30632],[-51.13144,-23.30651],[-51.13139,-23.30654],[-51.13134,-23.30653],[-51.1313,-23.30651],[-51.13125,-23.30648],[-51.13126,-23.3064],[-51.13131,-23.30622],[-51.13151,-23.30593],[-51.13163,-23.30584],[-51.13176,-23.30573],[-51.13187,-23.30554],[-51.13195,-23.30524],[-51.132,-23.30428],[-51.13201,-23.30408],[-51.13207,-23.30426],[-51.13216,-23.30438],[-51.13227,-23.30443],[-51.13231,-23.30439],[-51.13241,-23.30431],[-51.13243,-23.30416],[-51.13242,-23.304],[-51.13261,-23.30372],[-51.13274,-23.30358],[-51.13294,-23.30334],[-51.13308,-23.3033],[-51.133,-23.30328],[-51.1329,-23.30321],[-51.13275,-23.30305],[-51.13257,-23.30287],[-51.13249,-23.30269],[-51.13234,-23.30251],[-51.13211,-23.30234],[-51.1317,-23.30222],[-51.13129,-23.302],[-51.13095,-23.3017],[-51.13069,-23.30157],[-51.13053,-23.30156],[-51.13034,-23.30146],[-51.13015,-23.30125],[-51.13002,-23.30118],[-51.12988,-23.30116],[-51.12975,-23.30107],[-51.12966,-23.30101],[-51.1296,-23.30096],[-51.12953,-23.3009],[-51.12925,-23.30069],[-51.12904,-23.3006],[-51.12897,-23.30044],[-51.12884,-23.30034],[-51.12868,-23.30026],[-51.12847,-23.30012],[-51.12826,-23.29989],[-51.12762,-23.29943],[-51.12718,-23.29895],[-51.12684,-23.29867],[-51.12671,-23.29853],[-51.12666,-23.29848],[-51.12634,-23.29828],[-51.12615,-23.29825],[-51.12609,-23.29843],[-51.12595,-23.29854],[-51.12582,-23.29855],[-51.12562,-23.29847],[-51.12541,-23.29846],[-51.12513,-23.29856],[-51.12504,-23.29855],[-51.12493,-23.29845],[-51.12479,-23.29842],[-51.12448,-23.29829],[-51.12399,-23.2983],[-51.1237,-23.2982],[-51.12397,-23.29841],[-51.12404,-23.29861],[-51.12402,-23.29887],[-51.12402,-23.29903],[-51.12402,-23.29932],[-51.12403,-23.29979],[-51.12398,-23.30007],[-51.124,-23.30033],[-51.12408,-23.30038],[-51.12425,-23.30041],[-51.12435,-23.30044],[-51.12469,-23.30043],[-51.12477,-23.30049],[-51.12484,-23.30061],[-51.12482,-23.30078],[-51.12479,-23.301],[-51.12474,-23.30112],[-51.12478,-23.30126],[-51.12473,-23.30158],[-51.12486,-23.3018],[-51.12489,-23.30214],[-51.12512,-23.30243],[-51.12529,-23.30311],[-51.12552,-23.30339],[-51.12587,-23.30387],[-51.126,-23.3042],[-51.126,-23.30453],[-51.12607,-23.30472],[-51.12649,-23.305],[-51.12686,-23.30503],[-51.12705,-23.30513],[-51.1272,-23.30514],[-51.12734,-23.30522],[-51.12749,-23.30558],[-51.12777,-23.30582],[-51.12781,-23.30618],[-51.1282,-23.30619],[-51.12838,-23.30619],[-51.12874,-23.30579],[-51.12919,-23.30602],[-51.12905,-23.30661],[-51.12898,-23.30698],[-51.12897,-23.30729],[-51.12902,-23.30768],[-51.12809,-23.30759],[-51.12774,-23.30758],[-51.12754,-23.30755],[-51.12714,-23.30758],[-51.1269,-23.30752],[-51.12665,-23.30747],[-51.12583,-23.30729],[-51.12521,-23.30708],[-51.11907,-23.30545],[-51.11851,-23.30773],[-51.11924,-23.30798],[-51.12065,-23.3084],[-51.12187,-23.3088],[-51.12286,-23.30905],[-51.12418,-23.30924],[-51.12438,-23.30935],[-51.12444,-23.30955],[-51.12468,-23.30966],[-51.12491,-23.30962],[-51.12678,-23.31033],[-51.12751,-23.31061],[-51.12828,-23.31071],[-51.12895,-23.31083],[-51.12918,-23.31093],[-51.12936,-23.31101],[-51.12951,-23.31108],[-51.12923,-23.3113],[-51.12875,-23.31156],[-51.12971,-23.31165],[-51.13029,-23.31174],[-51.13075,-23.31195],[-51.13116,-23.31225],[-51.13142,-23.31252],[-51.13171,-23.31289],[-51.13191,-23.31321],[-51.13254,-23.31416],[-51.13287,-23.31458],[-51.13334,-23.31525],[-51.13356,-23.31551],[-51.13387,-23.31582],[-51.13416,-23.31601],[-51.1346,-23.31623],[-51.13506,-23.31638],[-51.13541,-23.31646],[-51.13633,-23.31652],[-51.13668,-23.31647],[-51.13727,-23.31631]]]}},{"type":"Feature","properties":{"code":"4113700033","name":"Indústrias Leves"},"geometry":{"type":"Polygon","coordinates":[[[-51.13866,-23.29307],[-51.1388,-23.29306],[-51.14006,-23.29303],[-51.14143,-23.29302],[-51.14297,-23.29301],[-51.14483,-23.293],[-51.14542,-23.293],[-51.14552,-23.293],[-51.14569,-23.29302],[-51.1464,-23.29316],[-51.14663,-23.29318],[-51.14669,-23.29318],[-51.14674,-23.29318],[-51.14692,-23.29281],[-51.14781,-23.29096],[-51.14794,-23.29036],[-51.14793,-23.29036],[-51.14774,-23.29037],[-51.14706,-23.2905],[-51.14644,-23.29006],[-51.14592,-23.28928],[-51.1453,-23.28875],[-51.14479,-23.28832],[-51.14404,-23.28778],[-51.1436,-23.2875],[-51.1432,-23.28739],[-51.14307,-23.28722],[-51.14302,-23.28719],[-51.14291,-23.28714],[-51.14285,-23.28698],[-51.14267,-23.28689],[-51.14261,-23.28685],[-51.14257,-23.28682],[-51.14243,-23.28681],[-51.14249,-23.28618],[-51.14227,-23.28593],[-51.14195,-23.28572],[-51.14144,-23.28559],[-51.14108,-23.28534],[-51.14085,-23.28525],[-51.14061,-23.28524],[-51.14022,-23.28511],[-51.13987,-23.28487],[-51.13921,-23.28468],[-51.13889,-23.28451],[-51.13865,-23.28449],[-51.13865,-23.2838],[-51.13863,-23.28335],[-51.13863,-23.28265],[-51.13851,-23.2787],[-51.1385,-23.2784],[-51.13849,-23.27825],[-51.13848,-23.27811],[-51.13846,-23.2776],[-51.13848,-23.27738],[-51.13845,-23.27641],[-51.13844,-23.27613],[-51.1384,-23.2748],[-51.13829,-23.27178],[-51.13778,-23.27193],[-51.13749,-23.27212],[-51.13721,-23.27209],[-51.13618,-23.27285],[-51.13617,-23.27295],[-51.13613,-23.27298],[-51.13602,-23.27295],[-51.13596,-23.27301],[-51.13561,-23.273],[-51.13537,-23.27295],[-51.13518,-23.27298],[-51.13498,-23.27296],[-51.13476,-23.27291],[-51.13461,-23.27292],[-51.13412,-23.27286],[-51.13398,-23.27295],[-51.13375,-23.27294],[-51.13356,-23.27302],[-51.13328,-23.27325],[-51.13296,-23.27342],[-51.13277,-23.27357],[-51.13268,-23.27374],[-51.13267,-23.27388],[-51.13246,-23.27433],[-51.13247,-23.27459],[-51.13241,-23.27484],[-51.13232,-23.27486],[-51.13228,-23.27496],[-51.13145,-23.27624],[-51.13106,-23.27695],[-51.13034,-23.27737],[-51.13003,-23.2774],[-51.12924,-23.27826],[-51.129,-23.27873],[-51.12874,-23.27913],[-51.12848,-23.27958],[-51.12823,-23.28],[-51.12813,-23.28012],[-51.12817,-23.28016],[-51.12855,-23.28052],[-51.12915,-23.28109],[-51.1293,-23.28106],[-51.1292,-23.28137],[-51.12924,-23.28161],[-51.12941,-23.28173],[-51.12898,-23.28227],[-51.12869,-23.28266],[-51.12836,-23.28305],[-51.12798,-23.28353],[-51.12774,-23.28384],[-51.12763,-23.28395],[-51.12713,-23.28464],[-51.12673,-23.28515],[-51.1266,-23.28528],[-51.12651,-23.28556],[-51.12633,-23.28611],[-51.1263,-23.28625],[-51.12617,-23.28679],[-51.12602,-23.28733],[-51.12585,-23.28792],[-51.12576,-23.28827],[-51.12565,-23.28868],[-51.12469,-23.29234],[-51.12442,-23.29297],[-51.12442,-23.29321],[-51.12486,-23.29322],[-51.12609,-23.29318],[-51.13028,-23.29315],[-51.13317,-23.2931],[-51.13439,-23.29309],[-51.13451,-23.29309],[-51.1347,-23.29309],[-51.13592,-23.29308],[-51.13727,-23.29307],[-51.13866,-23.29307]]]}},{"type":"Feature","properties":{"code":"4113700036","name":"Fraternidade"},"geometry":{"type":"Polygon","coordinates":[[[-51.14325,-23.30359],[-51.14254,-23.30355],[-51.14194,-23.3035],[-51.14167,-23.30349],[-51.13908,-23.30336],[-51.13911,-23.30395],[-51.13912,-23.30511],[-51.13924,-23.30509],[-51.1395,-23.30506],[-51.13985,-23.30509],[-51.14001,-23.30522],[-51.14017,-23.30545],[-51.14026,-23.30585],[-51.14045,-23.30623],[-51.14053,-23.30666],[-51.14069,-23.30702],[-51.14076,-23.30741],[-51.14093,-23.30767],[-51.14098,-23.30805],[-51.14109,-23.30837],[-51.14122,-23.30841],[-51.14139,-23.3086],[-51.14144,-23.30889],[-51.14121,-23.30914],[-51.14084,-23.30929],[-51.14048,-23.3095],[-51.14011,-23.30987],[-51.13983,-23.31022],[-51.13958,-23.31065],[-51.13938,-23.31092],[-51.1392,-23.31123],[-51.13928,-23.31155],[-51.13936,-23.31161],[-51.13951,-23.31165],[-51.13965,-23.31188],[-51.13983,-23.31191],[-51.14003,-23.3121],[-51.14015,-23.31233],[-51.14018,-23.31247],[-51.14127,-23.31227],[-51.14184,-23.31218],[-51.14249,-23.31203],[-51.14253,-23.31222],[-51.1426,-23.31319],[-51.14263,-23.3138],[-51.14261,-23.31502],[-51.14262,-23.31528],[-51.14266,-23.31592],[-51.14391,-23.31567],[-51.1453,-23.31536],[-51.14676,-23.31503],[-51.14892,-23.31455],[-51.14943,-23.31455],[-51.1494,-23.31446],[-51.1491,-23.31358],[-51.14939,-23.31333],[-51.14962,-23.31305],[-51.14971,-23.31294],[-51.14935,-23.31184],[-51.14926,-23.31186],[-51.14916,-23.31186],[-51.14903,-23.31178],[-51.14888,-23.31163],[-51.14885,-23.31158],[-51.14882,-23.31154],[-51.14882,-23.31148],[-51.14881,-23.31144],[-51.14882,-23.31138],[-51.149,-23.31117],[-51.14899,-23.31099],[-51.14897,-23.31088],[-51.1489,-23.31061],[-51.14856,-23.30936],[-51.14833,-23.30855],[-51.14823,-23.30818],[-51.14819,-23.30806],[-51.14816,-23.30796],[-51.14814,-23.3079],[-51.14814,-23.30788],[-51.14814,-23.30788],[-51.14814,-23.30788],[-51.14814,-23.30788],[-51.14813,-23.30787],[-51.14813,-23.30784],[-51.14812,-23.30783],[-51.1475,-23.30569],[-51.14743,-23.30547],[-51.14733,-23.30526],[-51.14723,-23.30507],[-51.14712,-23.30489],[-51.14695,-23.30468],[-51.14674,-23.30449],[-51.14648,-23.30428],[-51.14631,-23.30411],[-51.14619,-23.304],[-51.14607,-23.30388],[-51.1459,-23.30392],[-51.14575,-23.30388],[-51.14562,-23.30381],[-51.14479,-23.30363],[-51.14412,-23.30362],[-51.14325,-23.30359]]]}},{"type":"Feature","properties":{"code":"4113700020","name":"Cidade Industrial I"},"geometry":{"type":"MultiPolygon","coordinates":[[[[-51.12813,-23.26208],[-51.12801,-23.26073],[-51.12801,-23.26025],[-51.12804,-23.25964],[-51.12797,-23.25904],[-51.12788,-23.25888],[-51.12798,-23.25809],[-51.12781,-23.25758],[-51.12776,-23.25584],[-51.1277,-23.25586],[-51.12744,-23.25586],[-51.12721,-23.25591],[-51.12702,-23.25601],[-51.12682,-23.25608],[-51.12645,-23.25625],[-51.1262,-23.25627],[-51.12576,-23.25641],[-51.12553,-23.25644],[-51.12518,-23.25662],[-51.12509,-23.25663],[-51.12471,-23.2567],[-51.12462,-23.25676],[-51.1245,-23.25674],[-51.12366,-23.25701],[-51.1231,-23.25727],[-51.12217,-23.25736],[-51.12214,-23.25791],[-51.12222,-23.26024],[-51.12195,-23.26373],[-51.12135,-23.26358],[-51.12078,-23.26348],[-51.11885,-23.26337],[-51.11826,-23.26342],[-51.11674,-23.26354],[-51.11529,-23.26398],[-51.11372,-23.26404],[-51.11301,-23.2642],[-51.11266,-23.26432],[-51.11208,-23.26477],[-51.11125,-23.26521],[-51.11034,-23.26559],[-51.10884,-23.26652],[-51.1072,-23.26777],[-51.10649,-23.26822],[-51.10557,-23.26871],[-51.10474,-23.26908],[-51.10353,-23.26949],[-51.10218,-23.26982],[-51.10159,-23.26986],[-51.10079,-23.2697],[-51.10045,-23.26953],[-51.0992,-23.26861],[-51.0987,-23.26834],[-51.0984,-23.26825],[-51.10043,-23.27736],[-51.1035,-23.27829],[-51.10518,-23.27895],[-51.10528,-23.27875],[-51.10524,-23.27854],[-51.10536,-23.27833],[-51.10531,-23.27809],[-51.10536,-23.27789],[-51.10547,-23.27769],[-51.10548,-23.27752],[-51.10574,-23.27729],[-51.10598,-23.27694],[-51.10619,-23.27688],[-51.10619,-23.27662],[-51.10629,-23.27639],[-51.10663,-23.2762],[-51.10691,-23.27625],[-51.10723,-23.27621],[-51.10738,-23.27606],[-51.10762,-23.276],[-51.10797,-23.27594],[-51.10826,-23.27575],[-51.10908,-23.27539],[-51.10963,-23.27505],[-51.10987,-23.27473],[-51.10987,-23.27459],[-51.10995,-23.27423],[-51.11011,-23.27411],[-51.11035,-23.27397],[-51.11051,-23.27393],[-51.11076,-23.27394],[-51.11097,-23.2739],[-51.11111,-23.27374],[-51.11132,-23.27375],[-51.11168,-23.27357],[-51.1119,-23.27358],[-51.11202,-23.27361],[-51.11228,-23.27343],[-51.11224,-23.27333],[-51.1121,-23.27317],[-51.11216,-23.27304],[-51.11263,-23.27277],[-51.11274,-23.2726],[-51.11287,-23.27244],[-51.11319,-23.27224],[-51.11342,-23.27205],[-51.1135,-23.27189],[-51.11365,-23.27172],[-51.11379,-23.27165],[-51.11395,-23.27138],[-51.11412,-23.2713],[-51.11462,-23.27126],[-51.115,-23.27137],[-51.11524,-23.27136],[-51.11631,-23.27085],[-51.11719,-23.27069],[-51.11815,-23.27043],[-51.1187,-23.2701],[-51.11908,-23.26999],[-51.11943,-23.26993],[-51.12014,-23.26991],[-51.12068,-23.27003],[-51.12106,-23.27021],[-51.12132,-23.27053],[-51.12168,-23.27082],[-51.12213,-23.27099],[-51.12285,-23.27118],[-51.12331,-23.27143],[-51.12378,-23.27148],[-51.1237,-23.27173],[-51.12371,-23.27211],[-51.12365,-23.2723],[-51.12373,-23.27247],[-51.12382,-23.27286],[-51.12373,-23.27321],[-51.12359,-23.27353],[-51.12332,-23.27377],[-51.12305,-23.27382],[-51.12294,-23.27391],[-51.1229,-23.27406],[-51.12246,-23.27418],[-51.12195,-23.27414],[-51.12172,-23.27451],[-51.12155,-23.2754],[-51.12152,-23.27588],[-51.12184,-23.27623],[-51.12202,-23.27635],[-51.12253,-23.27669],[-51.12339,-23.2763],[-51.12369,-23.27625],[-51.12437,-23.27593],[-51.12466,-23.27595],[-51.12491,-23.27607],[-51.12535,-23.27624],[-51.12587,-23.27616],[-51.12651,-23.27604],[-51.12694,-23.27599],[-51.1275,-23.27612],[-51.1278,-23.2763],[-51.12809,-23.27655],[-51.12849,-23.27697],[-51.12874,-23.27721],[-51.12914,-23.27748],[-51.12933,-23.27754],[-51.12962,-23.27756],[-51.13003,-23.2774],[-51.13034,-23.27737],[-51.13106,-23.27695],[-51.13145,-23.27624],[-51.13228,-23.27496],[-51.13232,-23.27486],[-51.13241,-23.27484],[-51.13247,-23.27459],[-51.13246,-23.27433],[-51.13267,-23.27388],[-51.13268,-23.27374],[-51.13277,-23.27357],[-51.13296,-23.27342],[-51.13328,-23.27325],[-51.13356,-23.27302],[-51.13375,-23.27294],[-51.13398,-23.27295],[-51.13412,-23.27286],[-51.13461,-23.27292],[-51.13476,-23.27291],[-51.13498,-23.27296],[-51.13518,-23.27298],[-51.13537,-23.27295],[-51.13561,-23.273],[-51.13596,-23.27301],[-51.13602,-23.27295],[-51.13613,-23.27298],[-51.13617,-23.27295],[-51.13618,-23.27285],[-51.13721,-23.27209],[-51.13749,-23.27212],[-51.13778,-23.27193],[-51.13829,-23.27178],[-51.13822,-23.27001],[-51.13822,-23.26872],[-51.13813,-23.26639],[-51.13808,-23.26529],[-51.13805,-23.26397],[-51.13803,-23.26286],[-51.13802,-23.26219],[-51.13802,-23.26212],[-51.13796,-23.26125],[-51.13787,-23.26109],[-51.13765,-23.26087],[-51.13764,-23.26069],[-51.13283,-23.26078],[-51.13215,-23.26086],[-51.13105,-23.26119],[-51.12994,-23.26173],[-51.12885,-23.26203],[-51.12836,-23.26206],[-51.12813,-23.26208]]],[[[-51.1029,-23.25535],[-51.10482,-23.25537],[-51.10638,-23.25537],[-51.10785,-23.25531],[-51.10923,-23.25531],[-51.11098,-23.25531],[-51.11176,-23.2553],[-51.1133,-23.2549],[-51.11471,-23.25451],[-51.11659,-23.25401],[-51.11976,-23.25311],[-51.12095,-23.25288],[-51.12191,-23.25278],[-51.12338,-23.25259],[-51.12383,-23.25253],[-51.1245,-23.25248],[-51.12529,-23.25236],[-51.12636,-23.25224],[-51.12682,-23.2522],[-51.12734,-23.25216],[-51.12823,-23.25184],[-51.12903,-23.25157],[-51.13063,-23.25129],[-51.13094,-23.25134],[-51.13145,-23.25136],[-51.13201,-23.2511],[-51.13258,-23.25093],[-51.13311,-23.25086],[-51.13323,-23.25086],[-51.13353,-23.25098],[-51.13389,-23.25113],[-51.13417,-23.25124],[-51.13452,-23.25133],[-51.13497,-23.25142],[-51.13543,-23.25141],[-51.13559,-23.25141],[-51.13558,-23.25021],[-51.13542,-23.25011],[-51.13553,-23.24977],[-51.13547,-23.2495],[-51.1354,-23.2492],[-51.13536,-23.24858],[-51.13521,-23.2477],[-51.13552,-23.2477],[-51.13547,-23.24579],[-51.13543,-23.24426],[-51.13543,-23.24396],[-51.1354,-23.24298],[-51.13538,-23.24221],[-51.13542,-23.24202],[-51.13531,-23.24215],[-51.13528,-23.24139],[-51.13577,-23.24132],[-51.13588,-23.24144],[-51.13645,-23.24137],[-51.13647,-23.24096],[-51.13644,-23.24088],[-51.13644,-23.2406],[-51.13651,-23.24055],[-51.13649,-23.24045],[-51.13648,-23.24021],[-51.13646,-23.24002],[-51.13641,-23.23989],[-51.13632,-23.23979],[-51.13622,-23.23976],[-51.13606,-23.23975],[-51.1359,-23.23968],[-51.13563,-23.23951],[-51.13541,-23.23941],[-51.13521,-23.23914],[-51.1352,-23.23908],[-51.13516,-23.23906],[-51.13509,-23.23901],[-51.13432,-23.2391],[-51.13375,-23.23963],[-51.13299,-23.2397],[-51.13301,-23.24017],[-51.13255,-23.23976],[-51.13232,-23.2393],[-51.13203,-23.23911],[-51.1318,-23.23903],[-51.13139,-23.23886],[-51.13109,-23.23882],[-51.13093,-23.23888],[-51.13077,-23.23888],[-51.13045,-23.23915],[-51.13038,-23.23932],[-51.13038,-23.23974],[-51.13045,-23.23993],[-51.13052,-23.2401],[-51.13054,-23.24029],[-51.13049,-23.24065],[-51.13022,-23.24086],[-51.12994,-23.24086],[-51.12958,-23.24081],[-51.12951,-23.24069],[-51.12926,-23.24054],[-51.12903,-23.24048],[-51.12878,-23.24044],[-51.12853,-23.24031],[-51.12832,-23.24006],[-51.12802,-23.23983],[-51.12747,-23.23941],[-51.12702,-23.23926],[-51.12644,-23.23922],[-51.12539,-23.23909],[-51.12484,-23.23871],[-51.12411,-23.23829],[-51.12319,-23.23829],[-51.12251,-23.23871],[-51.12205,-23.2393],[-51.12154,-23.2401],[-51.12072,-23.24073],[-51.11994,-23.24094],[-51.11916,-23.24094],[-51.11848,-23.24077],[-51.11779,-23.24039],[-51.11747,-23.23989],[-51.11688,-23.2393],[-51.11651,-23.23896],[-51.11591,-23.23871],[-51.11527,-23.23871],[-51.11413,-23.23884],[-51.11344,-23.239],[-51.11317,-23.23943],[-51.11266,-23.24001],[-51.11239,-23.24031],[-51.11189,-23.24056],[-51.11125,-23.24073],[-51.11019,-23.24073],[-51.10946,-23.24035],[-51.10849,-23.23982],[-51.1029,-23.25535]]]]}},{"type":"Feature","properties":{"code":"4113700007","name":"Higienópolis"},"geometry":{"type":"Polygon","coordinates":[[[-51.16737,-23.32949],[-51.16756,-23.32944],[-51.16762,-23.32944],[-51.16762,-23.32873],[-51.16762,-23.32787],[-51.16759,-23.327],[-51.16775,-23.32706],[-51.16861,-23.3271],[-51.16915,-23.3271],[-51.17046,-23.32711],[-51.17079,-23.32708],[-51.17101,-23.32703],[-51.17126,-23.32695],[-51.17141,-23.32688],[-51.17152,-23.32668],[-51.17164,-23.32648],[-51.17175,-23.32594],[-51.17177,-23.3239],[-51.17179,-23.32306],[-51.1718,-23.32201],[-51.17182,-23.32088],[-51.17047,-23.32085],[-51.17044,-23.31979],[-51.17048,-23.31902],[-51.1704,-23.3192],[-51.17029,-23.31937],[-51.17014,-23.31954],[-51.16999,-23.31966],[-51.16981,-23.31978],[-51.16967,-23.31985],[-51.1694,-23.31993],[-51.16915,-23.31997],[-51.16791,-23.31997],[-51.16757,-23.31998],[-51.16673,-23.31994],[-51.16655,-23.31996],[-51.16655,-23.32001],[-51.16642,-23.32006],[-51.16638,-23.32006],[-51.16628,-23.32006],[-51.16613,-23.32002],[-51.16595,-23.31997],[-51.16581,-23.31994],[-51.16553,-23.31993],[-51.16438,-23.31994],[-51.16273,-23.31995],[-51.16249,-23.31995],[-51.1626,-23.32003],[-51.16266,-23.32011],[-51.16267,-23.32021],[-51.16267,-23.32091],[-51.16269,-23.32111],[-51.16283,-23.32155],[-51.16282,-23.32159],[-51.16281,-23.32165],[-51.16283,-23.3217],[-51.16288,-23.32175],[-51.1629,-23.32176],[-51.16278,-23.32179],[-51.16269,-23.32183],[-51.16265,-23.32185],[-51.16265,-23.32303],[-51.16345,-23.32314],[-51.16346,-23.32314],[-51.1636,-23.32331],[-51.16363,-23.32341],[-51.16367,-23.32354],[-51.1637,-23.32371],[-51.16373,-23.32386],[-51.1638,-23.32418],[-51.16389,-23.32464],[-51.16396,-23.32507],[-51.16397,-23.32525],[-51.16401,-23.32553],[-51.16402,-23.32576],[-51.164,-23.3263],[-51.16397,-23.32688],[-51.16395,-23.32711],[-51.16394,-23.32726],[-51.16394,-23.32739],[-51.16394,-23.3276],[-51.16393,-23.32796],[-51.16393,-23.32835],[-51.16389,-23.32894],[-51.16382,-23.32982],[-51.16381,-23.32981],[-51.16386,-23.33018],[-51.1638,-23.33093],[-51.16422,-23.33071],[-51.16457,-23.33045],[-51.16497,-23.33012],[-51.16539,-23.32987],[-51.16593,-23.32972],[-51.16658,-23.32961],[-51.16703,-23.32963],[-51.16732,-23.3295],[-51.16737,-23.32949]]]}},{"type":"Feature","properties":{"code":"4113700040","name":"Antares"},"geometry":{"type":"Polygon","coordinates":[[[-51.12611,-23.32194],[-51.12612,-23.32258],[-51.12676,-23.32279],[-51.12776,-23.32311],[-51.12831,-23.32332],[-51.12879,-23.32347],[-51.12888,-23.3235],[-51.12952,-23.32369],[-51.12954,-23.32353],[-51.13017,-23.32198],[-51.13283,-23.32287],[-51.13315,-23.32298],[-51.1346,-23.32092],[-51.13448,-23.32078],[-51.13434,-23.32056],[-51.13399,-23.31989],[-51.13351,-23.31898],[-51.13357,-23.3172],[-51.13356,-23.31551],[-51.13334,-23.31525],[-51.13287,-23.31458],[-51.13254,-23.31416],[-51.13191,-23.31321],[-51.13171,-23.31289],[-51.13142,-23.31252],[-51.13116,-23.31225],[-51.13075,-23.31195],[-51.13029,-23.31174],[-51.12971,-23.31165],[-51.12875,-23.31156],[-51.12767,-23.31149],[-51.12604,-23.31139],[-51.12352,-23.31122],[-51.12148,-23.3111],[-51.12128,-23.31109],[-51.11999,-23.31099],[-51.11998,-23.31101],[-51.11982,-23.31114],[-51.11959,-23.31121],[-51.1194,-23.3112],[-51.1186,-23.31216],[-51.11728,-23.3137],[-51.11738,-23.31394],[-51.11737,-23.31409],[-51.11732,-23.31417],[-51.11717,-23.31428],[-51.11694,-23.31431],[-51.11681,-23.3143],[-51.11616,-23.31511],[-51.1158,-23.31552],[-51.1145,-23.31711],[-51.11332,-23.31849],[-51.11336,-23.31854],[-51.11339,-23.31865],[-51.11339,-23.31877],[-51.11336,-23.31887],[-51.11332,-23.31893],[-51.11322,-23.31899],[-51.11307,-23.31906],[-51.11293,-23.31908],[-51.11273,-23.31904],[-51.11215,-23.31974],[-51.1126,-23.3203],[-51.1132,-23.32097],[-51.11412,-23.32204],[-51.11453,-23.32252],[-51.11495,-23.323],[-51.11543,-23.32358],[-51.11576,-23.32394],[-51.11605,-23.3243],[-51.1164,-23.3242],[-51.11674,-23.32418],[-51.11706,-23.32421],[-51.11732,-23.32419],[-51.11823,-23.32438],[-51.11875,-23.32436],[-51.11916,-23.32438],[-51.11961,-23.32423],[-51.1198,-23.32413],[-51.12101,-23.32392],[-51.12151,-23.32394],[-51.12178,-23.32377],[-51.12206,-23.32366],[-51.12257,-23.3234],[-51.12294,-23.3232],[-51.12333,-23.32306],[-51.12374,-23.32297],[-51.12437,-23.32293],[-51.12481,-23.32284],[-51.12514,-23.32264],[-51.12545,-23.32239],[-51.12611,-23.32194]]]}},{"type":"Feature","properties":{"code":"4113700035","name":"Ideal"},"geometry":{"type":"Polygon","coordinates":[[[-51.13706,-23.30359],[-51.13737,-23.30361],[-51.13773,-23.30366],[-51.13806,-23.30379],[-51.13838,-23.3038],[-51.13826,-23.30402],[-51.13842,-23.30414],[-51.13854,-23.30427],[-51.13842,-23.30468],[-51.13875,-23.30481],[-51.13897,-23.30499],[-51.13912,-23.30511],[-51.13911,-23.30395],[-51.13908,-23.30336],[-51.14167,-23.30349],[-51.14194,-23.3035],[-51.14254,-23.30355],[-51.14325,-23.30359],[-51.14412,-23.30362],[-51.14479,-23.30363],[-51.14562,-23.30381],[-51.14575,-23.30388],[-51.1459,-23.30392],[-51.14607,-23.30388],[-51.14589,-23.30371],[-51.14569,-23.30345],[-51.14556,-23.3032],[-51.14545,-23.30299],[-51.14537,-23.30256],[-51.14537,-23.30245],[-51.14537,-23.30231],[-51.14535,-23.3019],[-51.1454,-23.30102],[-51.14544,-23.30021],[-51.14556,-23.30019],[-51.14566,-23.29934],[-51.14571,-23.29847],[-51.14574,-23.29803],[-51.14574,-23.29765],[-51.14578,-23.2971],[-51.1458,-23.29655],[-51.14585,-23.29614],[-51.14585,-23.29576],[-51.14595,-23.29514],[-51.14602,-23.29479],[-51.14609,-23.2945],[-51.14623,-23.29416],[-51.14642,-23.29381],[-51.14653,-23.2936],[-51.14654,-23.29358],[-51.14655,-23.29356],[-51.14655,-23.29356],[-51.14655,-23.29356],[-51.14655,-23.29356],[-51.14656,-23.29353],[-51.14662,-23.29342],[-51.14665,-23.29337],[-51.14674,-23.29318],[-51.14669,-23.29318],[-51.14663,-23.29318],[-51.1464,-23.29316],[-51.14569,-23.29302],[-51.14552,-23.293],[-51.14542,-23.293],[-51.14483,-23.293],[-51.14297,-23.29301],[-51.14143,-23.29302],[-51.14006,-23.29303],[-51.1388,-23.29306],[-51.13866,-23.29307],[-51.13727,-23.29307],[-51.13592,-23.29308],[-51.1347,-23.29309],[-51.13451,-23.29309],[-51.13439,-23.29309],[-51.13317,-23.2931],[-51.13028,-23.29315],[-51.12609,-23.29318],[-51.12486,-23.29322],[-51.12442,-23.29321],[-51.1236,-23.29632],[-51.12333,-23.29757],[-51.12351,-23.29758],[-51.12348,-23.29772],[-51.12359,-23.29797],[-51.1237,-23.2982],[-51.12399,-23.2983],[-51.12448,-23.29829],[-51.12479,-23.29842],[-51.12493,-23.29845],[-51.12504,-23.29855],[-51.12513,-23.29856],[-51.12541,-23.29846],[-51.12562,-23.29847],[-51.12582,-23.29855],[-51.12595,-23.29854],[-51.12609,-23.29843],[-51.12615,-23.29825],[-51.12634,-23.29828],[-51.12666,-23.29848],[-51.12671,-23.29853],[-51.12684,-23.29867],[-51.12718,-23.29895],[-51.12762,-23.29943],[-51.12826,-23.29989],[-51.12847,-23.30012],[-51.12868,-23.30026],[-51.12884,-23.30034],[-51.12897,-23.30044],[-51.12904,-23.3006],[-51.12925,-23.30069],[-51.12953,-23.3009],[-51.1296,-23.30096],[-51.12966,-23.30101],[-51.12975,-23.30107],[-51.12988,-23.30116],[-51.13002,-23.30118],[-51.13015,-23.30125],[-51.13034,-23.30146],[-51.13053,-23.30156],[-51.13069,-23.30157],[-51.13095,-23.3017],[-51.13129,-23.302],[-51.1317,-23.30222],[-51.13211,-23.30234],[-51.13234,-23.30251],[-51.13249,-23.30269],[-51.13257,-23.30287],[-51.13275,-23.30305],[-51.1329,-23.30321],[-51.133,-23.30328],[-51.13308,-23.3033],[-51.13294,-23.30334],[-51.13274,-23.30358],[-51.13261,-23.30372],[-51.13242,-23.304],[-51.13243,-23.30416],[-51.13241,-23.30431],[-51.13231,-23.30439],[-51.13227,-23.30443],[-51.13216,-23.30438],[-51.13207,-23.30426],[-51.13201,-23.30408],[-51.132,-23.30428],[-51.13195,-23.30524],[-51.13187,-23.30554],[-51.13176,-23.30573],[-51.13163,-23.30584],[-51.13151,-23.30593],[-51.13131,-23.30622],[-51.13126,-23.3064],[-51.13125,-23.30648],[-51.1313,-23.30651],[-51.13134,-23.30653],[-51.13139,-23.30654],[-51.13144,-23.30651],[-51.1315,-23.30632],[-51.13157,-23.30629],[-51.13193,-23.30651],[-51.13216,-23.30635],[-51.13217,-23.30585],[-51.13202,-23.30576],[-51.13207,-23.30554],[-51.13218,-23.30554],[-51.13218,-23.30517],[-51.13227,-23.3049],[-51.13232,-23.30468],[-51.13232,-23.30445],[-51.1326,-23.30445],[-51.13321,-23.30397],[-51.13339,-23.30387],[-51.13372,-23.30386],[-51.1343,-23.30387],[-51.13424,-23.30382],[-51.13417,-23.30374],[-51.13435,-23.30364],[-51.135,-23.30355],[-51.13504,-23.30335],[-51.13521,-23.30328],[-51.13523,-23.30328],[-51.13525,-23.30329],[-51.13554,-23.30338],[-51.13562,-23.30341],[-51.13585,-23.30363],[-51.13678,-23.30363],[-51.13679,-23.30357],[-51.13697,-23.30358],[-51.13706,-23.30359]]]}},{"type":"Feature","properties":{"code":"4113700045","name":"Califórnia"},"geometry":{"type":"Polygon","coordinates":[[[-51.12711,-23.34477],[-51.1272,-23.34468],[-51.12739,-23.34454],[-51.12921,-23.34384],[-51.12898,-23.34325],[-51.12946,-23.34234],[-51.12967,-23.34223],[-51.13028,-23.34201],[-51.13063,-23.34271],[-51.13044,-23.34308],[-51.13044,-23.34314],[-51.13045,-23.34329],[-51.13048,-23.34342],[-51.13056,-23.34356],[-51.13062,-23.34366],[-51.13074,-23.34374],[-51.13091,-23.34385],[-51.13116,-23.34394],[-51.13191,-23.34409],[-51.13267,-23.34413],[-51.13281,-23.34408],[-51.13292,-23.34404],[-51.1336,-23.34375],[-51.13383,-23.34365],[-51.13401,-23.34356],[-51.13401,-23.34309],[-51.13402,-23.34248],[-51.13424,-23.34207],[-51.13431,-23.34184],[-51.13436,-23.34167],[-51.13467,-23.34179],[-51.13484,-23.34189],[-51.13512,-23.34209],[-51.13527,-23.34236],[-51.13514,-23.3425],[-51.13488,-23.3429],[-51.13473,-23.34316],[-51.13475,-23.3434],[-51.13488,-23.34357],[-51.13529,-23.34378],[-51.13555,-23.34388],[-51.13581,-23.34397],[-51.13614,-23.34409],[-51.1367,-23.34425],[-51.13681,-23.34427],[-51.13696,-23.3443],[-51.13716,-23.34429],[-51.13731,-23.34427],[-51.13764,-23.34415],[-51.13792,-23.34406],[-51.13807,-23.34401],[-51.13835,-23.34385],[-51.13864,-23.34369],[-51.13876,-23.34359],[-51.13911,-23.34327],[-51.13946,-23.34292],[-51.13974,-23.34264],[-51.14009,-23.34229],[-51.14038,-23.34204],[-51.1406,-23.34185],[-51.14091,-23.34137],[-51.14118,-23.34095],[-51.14137,-23.34061],[-51.14156,-23.34037],[-51.14171,-23.34015],[-51.14188,-23.33995],[-51.14208,-23.33973],[-51.14221,-23.33956],[-51.14235,-23.33939],[-51.14252,-23.33923],[-51.14266,-23.33913],[-51.14296,-23.33888],[-51.14321,-23.33873],[-51.14338,-23.33866],[-51.14357,-23.33862],[-51.14417,-23.33841],[-51.14444,-23.33828],[-51.1446,-23.3383],[-51.14469,-23.33817],[-51.14488,-23.33801],[-51.14514,-23.33778],[-51.14523,-23.33776],[-51.14536,-23.33772],[-51.14544,-23.3377],[-51.14554,-23.33767],[-51.14561,-23.33765],[-51.14566,-23.33762],[-51.14566,-23.33761],[-51.14569,-23.33758],[-51.14609,-23.33656],[-51.14628,-23.33603],[-51.14638,-23.33555],[-51.14646,-23.33494],[-51.14647,-23.33452],[-51.14648,-23.33411],[-51.14644,-23.33384],[-51.1464,-23.33356],[-51.14634,-23.33319],[-51.1463,-23.33293],[-51.14625,-23.3326],[-51.14621,-23.33229],[-51.14617,-23.33204],[-51.14606,-23.33128],[-51.14591,-23.33021],[-51.14578,-23.32923],[-51.14582,-23.32851],[-51.14593,-23.32803],[-51.14605,-23.32767],[-51.14632,-23.32696],[-51.14635,-23.32689],[-51.14627,-23.32689],[-51.14576,-23.3269],[-51.14499,-23.32698],[-51.14457,-23.3275],[-51.14448,-23.32749],[-51.14448,-23.32769],[-51.14435,-23.32778],[-51.14266,-23.32982],[-51.14239,-23.33013],[-51.142,-23.33048],[-51.14174,-23.33065],[-51.14151,-23.33079],[-51.14108,-23.33098],[-51.1404,-23.33121],[-51.13996,-23.33137],[-51.1397,-23.33161],[-51.13934,-23.33222],[-51.13887,-23.33247],[-51.1383,-23.33266],[-51.13826,-23.33268],[-51.1375,-23.33294],[-51.13716,-23.33252],[-51.13694,-23.33243],[-51.13306,-23.33376],[-51.13029,-23.33468],[-51.12979,-23.33473],[-51.12772,-23.33541],[-51.12399,-23.33668],[-51.12343,-23.33687],[-51.12288,-23.33707],[-51.12247,-23.33745],[-51.12211,-23.33779],[-51.12171,-23.3381],[-51.12149,-23.33824],[-51.12123,-23.33842],[-51.12107,-23.33852],[-51.1209,-23.33859],[-51.12054,-23.33872],[-51.12016,-23.33886],[-51.12009,-23.33889],[-51.11981,-23.33899],[-51.11938,-23.33909],[-51.11881,-23.33927],[-51.11848,-23.33938],[-51.11826,-23.33945],[-51.11749,-23.33967],[-51.11681,-23.33991],[-51.11642,-23.34002],[-51.11578,-23.34024],[-51.11498,-23.34053],[-51.11441,-23.34067],[-51.1138,-23.34092],[-51.1134,-23.34106],[-51.11301,-23.34119],[-51.11285,-23.34114],[-51.11271,-23.34106],[-51.11228,-23.34054],[-51.11202,-23.34028],[-51.11096,-23.33953],[-51.11001,-23.33891],[-51.10973,-23.33878],[-51.10956,-23.3387],[-51.10913,-23.33862],[-51.10845,-23.33868],[-51.10776,-23.33861],[-51.10587,-23.33837],[-51.1055,-23.33841],[-51.10514,-23.33853],[-51.1047,-23.33873],[-51.1039,-23.33891],[-51.10366,-23.339],[-51.10374,-23.35208],[-51.10523,-23.35392],[-51.1078,-23.35586],[-51.10869,-23.35554],[-51.10929,-23.35541],[-51.10968,-23.35522],[-51.10993,-23.35529],[-51.11022,-23.35544],[-51.11053,-23.3554],[-51.111,-23.35491],[-51.11154,-23.3546],[-51.11217,-23.35413],[-51.11259,-23.35364],[-51.1127,-23.35323],[-51.11285,-23.35306],[-51.11312,-23.35308],[-51.1135,-23.35341],[-51.11374,-23.35331],[-51.11412,-23.35282],[-51.11484,-23.35303],[-51.11628,-23.35311],[-51.11673,-23.35339],[-51.11712,-23.35381],[-51.11738,-23.35395],[-51.11756,-23.3543],[-51.11746,-23.35455],[-51.11786,-23.35502],[-51.11816,-23.3552],[-51.11849,-23.35533],[-51.11871,-23.35526],[-51.11902,-23.35531],[-51.11939,-23.35546],[-51.1196,-23.35533],[-51.11965,-23.355],[-51.11976,-23.35491],[-51.12009,-23.35492],[-51.12029,-23.35483],[-51.12043,-23.35465],[-51.12057,-23.35466],[-51.12061,-23.35457],[-51.12085,-23.35453],[-51.12096,-23.35438],[-51.1209,-23.35416],[-51.1209,-23.35387],[-51.12059,-23.35334],[-51.12045,-23.35315],[-51.12045,-23.35297],[-51.12053,-23.3528],[-51.12067,-23.35266],[-51.12087,-23.35262],[-51.12108,-23.3523],[-51.1213,-23.35225],[-51.12155,-23.35213],[-51.12164,-23.35192],[-51.12172,-23.35185],[-51.12184,-23.35186],[-51.12192,-23.35176],[-51.12239,-23.35169],[-51.12277,-23.3515],[-51.12309,-23.35119],[-51.12334,-23.35109],[-51.12353,-23.35117],[-51.12429,-23.35119],[-51.12474,-23.35068],[-51.1251,-23.35063],[-51.12553,-23.35029],[-51.12559,-23.35],[-51.12592,-23.34973],[-51.12613,-23.34955],[-51.12662,-23.34928],[-51.1269,-23.3489],[-51.12737,-23.34891],[-51.12756,-23.34879],[-51.12773,-23.34847],[-51.12764,-23.34768],[-51.12786,-23.34727],[-51.12805,-23.34722],[-51.1272,-23.34504],[-51.12711,-23.34477]]]}},{"type":"Feature","properties":{"code":"4113700018","name":"Alpes"},"geometry":{"type":"Polygon","coordinates":[[[-51.16429,-23.29287],[-51.16441,-23.29286],[-51.16519,-23.29283],[-51.16732,-23.29282],[-51.16929,-23.29282],[-51.1708,-23.29282],[-51.17154,-23.29275],[-51.17187,-23.29275],[-51.17202,-23.29276],[-51.17254,-23.29276],[-51.1729,-23.29276],[-51.17335,-23.29278],[-51.17332,-23.29219],[-51.1733,-23.2917],[-51.17327,-23.29104],[-51.17324,-23.29021],[-51.17321,-23.28914],[-51.17319,-23.28846],[-51.17316,-23.28777],[-51.17312,-23.28642],[-51.17307,-23.28512],[-51.17295,-23.28497],[-51.17293,-23.28423],[-51.1729,-23.28315],[-51.17288,-23.28252],[-51.17283,-23.28243],[-51.17269,-23.28236],[-51.17285,-23.2823],[-51.17298,-23.28218],[-51.17298,-23.28195],[-51.17285,-23.28184],[-51.17282,-23.28165],[-51.17275,-23.2789],[-51.17275,-23.27874],[-51.17273,-23.27797],[-51.17272,-23.27738],[-51.1727,-23.27678],[-51.17268,-23.27621],[-51.17267,-23.27609],[-51.17265,-23.2755],[-51.17223,-23.27555],[-51.17204,-23.27546],[-51.17171,-23.27539],[-51.17142,-23.27551],[-51.17124,-23.27556],[-51.17092,-23.27571],[-51.17087,-23.27585],[-51.17072,-23.27587],[-51.17045,-23.27576],[-51.1702,-23.27546],[-51.1701,-23.27539],[-51.16977,-23.27536],[-51.16941,-23.27504],[-51.16925,-23.27501],[-51.16898,-23.27504],[-51.16869,-23.27489],[-51.16856,-23.27486],[-51.16823,-23.27482],[-51.16733,-23.27452],[-51.16736,-23.2744],[-51.16728,-23.27433],[-51.16692,-23.2743],[-51.16677,-23.27422],[-51.16665,-23.27411],[-51.16646,-23.27407],[-51.16626,-23.27393],[-51.16607,-23.27386],[-51.16598,-23.27371],[-51.16582,-23.27355],[-51.16577,-23.27342],[-51.16567,-23.27336],[-51.16543,-23.27336],[-51.16508,-23.27324],[-51.16498,-23.27315],[-51.16481,-23.27311],[-51.16466,-23.27305],[-51.16436,-23.27296],[-51.16414,-23.27297],[-51.16396,-23.27293],[-51.16375,-23.27295],[-51.16352,-23.27294],[-51.16331,-23.273],[-51.16317,-23.27298],[-51.16298,-23.27305],[-51.16268,-23.27303],[-51.16255,-23.27305],[-51.16249,-23.27308],[-51.16234,-23.27309],[-51.1622,-23.27316],[-51.16178,-23.27319],[-51.16162,-23.27325],[-51.16146,-23.27324],[-51.16124,-23.27319],[-51.16106,-23.27312],[-51.16101,-23.27312],[-51.16092,-23.27315],[-51.1608,-23.27314],[-51.16062,-23.27303],[-51.16052,-23.27301],[-51.16057,-23.27285],[-51.16052,-23.27279],[-51.16041,-23.27275],[-51.16021,-23.27277],[-51.15997,-23.27271],[-51.15968,-23.27269],[-51.15957,-23.27272],[-51.15952,-23.2728],[-51.1596,-23.27291],[-51.15951,-23.27314],[-51.15932,-23.2731],[-51.15907,-23.27304],[-51.15886,-23.27309],[-51.1587,-23.27315],[-51.1586,-23.2732],[-51.15847,-23.27302],[-51.15823,-23.27286],[-51.15807,-23.27289],[-51.15791,-23.27285],[-51.15762,-23.27273],[-51.15742,-23.27268],[-51.15724,-23.2726],[-51.1571,-23.27251],[-51.15689,-23.27247],[-51.15653,-23.27249],[-51.15633,-23.27246],[-51.15615,-23.27246],[-51.15598,-23.27242],[-51.15566,-23.27275],[-51.15567,-23.27291],[-51.15578,-23.27301],[-51.15604,-23.27295],[-51.15607,-23.27344],[-51.15609,-23.27423],[-51.1561,-23.2748],[-51.15611,-23.27547],[-51.15612,-23.27606],[-51.15611,-23.27661],[-51.15614,-23.27732],[-51.15616,-23.27783],[-51.15632,-23.27787],[-51.15634,-23.27808],[-51.15624,-23.27825],[-51.15619,-23.27867],[-51.15621,-23.27879],[-51.15615,-23.27889],[-51.15615,-23.27908],[-51.15616,-23.27958],[-51.15617,-23.27992],[-51.15618,-23.28016],[-51.15614,-23.28043],[-51.15603,-23.28083],[-51.15586,-23.28125],[-51.15555,-23.28174],[-51.15543,-23.28198],[-51.15552,-23.28216],[-51.15554,-23.28229],[-51.15544,-23.28251],[-51.15522,-23.28265],[-51.15519,-23.28278],[-51.15522,-23.28389],[-51.15522,-23.28416],[-51.15522,-23.28571],[-51.15523,-23.28596],[-51.15524,-23.28699],[-51.15526,-23.28832],[-51.15527,-23.28888],[-51.15511,-23.28887],[-51.15512,-23.28969],[-51.15512,-23.28988],[-51.15508,-23.29022],[-51.15504,-23.2904],[-51.15492,-23.29096],[-51.15481,-23.29136],[-51.15475,-23.29177],[-51.15463,-23.29206],[-51.1546,-23.29219],[-51.15457,-23.29281],[-51.15457,-23.29291],[-51.15497,-23.2929],[-51.15527,-23.2929],[-51.15744,-23.2929],[-51.15889,-23.29288],[-51.15934,-23.29289],[-51.16088,-23.29289],[-51.16147,-23.29289],[-51.16158,-23.29289],[-51.16284,-23.29288],[-51.16353,-23.29288],[-51.16404,-23.29288],[-51.16429,-23.29287]]]}},{"type":"Feature","properties":{"code":"4113700039","name":"Brasília"},"geometry":{"type":"Polygon","coordinates":[[[-51.13987,-23.32269],[-51.14048,-23.32215],[-51.14111,-23.32164],[-51.14168,-23.32123],[-51.1418,-23.3211],[-51.14243,-23.3206],[-51.14381,-23.31947],[-51.14452,-23.31968],[-51.1451,-23.31999],[-51.1457,-23.32032],[-51.1457,-23.3205],[-51.14578,-23.32059],[-51.14607,-23.32034],[-51.1474,-23.3191],[-51.14755,-23.31893],[-51.14771,-23.31878],[-51.14765,-23.31851],[-51.1475,-23.3179],[-51.14731,-23.31713],[-51.15045,-23.31619],[-51.15007,-23.31445],[-51.14965,-23.31454],[-51.14943,-23.31455],[-51.14892,-23.31455],[-51.14676,-23.31503],[-51.1453,-23.31536],[-51.14391,-23.31567],[-51.14266,-23.31592],[-51.14262,-23.31528],[-51.14261,-23.31502],[-51.14218,-23.31509],[-51.14152,-23.3152],[-51.14103,-23.31528],[-51.14064,-23.31534],[-51.13959,-23.31552],[-51.13963,-23.31591],[-51.13945,-23.31597],[-51.13782,-23.31625],[-51.13727,-23.31631],[-51.13668,-23.31647],[-51.13633,-23.31652],[-51.13541,-23.31646],[-51.13506,-23.31638],[-51.1346,-23.31623],[-51.13416,-23.31601],[-51.13387,-23.31582],[-51.13356,-23.31551],[-51.13357,-23.3172],[-51.13351,-23.31898],[-51.13399,-23.31989],[-51.13434,-23.32056],[-51.13448,-23.32078],[-51.1346,-23.32092],[-51.13315,-23.32298],[-51.13283,-23.32287],[-51.13017,-23.32198],[-51.12954,-23.32353],[-51.12952,-23.32369],[-51.12964,-23.32421],[-51.12972,-23.32454],[-51.12974,-23.32478],[-51.12965,-23.32493],[-51.12968,-23.32516],[-51.12974,-23.32527],[-51.12973,-23.32538],[-51.12965,-23.32552],[-51.1295,-23.32559],[-51.12975,-23.32564],[-51.12993,-23.32581],[-51.13018,-23.32699],[-51.13043,-23.3279],[-51.13065,-23.32938],[-51.13034,-23.32948],[-51.13033,-23.32948],[-51.1304,-23.32968],[-51.1298,-23.32993],[-51.12941,-23.33002],[-51.12922,-23.33015],[-51.12899,-23.33036],[-51.12884,-23.33052],[-51.12866,-23.33065],[-51.12831,-23.33085],[-51.12814,-23.33092],[-51.12788,-23.33082],[-51.12778,-23.33083],[-51.1276,-23.33101],[-51.12768,-23.33154],[-51.12796,-23.33161],[-51.12825,-23.33167],[-51.12835,-23.33177],[-51.12841,-23.33211],[-51.12841,-23.33232],[-51.13105,-23.33148],[-51.13115,-23.33182],[-51.13445,-23.3307],[-51.13397,-23.32952],[-51.13491,-23.32892],[-51.13511,-23.32738],[-51.136,-23.32707],[-51.13591,-23.32695],[-51.13554,-23.32682],[-51.13521,-23.32673],[-51.13493,-23.3267],[-51.13513,-23.32656],[-51.13546,-23.32629],[-51.13574,-23.32608],[-51.13595,-23.32585],[-51.13632,-23.32557],[-51.13703,-23.32504],[-51.13762,-23.32456],[-51.13948,-23.32301],[-51.13977,-23.3228],[-51.13987,-23.32269]]]}},{"type":"Feature","properties":{"code":"4113700042","name":"Aeroporto"},"geometry":{"type":"Polygon","coordinates":[[[-51.14448,-23.32749],[-51.14457,-23.3275],[-51.14499,-23.32698],[-51.14576,-23.3269],[-51.14627,-23.32689],[-51.14635,-23.32689],[-51.14697,-23.32527],[-51.14742,-23.3241],[-51.14763,-23.32359],[-51.14784,-23.32308],[-51.14828,-23.32215],[-51.14898,-23.32078],[-51.14944,-23.31992],[-51.14951,-23.31979],[-51.14961,-23.31961],[-51.14978,-23.31928],[-51.14993,-23.31901],[-51.15007,-23.31874],[-51.1502,-23.3185],[-51.15029,-23.31826],[-51.15035,-23.3181],[-51.15046,-23.3178],[-51.15052,-23.31762],[-51.15053,-23.31748],[-51.15055,-23.3173],[-51.15057,-23.31711],[-51.15056,-23.31695],[-51.15054,-23.31685],[-51.15054,-23.31676],[-51.15047,-23.31639],[-51.15045,-23.31619],[-51.14731,-23.31713],[-51.1475,-23.3179],[-51.14765,-23.31851],[-51.14771,-23.31878],[-51.14755,-23.31893],[-51.1474,-23.3191],[-51.14607,-23.32034],[-51.14578,-23.32059],[-51.1457,-23.3205],[-51.1457,-23.32032],[-51.1451,-23.31999],[-51.14452,-23.31968],[-51.14381,-23.31947],[-51.14243,-23.3206],[-51.1418,-23.3211],[-51.14168,-23.32123],[-51.14111,-23.32164],[-51.14048,-23.32215],[-51.13987,-23.32269],[-51.13977,-23.3228],[-51.13948,-23.32301],[-51.13762,-23.32456],[-51.13703,-23.32504],[-51.13632,-23.32557],[-51.13595,-23.32585],[-51.13574,-23.32608],[-51.13546,-23.32629],[-51.13513,-23.32656],[-51.13493,-23.3267],[-51.13521,-23.32673],[-51.13554,-23.32682],[-51.13591,-23.32695],[-51.136,-23.32707],[-51.13511,-23.32738],[-51.13491,-23.32892],[-51.13397,-23.32952],[-51.13445,-23.3307],[-51.13115,-23.33182],[-51.13105,-23.33148],[-51.12841,-23.33232],[-51.12841,-23.33211],[-51.12835,-23.33177],[-51.12825,-23.33167],[-51.12796,-23.33161],[-51.12768,-23.33154],[-51.1276,-23.33101],[-51.12778,-23.33083],[-51.12788,-23.33082],[-51.12814,-23.33092],[-51.12831,-23.33085],[-51.12866,-23.33065],[-51.12884,-23.33052],[-51.12899,-23.33036],[-51.12922,-23.33015],[-51.12941,-23.33002],[-51.1298,-23.32993],[-51.1304,-23.32968],[-51.13033,-23.32948],[-51.128,-23.32944],[-51.12776,-23.32949],[-51.12731,-23.32967],[-51.12667,-23.32995],[-51.12613,-23.33027],[-51.12557,-23.33058],[-51.12531,-23.33075],[-51.12511,-23.33081],[-51.1247,-23.33073],[-51.12437,-23.3309],[-51.12428,-23.33106],[-51.12429,-23.33131],[-51.1242,-23.33149],[-51.12377,-23.33181],[-51.1232,-23.33178],[-51.12163,-23.33214],[-51.12048,-23.33214],[-51.1199,-23.3322],[-51.11937,-23.3323],[-51.11901,-23.33246],[-51.1185,-23.33242],[-51.11807,-23.33248],[-51.1178,-23.33262],[-51.11687,-23.33334],[-51.11614,-23.3337],[-51.11593,-23.33387],[-51.11531,-23.33403],[-51.11459,-23.33415],[-51.11407,-23.33414],[-51.11334,-23.33419],[-51.11229,-23.33437],[-51.11108,-23.33459],[-51.11056,-23.33461],[-51.10953,-23.33466],[-51.10953,-23.33466],[-51.10972,-23.33499],[-51.10988,-23.33562],[-51.10987,-23.336],[-51.10969,-23.33783],[-51.10969,-23.33834],[-51.10973,-23.33878],[-51.11001,-23.33891],[-51.11096,-23.33953],[-51.11202,-23.34028],[-51.11228,-23.34054],[-51.11271,-23.34106],[-51.11285,-23.34114],[-51.11301,-23.34119],[-51.1134,-23.34106],[-51.1138,-23.34092],[-51.11441,-23.34067],[-51.11498,-23.34053],[-51.11578,-23.34024],[-51.11642,-23.34002],[-51.11681,-23.33991],[-51.11749,-23.33967],[-51.11826,-23.33945],[-51.11848,-23.33938],[-51.11881,-23.33927],[-51.11938,-23.33909],[-51.11981,-23.33899],[-51.12009,-23.33889],[-51.12016,-23.33886],[-51.12054,-23.33872],[-51.1209,-23.33859],[-51.12107,-23.33852],[-51.12123,-23.33842],[-51.12149,-23.33824],[-51.12171,-23.3381],[-51.12211,-23.33779],[-51.12247,-23.33745],[-51.12288,-23.33707],[-51.12343,-23.33687],[-51.12399,-23.33668],[-51.12772,-23.33541],[-51.12979,-23.33473],[-51.13029,-23.33468],[-51.13306,-23.33376],[-51.13694,-23.33243],[-51.13716,-23.33252],[-51.1375,-23.33294],[-51.13826,-23.33268],[-51.1383,-23.33266],[-51.13887,-23.33247],[-51.13934,-23.33222],[-51.1397,-23.33161],[-51.13996,-23.33137],[-51.1404,-23.33121],[-51.14108,-23.33098],[-51.14151,-23.33079],[-51.14174,-23.33065],[-51.142,-23.33048],[-51.14239,-23.33013],[-51.14266,-23.32982],[-51.14435,-23.32778],[-51.14448,-23.32769],[-51.14448,-23.32749]]]}},{"type":"Feature","properties":{"code":"4113700048","name":"Vivendas do Arvoredo"},"geometry":{"type":"Polygon","coordinates":[[[-51.18028,-23.36489],[-51.18057,-23.36481],[-51.18083,-23.36463],[-51.18132,-23.36456],[-51.18156,-23.3646],[-51.18186,-23.36454],[-51.18212,-23.36443],[-51.1826,-23.36402],[-51.18293,-23.36387],[-51.1834,-23.3638],[-51.18363,-23.3639],[-51.18387,-23.36427],[-51.18403,-23.36442],[-51.18418,-23.36445],[-51.18469,-23.36439],[-51.18569,-23.36488],[-51.18634,-23.3653],[-51.18669,-23.36539],[-51.18703,-23.36534],[-51.18718,-23.36502],[-51.18722,-23.3643],[-51.18745,-23.36351],[-51.18761,-23.36331],[-51.18802,-23.36212],[-51.18816,-23.36141],[-51.18803,-23.36013],[-51.18769,-23.35963],[-51.18789,-23.35929],[-51.18794,-23.35905],[-51.18803,-23.35885],[-51.1886,-23.35851],[-51.18902,-23.35832],[-51.1898,-23.35802],[-51.19071,-23.35755],[-51.19196,-23.35652],[-51.19225,-23.35636],[-51.19261,-23.35637],[-51.19301,-23.35688],[-51.19307,-23.35737],[-51.19296,-23.35801],[-51.19324,-23.35812],[-51.19363,-23.35804],[-51.19399,-23.3579],[-51.19417,-23.35771],[-51.19446,-23.35763],[-51.19464,-23.35776],[-51.19489,-23.35776],[-51.19526,-23.3575],[-51.19548,-23.35713],[-51.19382,-23.3556],[-51.19273,-23.35458],[-51.19238,-23.35416],[-51.19211,-23.35371],[-51.19196,-23.35335],[-51.19177,-23.35285],[-51.1917,-23.35265],[-51.19131,-23.35135],[-51.19094,-23.35068],[-51.19082,-23.35061],[-51.1907,-23.35053],[-51.1906,-23.35038],[-51.19069,-23.35013],[-51.19073,-23.34979],[-51.19068,-23.34933],[-51.1904,-23.34849],[-51.18979,-23.34646],[-51.18972,-23.34621],[-51.18938,-23.34548],[-51.18928,-23.3453],[-51.18905,-23.34488],[-51.18859,-23.34443],[-51.18851,-23.3444],[-51.18844,-23.34435],[-51.18836,-23.34426],[-51.18833,-23.34415],[-51.18834,-23.34405],[-51.18839,-23.34397],[-51.18847,-23.34391],[-51.18851,-23.34389],[-51.18858,-23.34375],[-51.18857,-23.34364],[-51.18847,-23.34304],[-51.18814,-23.3413],[-51.18813,-23.34125],[-51.18808,-23.34108],[-51.18793,-23.34082],[-51.18704,-23.33992],[-51.1862,-23.33914],[-51.18588,-23.33886],[-51.18555,-23.33854],[-51.18486,-23.33788],[-51.18455,-23.33759],[-51.18437,-23.3375],[-51.18418,-23.33747],[-51.18404,-23.33755],[-51.18387,-23.33779],[-51.1833,-23.33939],[-51.18311,-23.33977],[-51.18274,-23.34042],[-51.18248,-23.34085],[-51.18199,-23.3415],[-51.18155,-23.34198],[-51.1815,-23.34212],[-51.18153,-23.34229],[-51.18167,-23.34249],[-51.18172,-23.34259],[-51.18172,-23.34272],[-51.18164,-23.34287],[-51.18146,-23.34309],[-51.18138,-23.343],[-51.18128,-23.34293],[-51.18116,-23.34285],[-51.18111,-23.34274],[-51.18111,-23.34259],[-51.18114,-23.34251],[-51.18114,-23.34242],[-51.18111,-23.34234],[-51.18106,-23.34223],[-51.18052,-23.34272],[-51.17973,-23.34337],[-51.17904,-23.34393],[-51.17862,-23.34423],[-51.17839,-23.34438],[-51.1777,-23.34478],[-51.17557,-23.34577],[-51.17365,-23.34665],[-51.17245,-23.34719],[-51.1723,-23.34726],[-51.17126,-23.34774],[-51.1699,-23.34837],[-51.16877,-23.3489],[-51.1675,-23.34952],[-51.16739,-23.34959],[-51.16435,-23.35183],[-51.16085,-23.35444],[-51.1595,-23.35555],[-51.15893,-23.35603],[-51.15579,-23.35869],[-51.15561,-23.35882],[-51.1553,-23.35901],[-51.15548,-23.35915],[-51.1559,-23.35939],[-51.15823,-23.36042],[-51.15867,-23.36062],[-51.15902,-23.36078],[-51.15929,-23.3609],[-51.15945,-23.36098],[-51.15967,-23.36095],[-51.16918,-23.36526],[-51.17035,-23.36573],[-51.17134,-23.3663],[-51.17159,-23.36652],[-51.17257,-23.36672],[-51.17388,-23.36666],[-51.17494,-23.36627],[-51.17563,-23.36596],[-51.17629,-23.36585],[-51.17666,-23.36564],[-51.17727,-23.36526],[-51.17818,-23.36514],[-51.17835,-23.36521],[-51.1789,-23.36538],[-51.17941,-23.3654],[-51.17966,-23.36552],[-51.17985,-23.36568],[-51.17997,-23.36531],[-51.1801,-23.36513],[-51.18028,-23.36489]]]}},{"type":"Feature","properties":{"code":"4113700027","name":"Presidente"},"geometry":{"type":"Polygon","coordinates":[[[-51.18202,-23.32142],[-51.18211,-23.32119],[-51.18255,-23.32081],[-51.18334,-23.32027],[-51.18397,-23.31975],[-51.1846,-23.31922],[-51.18551,-23.31847],[-51.18595,-23.31816],[-51.18621,-23.31799],[-51.1865,-23.3176],[-51.18631,-23.31764],[-51.18587,-23.31765],[-51.18543,-23.31757],[-51.18513,-23.3175],[-51.18452,-23.31728],[-51.18397,-23.31707],[-51.18399,-23.31719],[-51.18391,-23.31761],[-51.18384,-23.31792],[-51.18324,-23.31761],[-51.18267,-23.31719],[-51.18246,-23.31697],[-51.18225,-23.3168],[-51.18208,-23.3167],[-51.18163,-23.31644],[-51.18203,-23.31583],[-51.18175,-23.31571],[-51.18103,-23.31549],[-51.18034,-23.31534],[-51.18037,-23.3152],[-51.18042,-23.31461],[-51.18049,-23.31413],[-51.18076,-23.3136],[-51.18114,-23.31276],[-51.1812,-23.3126],[-51.18136,-23.31218],[-51.18202,-23.31249],[-51.18242,-23.3127],[-51.18285,-23.31288],[-51.18282,-23.31228],[-51.18272,-23.31154],[-51.18272,-23.31086],[-51.18287,-23.31006],[-51.18293,-23.3092],[-51.18349,-23.30795],[-51.18342,-23.30723],[-51.18352,-23.30675],[-51.18368,-23.30628],[-51.18383,-23.30598],[-51.18388,-23.30552],[-51.18376,-23.30528],[-51.18428,-23.30471],[-51.18368,-23.30428],[-51.18304,-23.30384],[-51.18246,-23.30343],[-51.18188,-23.30303],[-51.18139,-23.30271],[-51.18122,-23.30261],[-51.18105,-23.30248],[-51.1809,-23.30226],[-51.18052,-23.30149],[-51.18029,-23.30127],[-51.17919,-23.3014],[-51.17887,-23.3036],[-51.17883,-23.30392],[-51.17864,-23.30524],[-51.17848,-23.30639],[-51.17833,-23.30755],[-51.17828,-23.30789],[-51.17823,-23.30867],[-51.17811,-23.30938],[-51.17804,-23.30991],[-51.17794,-23.31061],[-51.17793,-23.31067],[-51.17779,-23.3116],[-51.17773,-23.312],[-51.17754,-23.31332],[-51.17745,-23.31423],[-51.17732,-23.31495],[-51.17731,-23.31502],[-51.17725,-23.31543],[-51.17702,-23.31724],[-51.17681,-23.31873],[-51.1766,-23.3203],[-51.1766,-23.32032],[-51.17643,-23.32161],[-51.17638,-23.32212],[-51.17635,-23.32231],[-51.17631,-23.32274],[-51.17627,-23.32294],[-51.1762,-23.32351],[-51.17619,-23.3236],[-51.17617,-23.32369],[-51.17613,-23.32396],[-51.17611,-23.32412],[-51.17611,-23.32414],[-51.17611,-23.32425],[-51.17615,-23.32466],[-51.17614,-23.32485],[-51.1769,-23.32545],[-51.17706,-23.32574],[-51.17751,-23.32544],[-51.1779,-23.32516],[-51.17816,-23.32503],[-51.17846,-23.32489],[-51.1789,-23.32482],[-51.17923,-23.32479],[-51.17961,-23.32469],[-51.1798,-23.32469],[-51.18015,-23.32461],[-51.18051,-23.32448],[-51.18072,-23.32415],[-51.18088,-23.32365],[-51.18122,-23.32322],[-51.18157,-23.32278],[-51.18185,-23.32238],[-51.18194,-23.3221],[-51.18188,-23.32178],[-51.18202,-23.32142]]]}},{"type":"Feature","properties":{"code":"4113700028","name":"Sabará"},"geometry":{"type":"Polygon","coordinates":[[[-51.21351,-23.30919],[-51.2133,-23.309],[-51.21296,-23.30868],[-51.21294,-23.30866],[-51.21283,-23.30856],[-51.21276,-23.3085],[-51.21238,-23.30815],[-51.21227,-23.30827],[-51.21175,-23.3083],[-51.21116,-23.30838],[-51.21071,-23.30847],[-51.21052,-23.30844],[-51.21027,-23.3084],[-51.21005,-23.30824],[-51.21004,-23.30825],[-51.2099,-23.30807],[-51.20976,-23.30809],[-51.20966,-23.30831],[-51.20957,-23.30862],[-51.20933,-23.30895],[-51.20913,-23.30924],[-51.20896,-23.30958],[-51.20884,-23.30971],[-51.20838,-23.31008],[-51.20823,-23.31008],[-51.20807,-23.31029],[-51.20764,-23.31074],[-51.20747,-23.31082],[-51.20713,-23.31109],[-51.2069,-23.31121],[-51.20669,-23.31137],[-51.20638,-23.31163],[-51.20606,-23.31192],[-51.20627,-23.31211],[-51.20646,-23.31231],[-51.2067,-23.31261],[-51.20689,-23.31285],[-51.20718,-23.31314],[-51.20774,-23.31364],[-51.2083,-23.31415],[-51.2088,-23.31465],[-51.20918,-23.31503],[-51.20971,-23.31547],[-51.21015,-23.31587],[-51.21042,-23.31612],[-51.21058,-23.31629],[-51.21113,-23.31682],[-51.21132,-23.31698],[-51.21122,-23.31707],[-51.21302,-23.31876],[-51.21452,-23.32014],[-51.2146,-23.32008],[-51.2147,-23.32007],[-51.21478,-23.3201],[-51.21483,-23.32014],[-51.21486,-23.3202],[-51.21577,-23.32016],[-51.21681,-23.32013],[-51.21808,-23.32008],[-51.21889,-23.32004],[-51.21961,-23.32001],[-51.22036,-23.31998],[-51.22108,-23.31995],[-51.22184,-23.31992],[-51.22222,-23.31991],[-51.22256,-23.32001],[-51.22283,-23.32003],[-51.22285,-23.31989],[-51.22276,-23.31975],[-51.22275,-23.31958],[-51.22278,-23.31902],[-51.22284,-23.31893],[-51.22276,-23.31859],[-51.2228,-23.31842],[-51.22298,-23.3183],[-51.22328,-23.31839],[-51.22338,-23.31836],[-51.22267,-23.31772],[-51.22211,-23.31719],[-51.2218,-23.3169],[-51.22154,-23.31665],[-51.22102,-23.31612],[-51.22102,-23.31611],[-51.22078,-23.31592],[-51.22076,-23.31591],[-51.22071,-23.31587],[-51.22067,-23.31583],[-51.22047,-23.31565],[-51.22047,-23.31564],[-51.22024,-23.3154],[-51.21991,-23.3151],[-51.2197,-23.3149],[-51.21943,-23.31466],[-51.21895,-23.31423],[-51.21891,-23.31419],[-51.21843,-23.31376],[-51.21834,-23.31367],[-51.21805,-23.3134],[-51.21719,-23.31258],[-51.21713,-23.31253],[-51.21674,-23.31215],[-51.21664,-23.31206],[-51.21654,-23.31196],[-51.21596,-23.31145],[-51.2159,-23.3114],[-51.21542,-23.31094],[-51.21506,-23.3106],[-51.21463,-23.31021],[-51.21458,-23.31016],[-51.21401,-23.30964],[-51.21351,-23.30919]]]}},{"type":"Feature","properties":{"code":"4113700047","name":"Bela Suíça"},"geometry":{"type":"Polygon","coordinates":[[[-51.16292,-23.33975],[-51.16302,-23.33974],[-51.16339,-23.33965],[-51.164,-23.33964],[-51.16424,-23.33968],[-51.16441,-23.3397],[-51.16476,-23.33976],[-51.16618,-23.33973],[-51.16623,-23.33925],[-51.16622,-23.3385],[-51.16624,-23.33726],[-51.16626,-23.33509],[-51.16651,-23.33506],[-51.1665,-23.33396],[-51.16651,-23.33289],[-51.16651,-23.33176],[-51.16651,-23.33087],[-51.16673,-23.33062],[-51.16721,-23.33028],[-51.16764,-23.33006],[-51.16762,-23.32944],[-51.16756,-23.32944],[-51.16737,-23.32949],[-51.16732,-23.3295],[-51.16703,-23.32963],[-51.16658,-23.32961],[-51.16593,-23.32972],[-51.16539,-23.32987],[-51.16497,-23.33012],[-51.16457,-23.33045],[-51.16422,-23.33071],[-51.1638,-23.33093],[-51.16365,-23.33117],[-51.16329,-23.3314],[-51.16298,-23.33159],[-51.16255,-23.33191],[-51.16213,-23.33224],[-51.16173,-23.33252],[-51.16136,-23.3328],[-51.16099,-23.33315],[-51.16046,-23.33357],[-51.16004,-23.33394],[-51.15958,-23.33434],[-51.15947,-23.33468],[-51.15878,-23.33548],[-51.15935,-23.33595],[-51.16071,-23.33676],[-51.16146,-23.33764],[-51.16204,-23.33843],[-51.16224,-23.33923],[-51.16233,-23.3398],[-51.16292,-23.33975]]]}},{"type":"Feature","properties":{"code":"4113700023","name":"Ciclo II"},"geometry":{"type":"Polygon","coordinates":[[[-51.2241,-23.29738],[-51.2241,-23.29738],[-51.22417,-23.29731],[-51.22447,-23.29717],[-51.2246,-23.29709],[-51.22475,-23.29695],[-51.22487,-23.29681],[-51.22502,-23.29669],[-51.22525,-23.29657],[-51.22545,-23.29646],[-51.22569,-23.29635],[-51.22616,-23.29602],[-51.22637,-23.29585],[-51.22654,-23.29571],[-51.22675,-23.29554],[-51.22685,-23.29547],[-51.22695,-23.29539],[-51.22704,-23.29529],[-51.22711,-23.29521],[-51.22719,-23.29512],[-51.2273,-23.29499],[-51.22733,-23.29496],[-51.22761,-23.2945],[-51.22787,-23.294],[-51.22813,-23.29348],[-51.22836,-23.29297],[-51.22874,-23.29256],[-51.22908,-23.29214],[-51.22974,-23.29136],[-51.22997,-23.29109],[-51.23002,-23.29103],[-51.23013,-23.29089],[-51.23045,-23.29051],[-51.23087,-23.29032],[-51.23102,-23.29026],[-51.23129,-23.29014],[-51.23153,-23.28995],[-51.23161,-23.28986],[-51.23172,-23.28973],[-51.23173,-23.28954],[-51.23178,-23.28944],[-51.23184,-23.28931],[-51.23187,-23.28923],[-51.23194,-23.28915],[-51.23206,-23.28899],[-51.23226,-23.28863],[-51.23238,-23.2884],[-51.23259,-23.28789],[-51.23274,-23.28759],[-51.23282,-23.28735],[-51.23304,-23.28708],[-51.23316,-23.28687],[-51.23373,-23.2863],[-51.23409,-23.28612],[-51.23506,-23.28564],[-51.23506,-23.28557],[-51.23505,-23.28554],[-51.23505,-23.28548],[-51.23496,-23.28548],[-51.23466,-23.28547],[-51.23428,-23.28546],[-51.23357,-23.28544],[-51.23335,-23.28543],[-51.23304,-23.28543],[-51.23242,-23.28545],[-51.23191,-23.28551],[-51.23121,-23.28566],[-51.23104,-23.2857],[-51.23067,-23.2858],[-51.2303,-23.28591],[-51.22975,-23.28611],[-51.22934,-23.28628],[-51.22812,-23.28682],[-51.22729,-23.28719],[-51.22616,-23.2877],[-51.2254,-23.28803],[-51.22292,-23.28911],[-51.22179,-23.2896],[-51.22017,-23.29034],[-51.21892,-23.29089],[-51.2177,-23.29143],[-51.21584,-23.29225],[-51.21428,-23.29296],[-51.21279,-23.29369],[-51.21041,-23.29485],[-51.21,-23.29504],[-51.20895,-23.2955],[-51.20846,-23.29571],[-51.20907,-23.29613],[-51.21058,-23.29752],[-51.21173,-23.29858],[-51.21235,-23.29916],[-51.21403,-23.30071],[-51.21423,-23.30051],[-51.21426,-23.30041],[-51.2145,-23.30052],[-51.21522,-23.30119],[-51.21527,-23.30164],[-51.2155,-23.30171],[-51.21604,-23.30144],[-51.21637,-23.30181],[-51.21638,-23.30254],[-51.2165,-23.30241],[-51.21686,-23.30219],[-51.21709,-23.30203],[-51.21713,-23.30201],[-51.21756,-23.30171],[-51.21812,-23.3016],[-51.21857,-23.30143],[-51.2189,-23.30134],[-51.21926,-23.30124],[-51.21962,-23.30115],[-51.21983,-23.3011],[-51.22048,-23.3008],[-51.22071,-23.3006],[-51.22085,-23.30047],[-51.22109,-23.30026],[-51.22143,-23.29976],[-51.22159,-23.29961],[-51.22177,-23.29945],[-51.22208,-23.29917],[-51.22228,-23.29896],[-51.22236,-23.29868],[-51.22244,-23.29855],[-51.22254,-23.2984],[-51.22273,-23.29828],[-51.22292,-23.29816],[-51.22312,-23.29807],[-51.2234,-23.29793],[-51.22376,-23.29762],[-51.22397,-23.29751],[-51.22408,-23.2974],[-51.2241,-23.29738]]]}},{"type":"Feature","properties":{"code":"4113700003","name":"Vila Nova"},"geometry":{"type":"Polygon","coordinates":[[[-51.16508,-23.30338],[-51.16533,-23.3034],[-51.16548,-23.30326],[-51.16564,-23.3031],[-51.16591,-23.30289],[-51.16609,-23.30273],[-51.16637,-23.30253],[-51.1666,-23.30238],[-51.16685,-23.30224],[-51.16706,-23.30214],[-51.16724,-23.30205],[-51.16748,-23.30195],[-51.16772,-23.30186],[-51.16791,-23.30179],[-51.16815,-23.30173],[-51.16847,-23.30165],[-51.16877,-23.30157],[-51.16923,-23.30144],[-51.16969,-23.30132],[-51.17015,-23.30118],[-51.1705,-23.30101],[-51.17084,-23.30081],[-51.17135,-23.30051],[-51.17169,-23.30028],[-51.17266,-23.2997],[-51.17312,-23.29947],[-51.17327,-23.2995],[-51.17323,-23.29945],[-51.17319,-23.29935],[-51.1732,-23.29928],[-51.17322,-23.29919],[-51.17339,-23.2991],[-51.17358,-23.29899],[-51.17355,-23.29891],[-51.17353,-23.29878],[-51.17352,-23.29823],[-51.1735,-23.29807],[-51.1735,-23.29776],[-51.17351,-23.29744],[-51.1735,-23.29675],[-51.17345,-23.29611],[-51.17345,-23.29602],[-51.17345,-23.29548],[-51.17342,-23.29476],[-51.17337,-23.29389],[-51.17334,-23.2932],[-51.17335,-23.29278],[-51.1729,-23.29276],[-51.17254,-23.29276],[-51.17202,-23.29276],[-51.17187,-23.29275],[-51.17154,-23.29275],[-51.1708,-23.29282],[-51.16929,-23.29282],[-51.16732,-23.29282],[-51.16519,-23.29283],[-51.16441,-23.29286],[-51.16429,-23.29287],[-51.16404,-23.29288],[-51.16353,-23.29288],[-51.16284,-23.29288],[-51.16158,-23.29289],[-51.16147,-23.29289],[-51.16147,-23.29311],[-51.16146,-23.29446],[-51.16149,-23.29541],[-51.16144,-23.29633],[-51.16145,-23.29727],[-51.16146,-23.29822],[-51.16146,-23.29917],[-51.16145,-23.30013],[-51.16145,-23.3012],[-51.16146,-23.30228],[-51.16145,-23.30334],[-51.16145,-23.30444],[-51.16143,-23.30554],[-51.16281,-23.30559],[-51.16386,-23.30555],[-51.16434,-23.30446],[-51.16453,-23.30415],[-51.16469,-23.30389],[-51.16488,-23.30361],[-51.16508,-23.30338]]]}},{"type":"Feature","properties":{"code":"4113700021","name":"Ciclo III"},"geometry":{"type":"Polygon","coordinates":[[[-51.20895,-23.2955],[-51.21,-23.29504],[-51.21041,-23.29485],[-51.21279,-23.29369],[-51.21428,-23.29296],[-51.21584,-23.29225],[-51.2177,-23.29143],[-51.21892,-23.29089],[-51.22017,-23.29034],[-51.22179,-23.2896],[-51.22292,-23.28911],[-51.2254,-23.28803],[-51.22616,-23.2877],[-51.22729,-23.28719],[-51.22812,-23.28682],[-51.22934,-23.28628],[-51.22975,-23.28611],[-51.2303,-23.28591],[-51.23067,-23.2858],[-51.23104,-23.2857],[-51.23121,-23.28566],[-51.23191,-23.28551],[-51.23242,-23.28545],[-51.23304,-23.28543],[-51.23335,-23.28543],[-51.23357,-23.28544],[-51.23428,-23.28546],[-51.23466,-23.28547],[-51.23496,-23.28548],[-51.23505,-23.28548],[-51.23505,-23.28528],[-51.23505,-23.28516],[-51.23504,-23.28471],[-51.23492,-23.28426],[-51.23481,-23.28388],[-51.2347,-23.28347],[-51.23458,-23.28306],[-51.23499,-23.28158],[-51.23548,-23.28008],[-51.23618,-23.27893],[-51.23779,-23.27625],[-51.23559,-23.27705],[-51.23152,-23.27936],[-51.2293,-23.27956],[-51.22447,-23.27999],[-51.22409,-23.27946],[-51.22349,-23.27583],[-51.22323,-23.27592],[-51.22283,-23.27595],[-51.22252,-23.27618],[-51.22221,-23.27614],[-51.22196,-23.27615],[-51.22179,-23.27611],[-51.22143,-23.27611],[-51.22123,-23.27615],[-51.22106,-23.27624],[-51.22087,-23.2762],[-51.22004,-23.27636],[-51.2196,-23.27629],[-51.21824,-23.27592],[-51.21773,-23.27594],[-51.2175,-23.27593],[-51.21684,-23.27582],[-51.21644,-23.27569],[-51.21607,-23.27566],[-51.21581,-23.2756],[-51.21564,-23.2755],[-51.2152,-23.27533],[-51.21484,-23.27521],[-51.21475,-23.27521],[-51.21453,-23.27503],[-51.21438,-23.27494],[-51.21429,-23.27492],[-51.21368,-23.27466],[-51.21335,-23.27438],[-51.21174,-23.2736],[-51.211,-23.27345],[-51.21049,-23.27332],[-51.21021,-23.27334],[-51.20982,-23.27323],[-51.20915,-23.27314],[-51.20842,-23.27311],[-51.20774,-23.27313],[-51.20632,-23.27316],[-51.20568,-23.27324],[-51.20535,-23.27333],[-51.20457,-23.27337],[-51.2042,-23.27318],[-51.20356,-23.27282],[-51.20325,-23.2727],[-51.2031,-23.27268],[-51.20293,-23.2725],[-51.20252,-23.27233],[-51.20207,-23.27239],[-51.20196,-23.27254],[-51.20165,-23.27262],[-51.20138,-23.2728],[-51.20093,-23.27292],[-51.2007,-23.27289],[-51.19999,-23.27269],[-51.19972,-23.27255],[-51.19968,-23.27252],[-51.19911,-23.27202],[-51.1989,-23.27192],[-51.19871,-23.27177],[-51.19857,-23.27158],[-51.19834,-23.27146],[-51.19822,-23.27143],[-51.19795,-23.27135],[-51.19788,-23.2713],[-51.19777,-23.27122],[-51.19767,-23.27121],[-51.19738,-23.27126],[-51.19693,-23.27127],[-51.19653,-23.27125],[-51.1965,-23.27127],[-51.19645,-23.27127],[-51.19635,-23.27133],[-51.19591,-23.27145],[-51.19584,-23.27153],[-51.19571,-23.27159],[-51.19544,-23.27167],[-51.19509,-23.2718],[-51.19477,-23.27184],[-51.19445,-23.2719],[-51.19428,-23.27199],[-51.19373,-23.27199],[-51.19349,-23.27199],[-51.19337,-23.27198],[-51.19321,-23.27242],[-51.19313,-23.27288],[-51.19305,-23.27336],[-51.19298,-23.2738],[-51.19291,-23.27427],[-51.19284,-23.27473],[-51.19279,-23.27505],[-51.19272,-23.27548],[-51.19264,-23.27597],[-51.19257,-23.27644],[-51.1925,-23.2769],[-51.19243,-23.27737],[-51.19235,-23.27782],[-51.19247,-23.27784],[-51.19306,-23.27776],[-51.19412,-23.27771],[-51.19444,-23.2777],[-51.19471,-23.2777],[-51.1956,-23.27771],[-51.19655,-23.27778],[-51.19688,-23.27779],[-51.19752,-23.27788],[-51.19833,-23.27806],[-51.19868,-23.27814],[-51.19904,-23.27833],[-51.1996,-23.27847],[-51.20077,-23.27882],[-51.20096,-23.27888],[-51.20181,-23.27902],[-51.2023,-23.27908],[-51.20265,-23.27905],[-51.20296,-23.27905],[-51.20324,-23.27912],[-51.20362,-23.2793],[-51.20432,-23.27955],[-51.20429,-23.27977],[-51.20429,-23.27997],[-51.20431,-23.28011],[-51.20437,-23.28022],[-51.20453,-23.28037],[-51.20466,-23.28045],[-51.20476,-23.28048],[-51.20549,-23.2806],[-51.2062,-23.28065],[-51.20684,-23.28069],[-51.20744,-23.28442],[-51.20744,-23.28461],[-51.20835,-23.29012],[-51.2079,-23.29046],[-51.20732,-23.29091],[-51.2067,-23.29135],[-51.20632,-23.2916],[-51.20444,-23.2929],[-51.20389,-23.29327],[-51.20338,-23.29366],[-51.2027,-23.29414],[-51.20283,-23.29427],[-51.20426,-23.29563],[-51.20437,-23.29573],[-51.20416,-23.29576],[-51.20358,-23.29584],[-51.20237,-23.296],[-51.20026,-23.29627],[-51.1999,-23.29632],[-51.19894,-23.29644],[-51.1958,-23.29684],[-51.19421,-23.29704],[-51.19315,-23.29707],[-51.1927,-23.29709],[-51.19255,-23.29709],[-51.19259,-23.29712],[-51.1943,-23.29828],[-51.1946,-23.29822],[-51.19631,-23.29797],[-51.19736,-23.29784],[-51.19833,-23.2977],[-51.20012,-23.29744],[-51.20129,-23.29728],[-51.20144,-23.29743],[-51.203,-23.29719],[-51.20429,-23.29699],[-51.20555,-23.2967],[-51.20606,-23.29656],[-51.20676,-23.29636],[-51.20713,-23.29623],[-51.20778,-23.296],[-51.20846,-23.29571],[-51.20895,-23.2955]]]}},{"type":"Feature","properties":{"code":"4113700051","name":"Piza"},"geometry":{"type":"Polygon","coordinates":[[[-51.138,-23.36356],[-51.13866,-23.36382],[-51.13912,-23.36366],[-51.13981,-23.36331],[-51.14067,-23.36239],[-51.14055,-23.36207],[-51.14111,-23.36169],[-51.14137,-23.36152],[-51.14145,-23.36114],[-51.14158,-23.3609],[-51.14185,-23.36069],[-51.14229,-23.36135],[-51.14347,-23.3605],[-51.1464,-23.35846],[-51.14814,-23.35725],[-51.14928,-23.35646],[-51.1492,-23.35635],[-51.14954,-23.35612],[-51.14982,-23.35601],[-51.14929,-23.35487],[-51.14865,-23.35362],[-51.14848,-23.3537],[-51.148,-23.35285],[-51.14718,-23.35141],[-51.14679,-23.35077],[-51.14534,-23.34826],[-51.14529,-23.34815],[-51.14423,-23.34638],[-51.144,-23.34599],[-51.14332,-23.34482],[-51.143,-23.34427],[-51.14283,-23.3439],[-51.14267,-23.34333],[-51.14265,-23.34283],[-51.14275,-23.34232],[-51.14287,-23.3418],[-51.14307,-23.34124],[-51.14324,-23.34087],[-51.14355,-23.34029],[-51.14347,-23.34008],[-51.14367,-23.33978],[-51.14379,-23.33967],[-51.1439,-23.33936],[-51.14411,-23.33894],[-51.14426,-23.33866],[-51.14425,-23.33851],[-51.14417,-23.33841],[-51.14357,-23.33862],[-51.14338,-23.33866],[-51.14321,-23.33873],[-51.14296,-23.33888],[-51.14266,-23.33913],[-51.14252,-23.33923],[-51.14235,-23.33939],[-51.14221,-23.33956],[-51.14208,-23.33973],[-51.14188,-23.33995],[-51.14171,-23.34015],[-51.14156,-23.34037],[-51.14137,-23.34061],[-51.14118,-23.34095],[-51.14091,-23.34137],[-51.1406,-23.34185],[-51.14038,-23.34204],[-51.14009,-23.34229],[-51.13974,-23.34264],[-51.13946,-23.34292],[-51.13911,-23.34327],[-51.13876,-23.34359],[-51.13864,-23.34369],[-51.13835,-23.34385],[-51.13807,-23.34401],[-51.13792,-23.34406],[-51.13764,-23.34415],[-51.13731,-23.34427],[-51.13716,-23.34429],[-51.13696,-23.3443],[-51.13681,-23.34427],[-51.1367,-23.34425],[-51.13614,-23.34409],[-51.13581,-23.34397],[-51.13555,-23.34388],[-51.13529,-23.34378],[-51.13488,-23.34357],[-51.13475,-23.3434],[-51.13473,-23.34316],[-51.13488,-23.3429],[-51.13514,-23.3425],[-51.13527,-23.34236],[-51.13512,-23.34209],[-51.13484,-23.34189],[-51.13467,-23.34179],[-51.13436,-23.34167],[-51.13431,-23.34184],[-51.13424,-23.34207],[-51.13402,-23.34248],[-51.13401,-23.34309],[-51.13401,-23.34356],[-51.13383,-23.34365],[-51.1336,-23.34375],[-51.13292,-23.34404],[-51.13281,-23.34408],[-51.13267,-23.34413],[-51.13191,-23.34409],[-51.13116,-23.34394],[-51.13091,-23.34385],[-51.13074,-23.34374],[-51.13062,-23.34366],[-51.13056,-23.34356],[-51.13048,-23.34342],[-51.13045,-23.34329],[-51.13044,-23.34314],[-51.13044,-23.34308],[-51.13063,-23.34271],[-51.13028,-23.34201],[-51.12967,-23.34223],[-51.12946,-23.34234],[-51.12898,-23.34325],[-51.12921,-23.34384],[-51.12739,-23.34454],[-51.1272,-23.34468],[-51.12711,-23.34477],[-51.1272,-23.34504],[-51.12805,-23.34722],[-51.12786,-23.34727],[-51.12764,-23.34768],[-51.12773,-23.34847],[-51.12756,-23.34879],[-51.12737,-23.34891],[-51.1269,-23.3489],[-51.12662,-23.34928],[-51.12613,-23.34955],[-51.12592,-23.34973],[-51.12559,-23.35],[-51.12553,-23.35029],[-51.1251,-23.35063],[-51.12474,-23.35068],[-51.12429,-23.35119],[-51.12353,-23.35117],[-51.12334,-23.35109],[-51.12309,-23.35119],[-51.12277,-23.3515],[-51.12239,-23.35169],[-51.12192,-23.35176],[-51.12184,-23.35186],[-51.12172,-23.35185],[-51.12164,-23.35192],[-51.12155,-23.35213],[-51.1213,-23.35225],[-51.12108,-23.3523],[-51.12087,-23.35262],[-51.12067,-23.35266],[-51.12053,-23.3528],[-51.12045,-23.35297],[-51.12045,-23.35315],[-51.12059,-23.35334],[-51.1209,-23.35387],[-51.1209,-23.35416],[-51.12096,-23.35438],[-51.12085,-23.35453],[-51.12061,-23.35457],[-51.12057,-23.35466],[-51.12043,-23.35465],[-51.12029,-23.35483],[-51.12009,-23.35492],[-51.11976,-23.35491],[-51.11965,-23.355],[-51.1196,-23.35533],[-51.11939,-23.35546],[-51.11902,-23.35531],[-51.11871,-23.35526],[-51.11849,-23.35533],[-51.11816,-23.3552],[-51.11786,-23.35502],[-51.11746,-23.35455],[-51.11756,-23.3543],[-51.11738,-23.35395],[-51.11712,-23.35381],[-51.11673,-23.35339],[-51.11628,-23.35311],[-51.11484,-23.35303],[-51.11412,-23.35282],[-51.11374,-23.35331],[-51.1135,-23.35341],[-51.11312,-23.35308],[-51.11285,-23.35306],[-51.1127,-23.35323],[-51.11259,-23.35364],[-51.11217,-23.35413],[-51.11154,-23.3546],[-51.111,-23.35491],[-51.11053,-23.3554],[-51.11022,-23.35544],[-51.10993,-23.35529],[-51.10968,-23.35522],[-51.10929,-23.35541],[-51.10869,-23.35554],[-51.1078,-23.35586],[-51.1073,-23.35619],[-51.10705,-23.35648],[-51.10689,-23.35693],[-51.10652,-23.35735],[-51.10632,-23.35795],[-51.10624,-23.35836],[-51.10633,-23.35876],[-51.10596,-23.35961],[-51.10686,-23.36023],[-51.10721,-23.36087],[-51.10728,-23.36174],[-51.10836,-23.36291],[-51.10882,-23.36309],[-51.10898,-23.36349],[-51.10833,-23.3645],[-51.10895,-23.36448],[-51.10954,-23.36473],[-51.1098,-23.36504],[-51.10991,-23.36523],[-51.11021,-23.36531],[-51.11055,-23.36516],[-51.11074,-23.36522],[-51.11094,-23.36533],[-51.11125,-23.36525],[-51.11159,-23.36539],[-51.11196,-23.36534],[-51.11235,-23.36543],[-51.11255,-23.36551],[-51.11346,-23.3656],[-51.11419,-23.36534],[-51.11453,-23.36539],[-51.11489,-23.36515],[-51.115,-23.36493],[-51.11539,-23.36479],[-51.11552,-23.36463],[-51.11617,-23.36448],[-51.11699,-23.36442],[-51.11757,-23.36407],[-51.11789,-23.36415],[-51.1183,-23.36407],[-51.1191,-23.3636],[-51.11976,-23.36341],[-51.12007,-23.363],[-51.12087,-23.36265],[-51.12163,-23.3625],[-51.12211,-23.36247],[-51.12275,-23.36252],[-51.12325,-23.36244],[-51.12437,-23.36246],[-51.12496,-23.3624],[-51.12571,-23.36243],[-51.1263,-23.36216],[-51.12706,-23.36196],[-51.12859,-23.3619],[-51.12906,-23.36192],[-51.12945,-23.36199],[-51.1297,-23.36214],[-51.13007,-23.36222],[-51.13029,-23.36221],[-51.13091,-23.36191],[-51.13201,-23.36149],[-51.13247,-23.36138],[-51.13322,-23.36129],[-51.13336,-23.36151],[-51.13354,-23.3616],[-51.13618,-23.36284],[-51.138,-23.36356]]]}},{"type":"Feature","properties":{"code":"4113700008","name":"Ipiranga"},"geometry":{"type":"Polygon","coordinates":[[[-51.16139,-23.32416],[-51.16147,-23.32374],[-51.1616,-23.32307],[-51.16165,-23.32293],[-51.16184,-23.32256],[-51.16208,-23.32224],[-51.16235,-23.32203],[-51.16265,-23.32185],[-51.16269,-23.32183],[-51.16278,-23.32179],[-51.1629,-23.32176],[-51.16288,-23.32175],[-51.16283,-23.3217],[-51.16281,-23.32165],[-51.16282,-23.32159],[-51.16283,-23.32155],[-51.16269,-23.32111],[-51.16267,-23.32091],[-51.16267,-23.32021],[-51.16266,-23.32011],[-51.1626,-23.32003],[-51.16249,-23.31995],[-51.16142,-23.31995],[-51.16051,-23.31995],[-51.15966,-23.31994],[-51.15887,-23.31994],[-51.1576,-23.31995],[-51.15632,-23.31995],[-51.15505,-23.31995],[-51.15491,-23.31995],[-51.15491,-23.32088],[-51.15492,-23.32199],[-51.15491,-23.32302],[-51.15492,-23.32415],[-51.15505,-23.32413],[-51.15504,-23.32521],[-51.15502,-23.32585],[-51.15481,-23.32631],[-51.1545,-23.32694],[-51.15444,-23.32707],[-51.15506,-23.32708],[-51.15767,-23.3271],[-51.15851,-23.32709],[-51.15905,-23.327],[-51.15947,-23.32688],[-51.15981,-23.32672],[-51.16016,-23.3265],[-51.1605,-23.32621],[-51.1608,-23.32588],[-51.16092,-23.32566],[-51.16108,-23.32533],[-51.16122,-23.32496],[-51.16139,-23.32416]]]}},{"type":"Feature","properties":{"code":"4113700006","name":"Quebec"},"geometry":{"type":"Polygon","coordinates":[[[-51.17643,-23.32161],[-51.1766,-23.32032],[-51.1766,-23.3203],[-51.17681,-23.31873],[-51.17702,-23.31724],[-51.17725,-23.31543],[-51.17731,-23.31502],[-51.17732,-23.31495],[-51.17745,-23.31423],[-51.17754,-23.31332],[-51.17773,-23.312],[-51.17779,-23.3116],[-51.17793,-23.31067],[-51.17794,-23.31061],[-51.17804,-23.30991],[-51.17811,-23.30938],[-51.17823,-23.30867],[-51.17828,-23.30789],[-51.17833,-23.30755],[-51.17848,-23.30639],[-51.17864,-23.30524],[-51.17883,-23.30392],[-51.17887,-23.3036],[-51.17919,-23.3014],[-51.1787,-23.30143],[-51.17791,-23.30151],[-51.17746,-23.30158],[-51.17744,-23.30144],[-51.17592,-23.30168],[-51.17579,-23.3017],[-51.17471,-23.30185],[-51.17364,-23.30202],[-51.17342,-23.30205],[-51.17326,-23.30212],[-51.17317,-23.30217],[-51.17292,-23.3024],[-51.1728,-23.30256],[-51.17273,-23.30271],[-51.17269,-23.30292],[-51.1727,-23.3031],[-51.17273,-23.30331],[-51.1728,-23.30356],[-51.17288,-23.3038],[-51.17289,-23.30394],[-51.17287,-23.30413],[-51.1728,-23.30436],[-51.17273,-23.30447],[-51.17263,-23.30458],[-51.17239,-23.30474],[-51.17064,-23.30588],[-51.17051,-23.30603],[-51.17047,-23.30616],[-51.17046,-23.30625],[-51.17046,-23.30647],[-51.17046,-23.30655],[-51.17046,-23.30666],[-51.17046,-23.30771],[-51.17048,-23.30805],[-51.17045,-23.30879],[-51.17046,-23.30938],[-51.1704,-23.30989],[-51.17042,-23.31024],[-51.17048,-23.311],[-51.17048,-23.31215],[-51.17044,-23.31337],[-51.1704,-23.31444],[-51.17043,-23.31552],[-51.17042,-23.31663],[-51.17044,-23.31768],[-51.17045,-23.31855],[-51.17058,-23.31855],[-51.17057,-23.31873],[-51.17054,-23.31888],[-51.17053,-23.31889],[-51.17048,-23.31902],[-51.17044,-23.31979],[-51.17047,-23.32085],[-51.17182,-23.32088],[-51.1718,-23.32201],[-51.17179,-23.32306],[-51.17177,-23.3239],[-51.17175,-23.32594],[-51.17164,-23.32648],[-51.17152,-23.32668],[-51.17141,-23.32688],[-51.17126,-23.32695],[-51.17101,-23.32703],[-51.17079,-23.32708],[-51.17046,-23.32711],[-51.16915,-23.3271],[-51.16861,-23.3271],[-51.16775,-23.32706],[-51.16759,-23.327],[-51.16762,-23.32787],[-51.16762,-23.32873],[-51.16762,-23.32944],[-51.16782,-23.32942],[-51.16799,-23.32941],[-51.16851,-23.3294],[-51.16921,-23.32932],[-51.16975,-23.32927],[-51.17064,-23.32905],[-51.17153,-23.32876],[-51.17222,-23.32845],[-51.17283,-23.3281],[-51.17343,-23.32765],[-51.17397,-23.3273],[-51.17451,-23.32708],[-51.17515,-23.32671],[-51.17553,-23.32644],[-51.17602,-23.32612],[-51.17646,-23.32581],[-51.17655,-23.32575],[-51.17672,-23.3256],[-51.17678,-23.32555],[-51.1769,-23.32545],[-51.17614,-23.32485],[-51.17615,-23.32466],[-51.17611,-23.32425],[-51.17611,-23.32414],[-51.17611,-23.32412],[-51.17613,-23.32396],[-51.17617,-23.32369],[-51.17619,-23.3236],[-51.1762,-23.32351],[-51.17627,-23.32294],[-51.17631,-23.32274],[-51.17635,-23.32231],[-51.17638,-23.32212],[-51.17643,-23.32161]]]}},{"type":"Feature","properties":{"code":"4113700015","name":"Cinco Conjuntos"},"geometry":{"type":"Polygon","coordinates":[[[-51.13547,-23.24579],[-51.13552,-23.2477],[-51.13521,-23.2477],[-51.13536,-23.24858],[-51.1354,-23.2492],[-51.13547,-23.2495],[-51.13553,-23.24977],[-51.13542,-23.25011],[-51.13558,-23.25021],[-51.13559,-23.25141],[-51.13543,-23.25141],[-51.13497,-23.25142],[-51.13452,-23.25133],[-51.13417,-23.25124],[-51.13389,-23.25113],[-51.13353,-23.25098],[-51.13323,-23.25086],[-51.13311,-23.25086],[-51.13258,-23.25093],[-51.13201,-23.2511],[-51.13145,-23.25136],[-51.13094,-23.25134],[-51.13063,-23.25129],[-51.12903,-23.25157],[-51.12823,-23.25184],[-51.12831,-23.25242],[-51.12864,-23.25567],[-51.1279,-23.25578],[-51.12776,-23.25584],[-51.12781,-23.25758],[-51.12798,-23.25809],[-51.12788,-23.25888],[-51.12797,-23.25904],[-51.12804,-23.25964],[-51.12801,-23.26025],[-51.12801,-23.26073],[-51.12813,-23.26208],[-51.12836,-23.26206],[-51.12885,-23.26203],[-51.12994,-23.26173],[-51.13105,-23.26119],[-51.13215,-23.26086],[-51.13283,-23.26078],[-51.13764,-23.26069],[-51.13774,-23.26052],[-51.13793,-23.26045],[-51.13817,-23.26052],[-51.13926,-23.25963],[-51.13952,-23.25926],[-51.13952,-23.25952],[-51.13951,-23.26056],[-51.13952,-23.26184],[-51.13955,-23.26286],[-51.13954,-23.26355],[-51.14113,-23.26356],[-51.14114,-23.26414],[-51.14114,-23.26471],[-51.14115,-23.26528],[-51.14054,-23.26529],[-51.1399,-23.26529],[-51.13958,-23.26529],[-51.13941,-23.26529],[-51.13887,-23.2653],[-51.13821,-23.26529],[-51.13808,-23.26529],[-51.13813,-23.26639],[-51.13822,-23.26872],[-51.13822,-23.27001],[-51.13829,-23.27178],[-51.13843,-23.27176],[-51.13867,-23.27175],[-51.13886,-23.27189],[-51.13899,-23.27185],[-51.1392,-23.2719],[-51.13929,-23.27188],[-51.1395,-23.27193],[-51.1396,-23.27183],[-51.13964,-23.27172],[-51.13982,-23.27166],[-51.14006,-23.27162],[-51.14008,-23.27145],[-51.14015,-23.27141],[-51.14044,-23.27163],[-51.14048,-23.27185],[-51.14072,-23.272],[-51.14075,-23.27216],[-51.14099,-23.27237],[-51.14129,-23.27244],[-51.14151,-23.27253],[-51.14165,-23.27268],[-51.14205,-23.27289],[-51.14237,-23.27297],[-51.14243,-23.27306],[-51.14244,-23.27322],[-51.14278,-23.27387],[-51.14296,-23.27395],[-51.14341,-23.27425],[-51.14365,-23.27428],[-51.1439,-23.27426],[-51.14419,-23.27435],[-51.14433,-23.27434],[-51.14465,-23.27438],[-51.14474,-23.27432],[-51.14496,-23.27404],[-51.14504,-23.27392],[-51.14547,-23.27356],[-51.14555,-23.27339],[-51.14574,-23.27318],[-51.14595,-23.27305],[-51.14609,-23.27301],[-51.14612,-23.27295],[-51.14627,-23.27286],[-51.14656,-23.27273],[-51.14669,-23.2727],[-51.14681,-23.27262],[-51.14693,-23.27257],[-51.14712,-23.27247],[-51.1473,-23.27249],[-51.14743,-23.27244],[-51.14756,-23.27234],[-51.14764,-23.27231],[-51.14782,-23.27228],[-51.14801,-23.27226],[-51.14827,-23.27217],[-51.14839,-23.27217],[-51.14848,-23.27209],[-51.14861,-23.27212],[-51.14868,-23.2721],[-51.14882,-23.27203],[-51.14899,-23.27202],[-51.14909,-23.27191],[-51.1492,-23.27186],[-51.14936,-23.27181],[-51.14937,-23.27141],[-51.14926,-23.27113],[-51.14894,-23.27081],[-51.14921,-23.27084],[-51.14946,-23.27072],[-51.14965,-23.27052],[-51.1497,-23.2703],[-51.14948,-23.26978],[-51.14969,-23.26954],[-51.15059,-23.2693],[-51.15103,-23.26917],[-51.1514,-23.26938],[-51.15157,-23.26921],[-51.15231,-23.26866],[-51.15303,-23.26788],[-51.15338,-23.26739],[-51.15371,-23.26676],[-51.15409,-23.26595],[-51.15452,-23.26517],[-51.15496,-23.26468],[-51.1556,-23.264],[-51.15627,-23.26333],[-51.1564,-23.26329],[-51.15656,-23.26277],[-51.15672,-23.26251],[-51.15685,-23.26216],[-51.15699,-23.26165],[-51.15712,-23.26111],[-51.15724,-23.26056],[-51.15737,-23.26001],[-51.15761,-23.25892],[-51.15774,-23.25888],[-51.15792,-23.25877],[-51.15793,-23.25856],[-51.15785,-23.25843],[-51.15771,-23.25835],[-51.15757,-23.25836],[-51.15744,-23.25771],[-51.15744,-23.25682],[-51.15743,-23.2552],[-51.15743,-23.25464],[-51.15742,-23.25408],[-51.15742,-23.25397],[-51.1563,-23.25401],[-51.15513,-23.25399],[-51.15515,-23.25297],[-51.15514,-23.25201],[-51.15629,-23.25199],[-51.1563,-23.251],[-51.15626,-23.24998],[-51.15625,-23.24895],[-51.1574,-23.24895],[-51.15705,-23.24864],[-51.157,-23.2486],[-51.15636,-23.248],[-51.15629,-23.2477],[-51.15523,-23.24792],[-51.1549,-23.24735],[-51.15434,-23.2471],[-51.15407,-23.24696],[-51.15342,-23.24631],[-51.15319,-23.2459],[-51.15306,-23.24567],[-51.15281,-23.24524],[-51.1525,-23.24468],[-51.15224,-23.24417],[-51.15205,-23.24371],[-51.15186,-23.24314],[-51.15167,-23.24211],[-51.14999,-23.24257],[-51.14856,-23.24302],[-51.14796,-23.2432],[-51.14769,-23.24329],[-51.14726,-23.24342],[-51.14636,-23.2437],[-51.14583,-23.24386],[-51.14521,-23.24405],[-51.14458,-23.24424],[-51.14444,-23.24428],[-51.14412,-23.24438],[-51.14405,-23.2444],[-51.14392,-23.24444],[-51.14384,-23.24446],[-51.14348,-23.24456],[-51.14245,-23.24493],[-51.14271,-23.24536],[-51.14308,-23.24572],[-51.14323,-23.24591],[-51.14346,-23.24597],[-51.14367,-23.24592],[-51.14379,-23.24581],[-51.1439,-23.24596],[-51.14382,-23.24605],[-51.14404,-23.24627],[-51.14429,-23.24661],[-51.14416,-23.24693],[-51.14401,-23.24708],[-51.14356,-23.24715],[-51.14314,-23.24712],[-51.14286,-23.24703],[-51.14254,-23.24687],[-51.14148,-23.24602],[-51.1407,-23.24544],[-51.14012,-23.24493],[-51.13953,-23.24447],[-51.13887,-23.24397],[-51.13874,-23.24388],[-51.13857,-23.24375],[-51.13814,-23.24301],[-51.1376,-23.24298],[-51.13764,-23.2426],[-51.13707,-23.24193],[-51.13675,-23.24187],[-51.13627,-23.24189],[-51.13598,-23.24155],[-51.13588,-23.24144],[-51.13577,-23.24132],[-51.13528,-23.24139],[-51.13531,-23.24215],[-51.13542,-23.24202],[-51.13538,-23.24221],[-51.1354,-23.24298],[-51.13543,-23.24396],[-51.13543,-23.24426],[-51.13547,-23.24579]]]}},{"type":"Feature","properties":{"code":"4113700053","name":"Parque das Indústrias"},"geometry":{"type":"Polygon","coordinates":[[[-51.13177,-23.37938],[-51.13203,-23.37959],[-51.13339,-23.38043],[-51.13384,-23.38046],[-51.1339,-23.38051],[-51.1339,-23.38064],[-51.13385,-23.38088],[-51.13392,-23.38106],[-51.13423,-23.3814],[-51.13435,-23.38151],[-51.13455,-23.3812],[-51.13475,-23.38096],[-51.13501,-23.38075],[-51.13601,-23.3801],[-51.13641,-23.37975],[-51.13677,-23.37923],[-51.13696,-23.37882],[-51.13757,-23.37721],[-51.13793,-23.37621],[-51.13817,-23.37556],[-51.13864,-23.37368],[-51.13907,-23.37219],[-51.1393,-23.37168],[-51.13958,-23.37117],[-51.13981,-23.37083],[-51.13994,-23.37074],[-51.14006,-23.37077],[-51.14121,-23.36935],[-51.14151,-23.36898],[-51.14255,-23.36775],[-51.14353,-23.36662],[-51.14435,-23.36562],[-51.14562,-23.36412],[-51.14594,-23.36374],[-51.14639,-23.36331],[-51.14686,-23.36293],[-51.14804,-23.36215],[-51.14874,-23.3618],[-51.14991,-23.36137],[-51.15013,-23.36119],[-51.15147,-23.3607],[-51.15156,-23.36071],[-51.15165,-23.36071],[-51.15174,-23.36067],[-51.15179,-23.36064],[-51.15183,-23.36058],[-51.15186,-23.36051],[-51.15186,-23.36039],[-51.15183,-23.36031],[-51.15177,-23.36025],[-51.15173,-23.36022],[-51.15158,-23.36001],[-51.1507,-23.35794],[-51.15048,-23.35744],[-51.14982,-23.35601],[-51.14954,-23.35612],[-51.1492,-23.35635],[-51.14928,-23.35646],[-51.14814,-23.35725],[-51.1464,-23.35846],[-51.14347,-23.3605],[-51.14229,-23.36135],[-51.14185,-23.36069],[-51.14158,-23.3609],[-51.14145,-23.36114],[-51.14137,-23.36152],[-51.14111,-23.36169],[-51.14055,-23.36207],[-51.14067,-23.36239],[-51.13981,-23.36331],[-51.13912,-23.36366],[-51.13866,-23.36382],[-51.138,-23.36356],[-51.13618,-23.36284],[-51.13354,-23.3616],[-51.13336,-23.36151],[-51.13322,-23.36129],[-51.13247,-23.36138],[-51.13201,-23.36149],[-51.13091,-23.36191],[-51.13029,-23.36221],[-51.13007,-23.36222],[-51.1297,-23.36214],[-51.12945,-23.36199],[-51.12906,-23.36192],[-51.12859,-23.3619],[-51.12706,-23.36196],[-51.1263,-23.36216],[-51.12571,-23.36243],[-51.12496,-23.3624],[-51.12437,-23.36246],[-51.12325,-23.36244],[-51.12275,-23.36252],[-51.12211,-23.36247],[-51.12163,-23.3625],[-51.12087,-23.36265],[-51.12007,-23.363],[-51.11976,-23.36341],[-51.1191,-23.3636],[-51.1183,-23.36407],[-51.11789,-23.36415],[-51.11757,-23.36407],[-51.11699,-23.36442],[-51.11617,-23.36448],[-51.1166,-23.36463],[-51.1168,-23.36516],[-51.11728,-23.36557],[-51.11793,-23.36595],[-51.11876,-23.3662],[-51.11942,-23.36655],[-51.11987,-23.36697],[-51.12135,-23.36893],[-51.12157,-23.36932],[-51.12187,-23.36965],[-51.12272,-23.3701],[-51.12394,-23.37126],[-51.12421,-23.37183],[-51.12494,-23.37238],[-51.12538,-23.37278],[-51.1254,-23.37297],[-51.1251,-23.37306],[-51.12509,-23.3733],[-51.12489,-23.37346],[-51.12469,-23.37369],[-51.12453,-23.37433],[-51.12555,-23.38172],[-51.12583,-23.38151],[-51.12606,-23.38141],[-51.12648,-23.38132],[-51.12701,-23.38141],[-51.12782,-23.38163],[-51.12811,-23.38168],[-51.1285,-23.38177],[-51.12894,-23.38178],[-51.12936,-23.38171],[-51.12993,-23.38141],[-51.13049,-23.3808],[-51.13177,-23.37938]]]}},{"type":"Feature","properties":{"code":"4113700050","name":"Inglaterra"},"geometry":{"type":"Polygon","coordinates":[[[-51.144,-23.34599],[-51.14423,-23.34638],[-51.14529,-23.34815],[-51.14534,-23.34826],[-51.14679,-23.35077],[-51.14718,-23.35141],[-51.148,-23.35285],[-51.14848,-23.3537],[-51.14865,-23.35362],[-51.14929,-23.35487],[-51.14982,-23.35601],[-51.15048,-23.35744],[-51.1507,-23.35794],[-51.15158,-23.36001],[-51.15173,-23.36022],[-51.15177,-23.36025],[-51.15183,-23.36031],[-51.15186,-23.36039],[-51.15295,-23.36002],[-51.15387,-23.3597],[-51.15454,-23.35941],[-51.1551,-23.35913],[-51.1553,-23.35901],[-51.15561,-23.35882],[-51.15579,-23.35869],[-51.15893,-23.35603],[-51.1588,-23.35588],[-51.15871,-23.3547],[-51.15855,-23.35383],[-51.15851,-23.35308],[-51.15837,-23.35302],[-51.15795,-23.35281],[-51.15712,-23.35279],[-51.15641,-23.3526],[-51.15533,-23.35183],[-51.15504,-23.35153],[-51.15398,-23.35039],[-51.15311,-23.34919],[-51.15216,-23.3476],[-51.15145,-23.3469],[-51.15101,-23.34653],[-51.15086,-23.34624],[-51.15077,-23.34607],[-51.15074,-23.34568],[-51.15057,-23.34534],[-51.1505,-23.3447],[-51.15051,-23.34405],[-51.15063,-23.34364],[-51.15097,-23.34314],[-51.1513,-23.34261],[-51.1516,-23.3421],[-51.15185,-23.34169],[-51.15206,-23.34066],[-51.15207,-23.33998],[-51.15187,-23.33968],[-51.15159,-23.33957],[-51.15127,-23.33962],[-51.15098,-23.33966],[-51.15077,-23.33952],[-51.15053,-23.33935],[-51.15036,-23.33921],[-51.15022,-23.33908],[-51.1501,-23.33888],[-51.14997,-23.33865],[-51.14953,-23.33835],[-51.14916,-23.33825],[-51.14873,-23.33816],[-51.14862,-23.33813],[-51.14854,-23.33809],[-51.14835,-23.33799],[-51.14818,-23.3379],[-51.14792,-23.33776],[-51.14767,-23.33763],[-51.14748,-23.33754],[-51.14724,-23.33741],[-51.14697,-23.33727],[-51.14675,-23.33718],[-51.14664,-23.33716],[-51.14647,-23.33717],[-51.14629,-23.33726],[-51.14614,-23.33734],[-51.14582,-23.33753],[-51.14569,-23.33758],[-51.14566,-23.33761],[-51.14566,-23.33762],[-51.14561,-23.33765],[-51.14554,-23.33767],[-51.14544,-23.3377],[-51.14536,-23.33772],[-51.14523,-23.33776],[-51.14514,-23.33778],[-51.14488,-23.33801],[-51.14469,-23.33817],[-51.1446,-23.3383],[-51.14444,-23.33828],[-51.14417,-23.33841],[-51.14425,-23.33851],[-51.14426,-23.33866],[-51.14411,-23.33894],[-51.1439,-23.33936],[-51.14379,-23.33967],[-51.14367,-23.33978],[-51.14347,-23.34008],[-51.14355,-23.34029],[-51.14324,-23.34087],[-51.14307,-23.34124],[-51.14287,-23.3418],[-51.14275,-23.34232],[-51.14265,-23.34283],[-51.14267,-23.34333],[-51.14283,-23.3439],[-51.143,-23.34427],[-51.14332,-23.34482],[-51.144,-23.34599]]]}},{"type":"Feature","properties":{"code":"4113700046","name":"Guanabara"},"geometry":{"type":"Polygon","coordinates":[[[-51.16651,-23.33506],[-51.16626,-23.33509],[-51.16624,-23.33726],[-51.16622,-23.3385],[-51.16623,-23.33925],[-51.16618,-23.33973],[-51.16731,-23.3397],[-51.16768,-23.33969],[-51.16802,-23.33968],[-51.16824,-23.33968],[-51.16879,-23.3396],[-51.16933,-23.33966],[-51.16944,-23.33966],[-51.16958,-23.33967],[-51.16982,-23.33977],[-51.17005,-23.33991],[-51.17092,-23.34007],[-51.17128,-23.3402],[-51.17184,-23.34059],[-51.17285,-23.34111],[-51.17349,-23.34122],[-51.17367,-23.34125],[-51.17406,-23.34139],[-51.17446,-23.34139],[-51.17509,-23.34147],[-51.17552,-23.34175],[-51.17566,-23.34201],[-51.17651,-23.34217],[-51.17711,-23.34218],[-51.17774,-23.34188],[-51.17782,-23.34169],[-51.17833,-23.34142],[-51.17883,-23.34108],[-51.1794,-23.3403],[-51.18044,-23.33961],[-51.18046,-23.33967],[-51.18052,-23.34004],[-51.18054,-23.34034],[-51.18049,-23.34139],[-51.18048,-23.3416],[-51.18049,-23.34165],[-51.18056,-23.34174],[-51.18081,-23.34188],[-51.1809,-23.34196],[-51.18099,-23.34207],[-51.18102,-23.34215],[-51.18106,-23.34223],[-51.18111,-23.34234],[-51.18114,-23.34242],[-51.18114,-23.34251],[-51.18111,-23.34259],[-51.18111,-23.34274],[-51.18116,-23.34285],[-51.18128,-23.34293],[-51.18138,-23.343],[-51.18146,-23.34309],[-51.18164,-23.34287],[-51.18172,-23.34272],[-51.18172,-23.34259],[-51.18167,-23.34249],[-51.18153,-23.34229],[-51.1815,-23.34212],[-51.18155,-23.34198],[-51.18199,-23.3415],[-51.18248,-23.34085],[-51.18274,-23.34042],[-51.18311,-23.33977],[-51.1833,-23.33939],[-51.18387,-23.33779],[-51.18404,-23.33755],[-51.18418,-23.33747],[-51.18437,-23.3375],[-51.18455,-23.33759],[-51.18425,-23.33729],[-51.18394,-23.33705],[-51.18384,-23.33701],[-51.18339,-23.33678],[-51.18309,-23.33671],[-51.18126,-23.33625],[-51.18039,-23.33605],[-51.1788,-23.33568],[-51.17833,-23.33557],[-51.17797,-23.33545],[-51.17772,-23.33547],[-51.17759,-23.3355],[-51.17759,-23.33505],[-51.17752,-23.33392],[-51.17751,-23.33375],[-51.17748,-23.33237],[-51.17748,-23.33209],[-51.17747,-23.33156],[-51.17747,-23.3309],[-51.17747,-23.33074],[-51.17747,-23.33056],[-51.17733,-23.32859],[-51.17725,-23.3262],[-51.17725,-23.32606],[-51.17717,-23.32592],[-51.17706,-23.32574],[-51.1769,-23.32545],[-51.17678,-23.32555],[-51.17672,-23.3256],[-51.17655,-23.32575],[-51.17646,-23.32581],[-51.17602,-23.32612],[-51.17553,-23.32644],[-51.17515,-23.32671],[-51.17451,-23.32708],[-51.17397,-23.3273],[-51.17343,-23.32765],[-51.17283,-23.3281],[-51.17222,-23.32845],[-51.17153,-23.32876],[-51.17064,-23.32905],[-51.16975,-23.32927],[-51.16921,-23.32932],[-51.16851,-23.3294],[-51.16799,-23.32941],[-51.16782,-23.32942],[-51.16762,-23.32944],[-51.16764,-23.33006],[-51.16721,-23.33028],[-51.16673,-23.33062],[-51.16651,-23.33087],[-51.16651,-23.33176],[-51.16651,-23.33289],[-51.1665,-23.33396],[-51.16651,-23.33506]]]}},{"type":"Feature","properties":{"code":"4113700002","name":"Shangri-lá"},"geometry":{"type":"Polygon","coordinates":[[[-51.18529,-23.30065],[-51.18687,-23.30046],[-51.18734,-23.30034],[-51.18837,-23.30006],[-51.18924,-23.2997],[-51.18918,-23.29961],[-51.18991,-23.29932],[-51.19079,-23.299],[-51.1913,-23.29883],[-51.19194,-23.29861],[-51.1943,-23.29828],[-51.19259,-23.29712],[-51.19255,-23.29709],[-51.19144,-23.29637],[-51.19066,-23.29587],[-51.1897,-23.29522],[-51.18932,-23.29497],[-51.18855,-23.29447],[-51.18813,-23.29419],[-51.18798,-23.2941],[-51.18731,-23.29365],[-51.18716,-23.29355],[-51.18683,-23.29335],[-51.18648,-23.29317],[-51.18614,-23.29305],[-51.18577,-23.29292],[-51.18552,-23.29287],[-51.18525,-23.29281],[-51.18503,-23.29277],[-51.18452,-23.29276],[-51.18306,-23.29276],[-51.18011,-23.29279],[-51.17991,-23.29279],[-51.17741,-23.2928],[-51.17661,-23.2928],[-51.17583,-23.29279],[-51.1749,-23.2928],[-51.17335,-23.29278],[-51.17334,-23.2932],[-51.17337,-23.29389],[-51.17342,-23.29476],[-51.17345,-23.29548],[-51.17345,-23.29602],[-51.17345,-23.29611],[-51.1735,-23.29675],[-51.17351,-23.29744],[-51.1735,-23.29776],[-51.1735,-23.29807],[-51.17352,-23.29823],[-51.17353,-23.29878],[-51.17355,-23.29891],[-51.17358,-23.29899],[-51.17339,-23.2991],[-51.17322,-23.29919],[-51.1732,-23.29928],[-51.17319,-23.29935],[-51.17323,-23.29945],[-51.17327,-23.2995],[-51.17335,-23.29955],[-51.17357,-23.29954],[-51.1736,-23.30012],[-51.17361,-23.30026],[-51.1736,-23.30066],[-51.17361,-23.30119],[-51.17364,-23.30202],[-51.17471,-23.30185],[-51.17579,-23.3017],[-51.17592,-23.30168],[-51.17744,-23.30144],[-51.17746,-23.30158],[-51.17791,-23.30151],[-51.1787,-23.30143],[-51.17919,-23.3014],[-51.18029,-23.30127],[-51.18034,-23.30127],[-51.18277,-23.30098],[-51.18379,-23.30085],[-51.18529,-23.30065]]]}},{"type":"Feature","properties":{"code":"4113700017","name":"Coliseu"},"geometry":{"type":"Polygon","coordinates":[[[-51.18639,-23.29102],[-51.18655,-23.29077],[-51.18734,-23.2907],[-51.18737,-23.29031],[-51.18738,-23.29023],[-51.18745,-23.28956],[-51.1875,-23.28911],[-51.18758,-23.2886],[-51.18764,-23.28807],[-51.1877,-23.28761],[-51.18777,-23.28715],[-51.18777,-23.28714],[-51.18778,-23.2871],[-51.18785,-23.28665],[-51.18793,-23.28607],[-51.18793,-23.28604],[-51.18799,-23.28567],[-51.18799,-23.28564],[-51.188,-23.28562],[-51.18804,-23.28512],[-51.1881,-23.28467],[-51.18817,-23.28421],[-51.18817,-23.28419],[-51.18824,-23.28372],[-51.18831,-23.28325],[-51.18835,-23.28277],[-51.18839,-23.28246],[-51.1883,-23.28245],[-51.18854,-23.28195],[-51.18876,-23.28141],[-51.18891,-23.28103],[-51.189,-23.28059],[-51.18915,-23.27988],[-51.18926,-23.27907],[-51.18931,-23.27876],[-51.18934,-23.27864],[-51.18769,-23.27929],[-51.18645,-23.27992],[-51.18544,-23.28042],[-51.18472,-23.28078],[-51.18366,-23.28128],[-51.1825,-23.28193],[-51.1817,-23.28233],[-51.18197,-23.28277],[-51.18144,-23.28297],[-51.18144,-23.28314],[-51.18047,-23.28345],[-51.17947,-23.28369],[-51.17851,-23.28383],[-51.17789,-23.28385],[-51.17692,-23.28385],[-51.17621,-23.28381],[-51.17374,-23.28337],[-51.17301,-23.28318],[-51.1729,-23.28315],[-51.17293,-23.28423],[-51.17295,-23.28497],[-51.17307,-23.28512],[-51.17312,-23.28642],[-51.17316,-23.28777],[-51.17319,-23.28846],[-51.17321,-23.28914],[-51.17324,-23.29021],[-51.17327,-23.29104],[-51.1733,-23.2917],[-51.17332,-23.29219],[-51.17335,-23.29278],[-51.1749,-23.2928],[-51.17583,-23.29279],[-51.17661,-23.2928],[-51.17741,-23.2928],[-51.17991,-23.29279],[-51.18011,-23.29279],[-51.18306,-23.29276],[-51.18452,-23.29276],[-51.18503,-23.29277],[-51.18525,-23.29281],[-51.1853,-23.29272],[-51.18535,-23.29265],[-51.18639,-23.29102]]]}},{"type":"Feature","properties":{"code":"4113700026","name":"Champagnat"},"geometry":{"type":"Polygon","coordinates":[[[-51.18543,-23.31757],[-51.18587,-23.31765],[-51.18631,-23.31764],[-51.1865,-23.3176],[-51.18665,-23.31741],[-51.1872,-23.31671],[-51.18766,-23.31649],[-51.18845,-23.31646],[-51.18907,-23.31641],[-51.1894,-23.3165],[-51.18955,-23.3165],[-51.18969,-23.31632],[-51.18969,-23.31624],[-51.18986,-23.31589],[-51.19011,-23.31515],[-51.1904,-23.31422],[-51.19064,-23.3139],[-51.19082,-23.31317],[-51.19111,-23.31239],[-51.19122,-23.31155],[-51.19121,-23.31126],[-51.19101,-23.31098],[-51.19097,-23.31077],[-51.19116,-23.31038],[-51.19139,-23.30996],[-51.19152,-23.30957],[-51.19159,-23.30948],[-51.19166,-23.30925],[-51.19193,-23.30875],[-51.19201,-23.30839],[-51.19224,-23.30804],[-51.1925,-23.30786],[-51.1926,-23.30759],[-51.19283,-23.30719],[-51.19279,-23.30654],[-51.19274,-23.30625],[-51.19277,-23.30593],[-51.1929,-23.30567],[-51.19304,-23.30504],[-51.19303,-23.30482],[-51.19319,-23.30445],[-51.19325,-23.30437],[-51.1935,-23.30394],[-51.19353,-23.30367],[-51.19334,-23.30344],[-51.1936,-23.30304],[-51.19382,-23.30273],[-51.1939,-23.30266],[-51.19401,-23.30258],[-51.19411,-23.30257],[-51.1942,-23.30259],[-51.19438,-23.3026],[-51.19437,-23.30238],[-51.19432,-23.30185],[-51.19494,-23.30174],[-51.1944,-23.30123],[-51.19378,-23.30067],[-51.19311,-23.30003],[-51.19296,-23.29989],[-51.19256,-23.29947],[-51.19221,-23.29919],[-51.19208,-23.29909],[-51.19179,-23.29894],[-51.1917,-23.29892],[-51.19134,-23.29889],[-51.1913,-23.29883],[-51.19079,-23.299],[-51.18991,-23.29932],[-51.18918,-23.29961],[-51.18924,-23.2997],[-51.18837,-23.30006],[-51.18734,-23.30034],[-51.18687,-23.30046],[-51.18529,-23.30065],[-51.18379,-23.30085],[-51.18277,-23.30098],[-51.18034,-23.30127],[-51.18029,-23.30127],[-51.18052,-23.30149],[-51.1809,-23.30226],[-51.18105,-23.30248],[-51.18122,-23.30261],[-51.18139,-23.30271],[-51.18188,-23.30303],[-51.18246,-23.30343],[-51.18304,-23.30384],[-51.18368,-23.30428],[-51.18428,-23.30471],[-51.18376,-23.30528],[-51.18388,-23.30552],[-51.18383,-23.30598],[-51.18368,-23.30628],[-51.18352,-23.30675],[-51.18342,-23.30723],[-51.18349,-23.30795],[-51.18293,-23.3092],[-51.18287,-23.31006],[-51.18272,-23.31086],[-51.18272,-23.31154],[-51.18282,-23.31228],[-51.18285,-23.31288],[-51.18242,-23.3127],[-51.18202,-23.31249],[-51.18136,-23.31218],[-51.1812,-23.3126],[-51.18114,-23.31276],[-51.18076,-23.3136],[-51.18049,-23.31413],[-51.18042,-23.31461],[-51.18037,-23.3152],[-51.18034,-23.31534],[-51.18103,-23.31549],[-51.18175,-23.31571],[-51.18203,-23.31583],[-51.18163,-23.31644],[-51.18208,-23.3167],[-51.18225,-23.3168],[-51.18246,-23.31697],[-51.18267,-23.31719],[-51.18324,-23.31761],[-51.18384,-23.31792],[-51.18391,-23.31761],[-51.18399,-23.31719],[-51.18397,-23.31707],[-51.18452,-23.31728],[-51.18513,-23.3175],[-51.18543,-23.31757]]]}},{"type":"Feature","properties":{"code":"4113700052","name":"Cafezal"},"geometry":{"type":"Polygon","coordinates":[[[-51.1566,-23.37591],[-51.15681,-23.37588],[-51.15717,-23.37584],[-51.15745,-23.3759],[-51.15785,-23.37598],[-51.15825,-23.37588],[-51.15845,-23.3757],[-51.15885,-23.37542],[-51.15921,-23.37533],[-51.15952,-23.37526],[-51.16001,-23.37507],[-51.16048,-23.37488],[-51.16098,-23.37473],[-51.16139,-23.3746],[-51.1616,-23.37445],[-51.16222,-23.37402],[-51.16244,-23.37381],[-51.1626,-23.37361],[-51.16249,-23.37322],[-51.16232,-23.37227],[-51.16194,-23.36997],[-51.1618,-23.36886],[-51.16117,-23.36838],[-51.16068,-23.368],[-51.16042,-23.36778],[-51.15925,-23.36686],[-51.15926,-23.36655],[-51.15956,-23.36417],[-51.15989,-23.36269],[-51.15991,-23.36243],[-51.15995,-23.3621],[-51.15989,-23.36178],[-51.15985,-23.36158],[-51.15974,-23.3614],[-51.15961,-23.3612],[-51.15945,-23.36098],[-51.15929,-23.3609],[-51.15902,-23.36078],[-51.15867,-23.36062],[-51.15823,-23.36042],[-51.1559,-23.35939],[-51.15548,-23.35915],[-51.1553,-23.35901],[-51.1551,-23.35913],[-51.15454,-23.35941],[-51.15387,-23.3597],[-51.15295,-23.36002],[-51.15186,-23.36039],[-51.15186,-23.36051],[-51.15183,-23.36058],[-51.15179,-23.36064],[-51.15174,-23.36067],[-51.15165,-23.36071],[-51.15156,-23.36071],[-51.15147,-23.3607],[-51.15013,-23.36119],[-51.14991,-23.36137],[-51.14874,-23.3618],[-51.14804,-23.36215],[-51.14686,-23.36293],[-51.14639,-23.36331],[-51.14594,-23.36374],[-51.14562,-23.36412],[-51.14435,-23.36562],[-51.14353,-23.36662],[-51.14255,-23.36775],[-51.14151,-23.36898],[-51.1419,-23.3693],[-51.14229,-23.36959],[-51.14268,-23.36988],[-51.14307,-23.37016],[-51.14352,-23.37051],[-51.14392,-23.37081],[-51.14427,-23.37106],[-51.14466,-23.37134],[-51.14507,-23.37164],[-51.14547,-23.37193],[-51.14586,-23.37221],[-51.14621,-23.37247],[-51.14621,-23.37259],[-51.14632,-23.37282],[-51.1467,-23.37326],[-51.14739,-23.37363],[-51.14825,-23.3741],[-51.14844,-23.37399],[-51.14852,-23.37366],[-51.14859,-23.37323],[-51.14867,-23.37251],[-51.14866,-23.37233],[-51.14872,-23.3722],[-51.14877,-23.37194],[-51.14873,-23.37171],[-51.14897,-23.37153],[-51.14904,-23.37089],[-51.15087,-23.37286],[-51.15166,-23.37367],[-51.15203,-23.37408],[-51.15239,-23.37448],[-51.15252,-23.37461],[-51.15287,-23.37496],[-51.15326,-23.37535],[-51.15364,-23.37577],[-51.15413,-23.37628],[-51.15462,-23.37503],[-51.15485,-23.37533],[-51.15538,-23.37591],[-51.1566,-23.37591]]]}},{"type":"Feature","properties":{"code":"4113700038","name":"Cidade Industrial II"},"geometry":{"type":"Polygon","coordinates":[[[-51.10099,-23.30899],[-51.10329,-23.30883],[-51.10346,-23.30882],[-51.10484,-23.30872],[-51.10505,-23.3087],[-51.10866,-23.30837],[-51.10894,-23.30834],[-51.11065,-23.30818],[-51.11159,-23.3081],[-51.11196,-23.30801],[-51.11243,-23.30791],[-51.11315,-23.30789],[-51.11372,-23.30792],[-51.11418,-23.30799],[-51.11464,-23.30809],[-51.11517,-23.30827],[-51.11595,-23.30868],[-51.11701,-23.30938],[-51.11732,-23.30962],[-51.11759,-23.30981],[-51.11805,-23.31012],[-51.11924,-23.31085],[-51.11927,-23.3111],[-51.1194,-23.3112],[-51.11959,-23.31121],[-51.11982,-23.31114],[-51.11998,-23.31101],[-51.11999,-23.31099],[-51.12128,-23.31109],[-51.12148,-23.3111],[-51.12352,-23.31122],[-51.12604,-23.31139],[-51.12767,-23.31149],[-51.12875,-23.31156],[-51.12923,-23.3113],[-51.12951,-23.31108],[-51.12936,-23.31101],[-51.12918,-23.31093],[-51.12895,-23.31083],[-51.12828,-23.31071],[-51.12751,-23.31061],[-51.12678,-23.31033],[-51.12491,-23.30962],[-51.12468,-23.30966],[-51.12444,-23.30955],[-51.12438,-23.30935],[-51.12418,-23.30924],[-51.12286,-23.30905],[-51.12187,-23.3088],[-51.12065,-23.3084],[-51.11924,-23.30798],[-51.11851,-23.30773],[-51.11907,-23.30545],[-51.12521,-23.30708],[-51.12583,-23.30729],[-51.12665,-23.30747],[-51.1269,-23.30752],[-51.12714,-23.30758],[-51.12754,-23.30755],[-51.12774,-23.30758],[-51.12809,-23.30759],[-51.12902,-23.30768],[-51.12897,-23.30729],[-51.12898,-23.30698],[-51.12905,-23.30661],[-51.12919,-23.30602],[-51.12874,-23.30579],[-51.12838,-23.30619],[-51.1282,-23.30619],[-51.12781,-23.30618],[-51.12777,-23.30582],[-51.12749,-23.30558],[-51.12734,-23.30522],[-51.1272,-23.30514],[-51.12705,-23.30513],[-51.12686,-23.30503],[-51.12649,-23.305],[-51.12607,-23.30472],[-51.126,-23.30453],[-51.126,-23.3042],[-51.12587,-23.30387],[-51.12552,-23.30339],[-51.12529,-23.30311],[-51.12512,-23.30243],[-51.12489,-23.30214],[-51.12486,-23.3018],[-51.12473,-23.30158],[-51.12478,-23.30126],[-51.12474,-23.30112],[-51.12479,-23.301],[-51.12482,-23.30078],[-51.12484,-23.30061],[-51.12477,-23.30049],[-51.12469,-23.30043],[-51.12435,-23.30044],[-51.12425,-23.30041],[-51.12408,-23.30038],[-51.124,-23.30033],[-51.12398,-23.30007],[-51.12403,-23.29979],[-51.12402,-23.29932],[-51.12402,-23.29903],[-51.12402,-23.29887],[-51.12404,-23.29861],[-51.12397,-23.29841],[-51.1237,-23.2982],[-51.12359,-23.29797],[-51.12348,-23.29772],[-51.12351,-23.29758],[-51.12333,-23.29757],[-51.1236,-23.29632],[-51.12442,-23.29321],[-51.1228,-23.29319],[-51.12078,-23.29311],[-51.11958,-23.29311],[-51.11907,-23.2931],[-51.11885,-23.29313],[-51.11867,-23.29315],[-51.11835,-23.29319],[-51.11767,-23.29328],[-51.11582,-23.29346],[-51.11494,-23.29357],[-51.11397,-23.29366],[-51.11329,-23.29371],[-51.11229,-23.29367],[-51.10998,-23.29357],[-51.10985,-23.29356],[-51.10967,-23.29355],[-51.1096,-23.29355],[-51.10941,-23.29354],[-51.10762,-23.2934],[-51.10301,-23.29316],[-51.10153,-23.29311],[-51.09905,-23.29298],[-51.09518,-23.29275],[-51.09502,-23.29276],[-51.09499,-23.29299],[-51.09496,-23.29321],[-51.09493,-23.29324],[-51.09492,-23.29326],[-51.09491,-23.29327],[-51.0949,-23.29328],[-51.09489,-23.29329],[-51.09486,-23.29331],[-51.09481,-23.29337],[-51.09472,-23.29346],[-51.09455,-23.29362],[-51.09402,-23.29415],[-51.09361,-23.29446],[-51.09359,-23.29448],[-51.09326,-23.29473],[-51.09263,-23.29642],[-51.09191,-23.29833],[-51.09119,-23.30027],[-51.09014,-23.30308],[-51.09009,-23.3032],[-51.09007,-23.30326],[-51.08988,-23.30371],[-51.08986,-23.30376],[-51.09027,-23.30384],[-51.09081,-23.30388],[-51.09179,-23.30446],[-51.09268,-23.30505],[-51.0945,-23.30634],[-51.09535,-23.30725],[-51.09951,-23.3091],[-51.10099,-23.30899]]]}},{"type":"Feature","properties":{"code":"4113700011","name":"Heimtal"},"geometry":{"type":"MultiPolygon","coordinates":[[[[-51.15963,-23.25397],[-51.16048,-23.25398],[-51.16066,-23.25335],[-51.16065,-23.25274],[-51.16063,-23.25199],[-51.16058,-23.25036],[-51.16058,-23.24906],[-51.16106,-23.24851],[-51.15977,-23.24849],[-51.15807,-23.24854],[-51.157,-23.2486],[-51.15705,-23.24864],[-51.1574,-23.24895],[-51.15625,-23.24895],[-51.15626,-23.24998],[-51.1563,-23.251],[-51.15629,-23.25199],[-51.15514,-23.25201],[-51.15515,-23.25297],[-51.15513,-23.25399],[-51.1563,-23.25401],[-51.15742,-23.25397],[-51.15854,-23.25396],[-51.15963,-23.25397]]],[[[-51.16016,-23.24208],[-51.16016,-23.23915],[-51.1585,-23.2389],[-51.15784,-23.23879],[-51.15723,-23.2388],[-51.15667,-23.23887],[-51.1566,-23.23902],[-51.15649,-23.23915],[-51.15633,-23.23929],[-51.15626,-23.23948],[-51.15624,-23.23961],[-51.15637,-23.24042],[-51.1565,-23.24121],[-51.15667,-23.24228],[-51.15672,-23.24228],[-51.15683,-23.24234],[-51.15691,-23.24243],[-51.15694,-23.24253],[-51.15694,-23.24259],[-51.15693,-23.24266],[-51.15689,-23.24274],[-51.15683,-23.2428],[-51.15673,-23.24285],[-51.15661,-23.24286],[-51.15673,-23.24344],[-51.15693,-23.24471],[-51.15706,-23.24508],[-51.15726,-23.24551],[-51.158,-23.24697],[-51.15853,-23.248],[-51.15966,-23.24705],[-51.16,-23.24663],[-51.16016,-23.24622],[-51.16017,-23.24562],[-51.16016,-23.24208]]]]}},{"type":"Feature","properties":{"code":"4113700041","name":"Lon Rita"},"geometry":{"type":"Polygon","coordinates":[[[-51.10979,-23.32256],[-51.11011,-23.32219],[-51.11049,-23.32174],[-51.11081,-23.32133],[-51.11116,-23.32094],[-51.11149,-23.32055],[-51.1118,-23.32016],[-51.11215,-23.31974],[-51.11273,-23.31904],[-51.11293,-23.31908],[-51.11307,-23.31906],[-51.11322,-23.31899],[-51.11332,-23.31893],[-51.11336,-23.31887],[-51.11339,-23.31877],[-51.11339,-23.31865],[-51.11336,-23.31854],[-51.11332,-23.31849],[-51.1145,-23.31711],[-51.1158,-23.31552],[-51.11616,-23.31511],[-51.11681,-23.3143],[-51.11694,-23.31431],[-51.11717,-23.31428],[-51.11732,-23.31417],[-51.11737,-23.31409],[-51.11738,-23.31394],[-51.11728,-23.3137],[-51.1186,-23.31216],[-51.1194,-23.3112],[-51.11927,-23.3111],[-51.11924,-23.31085],[-51.11805,-23.31012],[-51.11759,-23.30981],[-51.11732,-23.30962],[-51.11701,-23.30938],[-51.11595,-23.30868],[-51.11517,-23.30827],[-51.11464,-23.30809],[-51.11418,-23.30799],[-51.11372,-23.30792],[-51.11315,-23.30789],[-51.11243,-23.30791],[-51.11196,-23.30801],[-51.11159,-23.3081],[-51.11065,-23.30818],[-51.10894,-23.30834],[-51.10904,-23.30909],[-51.10904,-23.31031],[-51.10907,-23.31218],[-51.10894,-23.31271],[-51.1087,-23.31304],[-51.10817,-23.3136],[-51.10775,-23.3143],[-51.10745,-23.31458],[-51.10708,-23.31478],[-51.10657,-23.31535],[-51.10623,-23.31613],[-51.10585,-23.31684],[-51.10559,-23.31755],[-51.1054,-23.31808],[-51.10528,-23.31847],[-51.10505,-23.31892],[-51.10492,-23.3195],[-51.10482,-23.32005],[-51.10482,-23.32042],[-51.10474,-23.32057],[-51.10483,-23.32073],[-51.10488,-23.32138],[-51.10486,-23.32209],[-51.10482,-23.32245],[-51.10482,-23.3228],[-51.10468,-23.32322],[-51.10429,-23.3237],[-51.10396,-23.32375],[-51.10384,-23.32383],[-51.1038,-23.32389],[-51.10373,-23.32401],[-51.10371,-23.32435],[-51.10355,-23.32476],[-51.10316,-23.32526],[-51.10277,-23.32575],[-51.10219,-23.32629],[-51.10215,-23.32633],[-51.10191,-23.32662],[-51.10147,-23.32713],[-51.10076,-23.32756],[-51.10042,-23.32802],[-51.09999,-23.32833],[-51.09967,-23.32874],[-51.09918,-23.32913],[-51.09879,-23.32949],[-51.09953,-23.33009],[-51.10007,-23.33034],[-51.10044,-23.33096],[-51.10072,-23.3317],[-51.10112,-23.33233],[-51.1016,-23.33296],[-51.102,-23.33335],[-51.10255,-23.33362],[-51.10262,-23.33394],[-51.10299,-23.33401],[-51.10337,-23.33416],[-51.10404,-23.33419],[-51.10425,-23.33414],[-51.10521,-23.33371],[-51.10549,-23.33293],[-51.10549,-23.33292],[-51.10548,-23.33252],[-51.10556,-23.33214],[-51.10554,-23.33176],[-51.10558,-23.33158],[-51.10596,-23.33128],[-51.10658,-23.3309],[-51.10715,-23.33063],[-51.10743,-23.33043],[-51.10725,-23.33025],[-51.10683,-23.32996],[-51.10631,-23.33064],[-51.10566,-23.33096],[-51.10462,-23.33133],[-51.10459,-23.33128],[-51.10402,-23.33218],[-51.10379,-23.33211],[-51.10338,-23.33198],[-51.10336,-23.33191],[-51.10336,-23.33184],[-51.10339,-23.33171],[-51.10353,-23.33129],[-51.10384,-23.33041],[-51.10406,-23.32972],[-51.10409,-23.32964],[-51.10414,-23.32945],[-51.10416,-23.32937],[-51.10489,-23.32855],[-51.10533,-23.32792],[-51.10657,-23.32643],[-51.10804,-23.32476],[-51.10834,-23.32439],[-51.10873,-23.32386],[-51.10902,-23.32351],[-51.10979,-23.32256]]]}},{"type":"Feature","properties":{"code":"4113700055","name":"União da Vitória"},"geometry":{"type":"Polygon","coordinates":[[[-51.13155,-23.39204],[-51.13156,-23.39207],[-51.1316,-23.39213],[-51.13414,-23.39181],[-51.13427,-23.38886],[-51.13412,-23.38865],[-51.13425,-23.38827],[-51.13439,-23.38793],[-51.13479,-23.38736],[-51.135,-23.38708],[-51.13521,-23.38687],[-51.1356,-23.38655],[-51.13583,-23.3861],[-51.13588,-23.38568],[-51.13586,-23.38535],[-51.13581,-23.38503],[-51.13571,-23.38471],[-51.13546,-23.38435],[-51.13474,-23.38356],[-51.13432,-23.38298],[-51.13419,-23.38253],[-51.13416,-23.38219],[-51.13419,-23.38189],[-51.13435,-23.38151],[-51.13423,-23.3814],[-51.13392,-23.38106],[-51.13385,-23.38088],[-51.1339,-23.38064],[-51.1339,-23.38051],[-51.13384,-23.38046],[-51.13339,-23.38043],[-51.13203,-23.37959],[-51.13177,-23.37938],[-51.13049,-23.3808],[-51.12993,-23.38141],[-51.12936,-23.38171],[-51.12894,-23.38178],[-51.1285,-23.38177],[-51.12811,-23.38168],[-51.12782,-23.38163],[-51.12701,-23.38141],[-51.12648,-23.38132],[-51.12606,-23.38141],[-51.12583,-23.38151],[-51.12555,-23.38172],[-51.12545,-23.38186],[-51.12535,-23.38201],[-51.12529,-23.38215],[-51.12525,-23.38233],[-51.12523,-23.38263],[-51.12522,-23.38289],[-51.12519,-23.3831],[-51.12515,-23.38328],[-51.12511,-23.38339],[-51.12504,-23.3835],[-51.12492,-23.38362],[-51.12464,-23.38386],[-51.12359,-23.38469],[-51.12326,-23.38483],[-51.1232,-23.38492],[-51.11994,-23.38474],[-51.11976,-23.38472],[-51.1196,-23.38462],[-51.1194,-23.38452],[-51.11929,-23.38438],[-51.11911,-23.38424],[-51.11893,-23.38402],[-51.11883,-23.3837],[-51.11865,-23.38341],[-51.11837,-23.38315],[-51.11807,-23.38291],[-51.11784,-23.38275],[-51.11758,-23.38257],[-51.11716,-23.38243],[-51.11668,-23.38233],[-51.11623,-23.38235],[-51.11601,-23.38223],[-51.11571,-23.38205],[-51.11543,-23.3818],[-51.11497,-23.38158],[-51.1148,-23.38132],[-51.11456,-23.38104],[-51.11436,-23.3808],[-51.114,-23.38066],[-51.11348,-23.38054],[-51.11303,-23.38058],[-51.11275,-23.3805],[-51.11249,-23.3805],[-51.11221,-23.38048],[-51.11187,-23.38044],[-51.11148,-23.38041],[-51.11104,-23.38044],[-51.1105,-23.38046],[-51.11038,-23.38044],[-51.11026,-23.38041],[-51.11001,-23.38037],[-51.10971,-23.38037],[-51.10945,-23.38021],[-51.10911,-23.38003],[-51.10883,-23.37985],[-51.10848,-23.37971],[-51.1082,-23.37963],[-51.10774,-23.37997],[-51.10726,-23.38074],[-51.10689,-23.38148],[-51.10637,-23.38217],[-51.10599,-23.38251],[-51.10566,-23.38273],[-51.1053,-23.38293],[-51.1049,-23.38317],[-51.10477,-23.38323],[-51.10448,-23.38335],[-51.10409,-23.38341],[-51.10383,-23.38345],[-51.10376,-23.38345],[-51.10517,-23.39563],[-51.10658,-23.39427],[-51.12114,-23.39572],[-51.12079,-23.39053],[-51.12769,-23.39103],[-51.12803,-23.39126],[-51.12875,-23.39165],[-51.12885,-23.39178],[-51.12924,-23.39208],[-51.12915,-23.39227],[-51.13015,-23.39269],[-51.13036,-23.39244],[-51.13149,-23.39228],[-51.13155,-23.39204]]]}},{"type":"Feature","properties":{"code":"4113700054","name":"Saltinho"},"geometry":{"type":"Polygon","coordinates":[[[-51.14036,-23.38724],[-51.14056,-23.38695],[-51.14078,-23.38679],[-51.14075,-23.38651],[-51.1408,-23.38628],[-51.14087,-23.38608],[-51.1411,-23.38603],[-51.14111,-23.38586],[-51.14147,-23.38573],[-51.14159,-23.38563],[-51.1419,-23.38534],[-51.14196,-23.38518],[-51.14235,-23.38473],[-51.14251,-23.38463],[-51.14251,-23.38437],[-51.14319,-23.38366],[-51.1441,-23.38308],[-51.14443,-23.38306],[-51.14441,-23.38281],[-51.14476,-23.38248],[-51.14505,-23.38256],[-51.14522,-23.38244],[-51.14536,-23.38211],[-51.14576,-23.38194],[-51.14591,-23.38179],[-51.14665,-23.38201],[-51.14743,-23.38181],[-51.14784,-23.38186],[-51.14866,-23.38208],[-51.14898,-23.38219],[-51.14941,-23.38223],[-51.14997,-23.38211],[-51.15054,-23.38174],[-51.15093,-23.38171],[-51.15128,-23.38158],[-51.15183,-23.38149],[-51.15223,-23.38137],[-51.15245,-23.38114],[-51.15306,-23.38064],[-51.1531,-23.38043],[-51.15323,-23.3802],[-51.15329,-23.3797],[-51.15331,-23.37915],[-51.15333,-23.37872],[-51.15338,-23.37854],[-51.15353,-23.37838],[-51.1538,-23.37796],[-51.15406,-23.37764],[-51.15422,-23.37721],[-51.15453,-23.3768],[-51.15443,-23.37666],[-51.15413,-23.37628],[-51.15364,-23.37577],[-51.15326,-23.37535],[-51.15287,-23.37496],[-51.15252,-23.37461],[-51.15239,-23.37448],[-51.15203,-23.37408],[-51.15166,-23.37367],[-51.15087,-23.37286],[-51.14904,-23.37089],[-51.14897,-23.37153],[-51.14873,-23.37171],[-51.14877,-23.37194],[-51.14872,-23.3722],[-51.14866,-23.37233],[-51.14867,-23.37251],[-51.14859,-23.37323],[-51.14852,-23.37366],[-51.14844,-23.37399],[-51.14825,-23.3741],[-51.14739,-23.37363],[-51.1467,-23.37326],[-51.14632,-23.37282],[-51.14621,-23.37259],[-51.14621,-23.37247],[-51.14586,-23.37221],[-51.14547,-23.37193],[-51.14507,-23.37164],[-51.14466,-23.37134],[-51.14427,-23.37106],[-51.14392,-23.37081],[-51.14352,-23.37051],[-51.14307,-23.37016],[-51.14268,-23.36988],[-51.14229,-23.36959],[-51.1419,-23.3693],[-51.14151,-23.36898],[-51.14121,-23.36935],[-51.14006,-23.37077],[-51.13994,-23.37074],[-51.13981,-23.37083],[-51.13958,-23.37117],[-51.1393,-23.37168],[-51.13907,-23.37219],[-51.13864,-23.37368],[-51.13817,-23.37556],[-51.13793,-23.37621],[-51.13757,-23.37721],[-51.13696,-23.37882],[-51.13677,-23.37923],[-51.13641,-23.37975],[-51.13601,-23.3801],[-51.13501,-23.38075],[-51.13475,-23.38096],[-51.13455,-23.3812],[-51.13435,-23.38151],[-51.13419,-23.38189],[-51.13416,-23.38219],[-51.13419,-23.38253],[-51.13432,-23.38298],[-51.13474,-23.38356],[-51.13546,-23.38435],[-51.13571,-23.38471],[-51.13581,-23.38503],[-51.13586,-23.38535],[-51.13588,-23.38568],[-51.13583,-23.3861],[-51.1356,-23.38655],[-51.13521,-23.38687],[-51.135,-23.38708],[-51.13479,-23.38736],[-51.13439,-23.38793],[-51.13425,-23.38827],[-51.13412,-23.38865],[-51.13427,-23.38886],[-51.13414,-23.39181],[-51.13387,-23.3955],[-51.13796,-23.396],[-51.13831,-23.3961],[-51.14029,-23.39667],[-51.14038,-23.3967],[-51.14048,-23.39564],[-51.14063,-23.3956],[-51.14076,-23.39551],[-51.14079,-23.39536],[-51.14063,-23.39499],[-51.14059,-23.39472],[-51.14064,-23.3946],[-51.14078,-23.39454],[-51.14088,-23.39456],[-51.14093,-23.39472],[-51.14096,-23.39501],[-51.14101,-23.39525],[-51.14118,-23.39532],[-51.14132,-23.39527],[-51.14133,-23.39517],[-51.14129,-23.39503],[-51.14117,-23.39481],[-51.14107,-23.39446],[-51.14124,-23.39431],[-51.14147,-23.39438],[-51.14175,-23.39459],[-51.14182,-23.39453],[-51.14189,-23.39446],[-51.14197,-23.3943],[-51.14204,-23.394],[-51.14207,-23.39381],[-51.14201,-23.39358],[-51.14109,-23.39281],[-51.141,-23.39246],[-51.14103,-23.39201],[-51.14086,-23.39162],[-51.14072,-23.39094],[-51.14042,-23.39047],[-51.14041,-23.3902],[-51.14021,-23.38994],[-51.14018,-23.38952],[-51.13999,-23.38881],[-51.1399,-23.38849],[-51.13987,-23.38827],[-51.13983,-23.38798],[-51.14016,-23.38764],[-51.14036,-23.38724]]]}},{"type":"Feature","properties":{"code":"4113700022","name":"Leonor"},"geometry":{"type":"Polygon","coordinates":[[[-51.19315,-23.29707],[-51.19421,-23.29704],[-51.1958,-23.29684],[-51.19894,-23.29644],[-51.1999,-23.29632],[-51.20026,-23.29627],[-51.20237,-23.296],[-51.20358,-23.29584],[-51.20416,-23.29576],[-51.20437,-23.29573],[-51.20426,-23.29563],[-51.20283,-23.29427],[-51.2027,-23.29414],[-51.20338,-23.29366],[-51.20389,-23.29327],[-51.20444,-23.2929],[-51.20632,-23.2916],[-51.2067,-23.29135],[-51.20732,-23.29091],[-51.2079,-23.29046],[-51.20835,-23.29012],[-51.20744,-23.28461],[-51.20744,-23.28442],[-51.20684,-23.28069],[-51.2062,-23.28065],[-51.20549,-23.2806],[-51.20476,-23.28048],[-51.20466,-23.28045],[-51.20453,-23.28037],[-51.20437,-23.28022],[-51.20431,-23.28011],[-51.20429,-23.27997],[-51.20429,-23.27977],[-51.20432,-23.27955],[-51.20362,-23.2793],[-51.20324,-23.27912],[-51.20296,-23.27905],[-51.20265,-23.27905],[-51.2023,-23.27908],[-51.20181,-23.27902],[-51.20096,-23.27888],[-51.20077,-23.27882],[-51.1996,-23.27847],[-51.19904,-23.27833],[-51.19868,-23.27814],[-51.19833,-23.27806],[-51.19752,-23.27788],[-51.19688,-23.27779],[-51.19655,-23.27778],[-51.1956,-23.27771],[-51.19471,-23.2777],[-51.19444,-23.2777],[-51.19412,-23.27771],[-51.19306,-23.27776],[-51.19247,-23.27784],[-51.19235,-23.27782],[-51.19233,-23.27796],[-51.1911,-23.27822],[-51.19113,-23.27806],[-51.1904,-23.27829],[-51.18934,-23.27864],[-51.18931,-23.27876],[-51.18926,-23.27907],[-51.18915,-23.27988],[-51.189,-23.28059],[-51.18891,-23.28103],[-51.18876,-23.28141],[-51.18854,-23.28195],[-51.1883,-23.28245],[-51.18839,-23.28246],[-51.18835,-23.28277],[-51.18831,-23.28325],[-51.18824,-23.28372],[-51.18817,-23.28419],[-51.18817,-23.28421],[-51.1881,-23.28467],[-51.18804,-23.28512],[-51.188,-23.28562],[-51.18799,-23.28564],[-51.18799,-23.28567],[-51.18793,-23.28604],[-51.18793,-23.28607],[-51.18785,-23.28665],[-51.18778,-23.2871],[-51.18777,-23.28714],[-51.18777,-23.28715],[-51.1877,-23.28761],[-51.18764,-23.28807],[-51.18758,-23.2886],[-51.1875,-23.28911],[-51.18745,-23.28956],[-51.18738,-23.29023],[-51.18737,-23.29031],[-51.18734,-23.2907],[-51.18655,-23.29077],[-51.18639,-23.29102],[-51.18535,-23.29265],[-51.1853,-23.29272],[-51.18525,-23.29281],[-51.18552,-23.29287],[-51.18577,-23.29292],[-51.18614,-23.29305],[-51.18648,-23.29317],[-51.18683,-23.29335],[-51.18716,-23.29355],[-51.18731,-23.29365],[-51.18798,-23.2941],[-51.18813,-23.29419],[-51.18855,-23.29447],[-51.18932,-23.29497],[-51.1897,-23.29522],[-51.19066,-23.29587],[-51.19144,-23.29637],[-51.19255,-23.29709],[-51.1927,-23.29709],[-51.19315,-23.29707]]]}},{"type":"Feature","properties":{"code":"4113700014","name":"Vivi Xavier"},"geometry":{"type":"MultiPolygon","coordinates":[[[[-51.1564,-23.26329],[-51.15627,-23.26333],[-51.1556,-23.264],[-51.15496,-23.26468],[-51.15452,-23.26517],[-51.15409,-23.26595],[-51.15371,-23.26676],[-51.15338,-23.26739],[-51.15303,-23.26788],[-51.15231,-23.26866],[-51.15157,-23.26921],[-51.1514,-23.26938],[-51.15103,-23.26917],[-51.15059,-23.2693],[-51.14969,-23.26954],[-51.14948,-23.26978],[-51.1497,-23.2703],[-51.15012,-23.27122],[-51.15022,-23.27144],[-51.15053,-23.27132],[-51.1511,-23.27131],[-51.15211,-23.2712],[-51.15297,-23.27134],[-51.154,-23.27162],[-51.15433,-23.27181],[-51.1545,-23.27199],[-51.15504,-23.27238],[-51.1552,-23.27252],[-51.15532,-23.27255],[-51.15551,-23.27253],[-51.15563,-23.27243],[-51.15575,-23.27236],[-51.15598,-23.27242],[-51.15615,-23.27246],[-51.15633,-23.27246],[-51.15653,-23.27249],[-51.15689,-23.27247],[-51.1571,-23.27251],[-51.15724,-23.2726],[-51.15742,-23.27268],[-51.15762,-23.27273],[-51.15791,-23.27285],[-51.15807,-23.27289],[-51.15823,-23.27286],[-51.15847,-23.27302],[-51.1586,-23.2732],[-51.1587,-23.27315],[-51.15886,-23.27309],[-51.15907,-23.27304],[-51.15932,-23.2731],[-51.15951,-23.27314],[-51.1596,-23.27291],[-51.15952,-23.2728],[-51.15957,-23.27272],[-51.15968,-23.27269],[-51.15997,-23.27271],[-51.16021,-23.27277],[-51.16041,-23.27275],[-51.16052,-23.27279],[-51.16057,-23.27285],[-51.16052,-23.27301],[-51.16062,-23.27303],[-51.1608,-23.27314],[-51.16092,-23.27315],[-51.16101,-23.27312],[-51.16106,-23.27312],[-51.16124,-23.27319],[-51.16146,-23.27324],[-51.16162,-23.27325],[-51.16178,-23.27319],[-51.1622,-23.27316],[-51.16234,-23.27309],[-51.16249,-23.27308],[-51.16255,-23.27305],[-51.16268,-23.27303],[-51.16298,-23.27305],[-51.16317,-23.27298],[-51.16331,-23.273],[-51.16352,-23.27294],[-51.16375,-23.27295],[-51.16396,-23.27293],[-51.16414,-23.27297],[-51.16436,-23.27296],[-51.16466,-23.27305],[-51.16481,-23.27311],[-51.16498,-23.27315],[-51.16508,-23.27324],[-51.16543,-23.27336],[-51.16567,-23.27336],[-51.16577,-23.27342],[-51.16582,-23.27355],[-51.16598,-23.27371],[-51.16607,-23.27386],[-51.16626,-23.27393],[-51.16646,-23.27407],[-51.16665,-23.27411],[-51.16677,-23.27422],[-51.16692,-23.2743],[-51.16728,-23.27433],[-51.16736,-23.2744],[-51.16733,-23.27452],[-51.16823,-23.27482],[-51.16856,-23.27486],[-51.16869,-23.27489],[-51.16898,-23.27504],[-51.16925,-23.27501],[-51.16941,-23.27504],[-51.16977,-23.27536],[-51.1701,-23.27539],[-51.1702,-23.27546],[-51.17045,-23.27576],[-51.17072,-23.27587],[-51.17087,-23.27585],[-51.17092,-23.27571],[-51.17124,-23.27556],[-51.17142,-23.27551],[-51.17171,-23.27539],[-51.17204,-23.27546],[-51.17223,-23.27555],[-51.17265,-23.2755],[-51.17265,-23.27545],[-51.17267,-23.27518],[-51.17275,-23.27493],[-51.17362,-23.27363],[-51.17387,-23.2736],[-51.17406,-23.27354],[-51.17416,-23.27334],[-51.17418,-23.27314],[-51.17409,-23.27293],[-51.17412,-23.27276],[-51.17423,-23.27255],[-51.17444,-23.27211],[-51.17479,-23.27144],[-51.17509,-23.27085],[-51.17531,-23.2704],[-51.1754,-23.27012],[-51.1755,-23.26964],[-51.17554,-23.2692],[-51.17553,-23.26845],[-51.17552,-23.26704],[-51.17552,-23.26562],[-51.17535,-23.26561],[-51.17364,-23.26559],[-51.17363,-23.26527],[-51.17364,-23.26504],[-51.17363,-23.26447],[-51.17363,-23.2639],[-51.17361,-23.26333],[-51.17352,-23.26343],[-51.17297,-23.26346],[-51.17233,-23.26345],[-51.1723,-23.26336],[-51.17233,-23.26279],[-51.17232,-23.26255],[-51.17228,-23.26186],[-51.17227,-23.26114],[-51.17218,-23.26103],[-51.17351,-23.261],[-51.17424,-23.26099],[-51.17509,-23.26097],[-51.17543,-23.26047],[-51.17566,-23.26],[-51.17592,-23.25953],[-51.17616,-23.25904],[-51.17625,-23.25886],[-51.1764,-23.25857],[-51.17668,-23.2581],[-51.17692,-23.25761],[-51.17717,-23.25715],[-51.17719,-23.25711],[-51.17743,-23.25667],[-51.17767,-23.2562],[-51.17796,-23.25569],[-51.17819,-23.25514],[-51.17846,-23.25468],[-51.17872,-23.2542],[-51.17899,-23.25369],[-51.17923,-23.25322],[-51.17938,-23.25287],[-51.17974,-23.25229],[-51.17947,-23.25182],[-51.17926,-23.25165],[-51.17905,-23.25131],[-51.17875,-23.25076],[-51.17864,-23.25064],[-51.17845,-23.25055],[-51.17832,-23.2503],[-51.17793,-23.24972],[-51.1776,-23.24923],[-51.17736,-23.24885],[-51.17713,-23.24845],[-51.17697,-23.24813],[-51.17609,-23.24878],[-51.17565,-23.24911],[-51.17406,-23.25032],[-51.17258,-23.25144],[-51.17198,-23.2519],[-51.17189,-23.25196],[-51.17184,-23.25026],[-51.17175,-23.24777],[-51.17172,-23.2466],[-51.17184,-23.24595],[-51.17187,-23.24543],[-51.17172,-23.24452],[-51.17206,-23.24433],[-51.17181,-23.24416],[-51.17179,-23.24405],[-51.17174,-23.24396],[-51.17173,-23.24385],[-51.17163,-23.24373],[-51.17157,-23.24369],[-51.17155,-23.24361],[-51.17153,-23.24354],[-51.17154,-23.24346],[-51.17151,-23.24341],[-51.17145,-23.24339],[-51.17137,-23.24343],[-51.17124,-23.24344],[-51.17115,-23.24341],[-51.17103,-23.24343],[-51.16777,-23.24427],[-51.16759,-23.24382],[-51.16746,-23.24349],[-51.16735,-23.24335],[-51.16716,-23.24342],[-51.1672,-23.24385],[-51.16706,-23.24397],[-51.166,-23.24421],[-51.1641,-23.24466],[-51.16424,-23.24523],[-51.16262,-23.24563],[-51.16319,-23.24822],[-51.1627,-23.24883],[-51.16187,-23.2496],[-51.16132,-23.24999],[-51.16078,-23.25027],[-51.16058,-23.25036],[-51.16063,-23.25199],[-51.16065,-23.25274],[-51.16066,-23.25335],[-51.16048,-23.25398],[-51.15963,-23.25397],[-51.15854,-23.25396],[-51.15742,-23.25397],[-51.15742,-23.25408],[-51.15743,-23.25464],[-51.15743,-23.2552],[-51.15744,-23.25682],[-51.15744,-23.25771],[-51.15757,-23.25836],[-51.15771,-23.25835],[-51.15785,-23.25843],[-51.15793,-23.25856],[-51.15792,-23.25877],[-51.15774,-23.25888],[-51.15761,-23.25892],[-51.15737,-23.26001],[-51.15724,-23.26056],[-51.15712,-23.26111],[-51.15699,-23.26165],[-51.15685,-23.26216],[-51.15672,-23.26251],[-51.15656,-23.26277],[-51.1564,-23.26329]]],[[[-51.13645,-23.24137],[-51.13588,-23.24144],[-51.13598,-23.24155],[-51.13627,-23.24189],[-51.13675,-23.24187],[-51.13707,-23.24193],[-51.13764,-23.2426],[-51.1376,-23.24298],[-51.13814,-23.24301],[-51.13857,-23.24375],[-51.13874,-23.24388],[-51.13887,-23.24397],[-51.13953,-23.24447],[-51.14012,-23.24493],[-51.1407,-23.24544],[-51.14148,-23.24602],[-51.14254,-23.24687],[-51.14286,-23.24703],[-51.14314,-23.24712],[-51.14356,-23.24715],[-51.14401,-23.24708],[-51.14416,-23.24693],[-51.14429,-23.24661],[-51.14404,-23.24627],[-51.14382,-23.24605],[-51.1439,-23.24596],[-51.14379,-23.24581],[-51.14367,-23.24592],[-51.14346,-23.24597],[-51.14323,-23.24591],[-51.14308,-23.24572],[-51.14271,-23.24536],[-51.14245,-23.24493],[-51.14214,-23.24503],[-51.1414,-23.24533],[-51.14094,-23.24513],[-51.14056,-23.24477],[-51.14039,-23.24459],[-51.14019,-23.24427],[-51.13981,-23.24395],[-51.13946,-23.24374],[-51.13927,-23.24362],[-51.13921,-23.24339],[-51.13888,-23.24311],[-51.13842,-23.24292],[-51.13771,-23.24251],[-51.13726,-23.24189],[-51.13692,-23.24132],[-51.13645,-23.24137]]],[[[-51.13793,-23.26045],[-51.13774,-23.26052],[-51.13764,-23.26069],[-51.13765,-23.26087],[-51.13787,-23.26109],[-51.13796,-23.26125],[-51.13802,-23.26212],[-51.13802,-23.26219],[-51.13803,-23.26286],[-51.13805,-23.26397],[-51.13808,-23.26529],[-51.13821,-23.26529],[-51.13887,-23.2653],[-51.13941,-23.26529],[-51.13958,-23.26529],[-51.1399,-23.26529],[-51.14054,-23.26529],[-51.14115,-23.26528],[-51.14114,-23.26471],[-51.14114,-23.26414],[-51.14113,-23.26356],[-51.13954,-23.26355],[-51.13955,-23.26286],[-51.13952,-23.26184],[-51.13951,-23.26056],[-51.13952,-23.25952],[-51.13952,-23.25926],[-51.13926,-23.25963],[-51.13817,-23.26052],[-51.13793,-23.26045]]]]}},{"type":"Feature","properties":{"code":"4113700010","name":"Vila Brasil"},"geometry":{"type":"Polygon","coordinates":[[[-51.15326,-23.32922],[-51.1536,-23.32851],[-51.15444,-23.32707],[-51.1545,-23.32694],[-51.15481,-23.32631],[-51.15502,-23.32585],[-51.15504,-23.32521],[-51.15505,-23.32413],[-51.15492,-23.32415],[-51.15491,-23.32302],[-51.15492,-23.32199],[-51.15491,-23.32088],[-51.15491,-23.31995],[-51.15409,-23.31994],[-51.15381,-23.31996],[-51.15361,-23.31995],[-51.15255,-23.31995],[-51.1515,-23.31994],[-51.15126,-23.31994],[-51.15064,-23.31995],[-51.1501,-23.31994],[-51.14977,-23.31993],[-51.14944,-23.31992],[-51.14898,-23.32078],[-51.14828,-23.32215],[-51.14784,-23.32308],[-51.14763,-23.32359],[-51.14742,-23.3241],[-51.14697,-23.32527],[-51.14635,-23.32689],[-51.14632,-23.32696],[-51.14605,-23.32767],[-51.14593,-23.32803],[-51.14582,-23.32851],[-51.14578,-23.32923],[-51.14591,-23.33021],[-51.14606,-23.33128],[-51.14617,-23.33204],[-51.14621,-23.33229],[-51.14625,-23.3326],[-51.1463,-23.33293],[-51.14634,-23.33319],[-51.1464,-23.33356],[-51.14644,-23.33384],[-51.14648,-23.33411],[-51.14647,-23.33452],[-51.14646,-23.33494],[-51.14638,-23.33555],[-51.14628,-23.33603],[-51.14609,-23.33656],[-51.14569,-23.33758],[-51.14582,-23.33753],[-51.14614,-23.33734],[-51.14629,-23.33726],[-51.14647,-23.33717],[-51.14664,-23.33716],[-51.14675,-23.33718],[-51.14697,-23.33727],[-51.14724,-23.33741],[-51.14748,-23.33754],[-51.14767,-23.33763],[-51.14792,-23.33776],[-51.14818,-23.3379],[-51.14835,-23.33799],[-51.14857,-23.33758],[-51.14872,-23.33731],[-51.14881,-23.33714],[-51.14909,-23.33666],[-51.14944,-23.336],[-51.14969,-23.33554],[-51.15002,-23.33495],[-51.15025,-23.33454],[-51.15054,-23.33403],[-51.15092,-23.33336],[-51.15106,-23.33313],[-51.15145,-23.33241],[-51.15178,-23.3318],[-51.1521,-23.33121],[-51.15232,-23.33081],[-51.15326,-23.32922]]]}},{"type":"Feature","properties":{"code":"4113700019","name":"Pacaembú"},"geometry":{"type":"Polygon","coordinates":[[[-51.13851,-23.2787],[-51.13863,-23.28265],[-51.13863,-23.28335],[-51.13865,-23.2838],[-51.13865,-23.28449],[-51.13889,-23.28451],[-51.13921,-23.28468],[-51.13987,-23.28487],[-51.14022,-23.28511],[-51.14061,-23.28524],[-51.14085,-23.28525],[-51.14108,-23.28534],[-51.14144,-23.28559],[-51.14195,-23.28572],[-51.14227,-23.28593],[-51.14249,-23.28618],[-51.14243,-23.28681],[-51.14257,-23.28682],[-51.14261,-23.28685],[-51.14267,-23.28689],[-51.14285,-23.28698],[-51.14291,-23.28714],[-51.14302,-23.28719],[-51.14307,-23.28722],[-51.1432,-23.28739],[-51.1436,-23.2875],[-51.14404,-23.28778],[-51.14479,-23.28832],[-51.1453,-23.28875],[-51.14592,-23.28928],[-51.14644,-23.29006],[-51.14706,-23.2905],[-51.14774,-23.29037],[-51.14793,-23.29036],[-51.14794,-23.29036],[-51.14781,-23.29096],[-51.14692,-23.29281],[-51.14674,-23.29318],[-51.14742,-23.29312],[-51.14808,-23.293],[-51.14896,-23.29293],[-51.14947,-23.29293],[-51.14989,-23.29293],[-51.15145,-23.29291],[-51.15212,-23.29291],[-51.15259,-23.29292],[-51.15392,-23.29291],[-51.15457,-23.29291],[-51.15457,-23.29281],[-51.1546,-23.29219],[-51.15463,-23.29206],[-51.15475,-23.29177],[-51.15481,-23.29136],[-51.15492,-23.29096],[-51.15504,-23.2904],[-51.15508,-23.29022],[-51.15512,-23.28988],[-51.15512,-23.28969],[-51.15511,-23.28887],[-51.15527,-23.28888],[-51.15526,-23.28832],[-51.15524,-23.28699],[-51.15523,-23.28596],[-51.15522,-23.28571],[-51.15522,-23.28416],[-51.15522,-23.28389],[-51.15519,-23.28278],[-51.15522,-23.28265],[-51.15544,-23.28251],[-51.15554,-23.28229],[-51.15552,-23.28216],[-51.15543,-23.28198],[-51.15555,-23.28174],[-51.15586,-23.28125],[-51.15603,-23.28083],[-51.15614,-23.28043],[-51.15618,-23.28016],[-51.15617,-23.27992],[-51.15616,-23.27958],[-51.15615,-23.27908],[-51.15615,-23.27889],[-51.15621,-23.27879],[-51.15619,-23.27867],[-51.15624,-23.27825],[-51.15634,-23.27808],[-51.15632,-23.27787],[-51.15616,-23.27783],[-51.15614,-23.27732],[-51.15611,-23.27661],[-51.15612,-23.27606],[-51.15611,-23.27547],[-51.1561,-23.2748],[-51.15609,-23.27423],[-51.15607,-23.27344],[-51.15604,-23.27295],[-51.15578,-23.27301],[-51.15567,-23.27291],[-51.15566,-23.27275],[-51.15598,-23.27242],[-51.15575,-23.27236],[-51.15563,-23.27243],[-51.15551,-23.27253],[-51.15532,-23.27255],[-51.1552,-23.27252],[-51.15504,-23.27238],[-51.1545,-23.27199],[-51.15433,-23.27181],[-51.154,-23.27162],[-51.15297,-23.27134],[-51.15211,-23.2712],[-51.1511,-23.27131],[-51.15053,-23.27132],[-51.15022,-23.27144],[-51.15012,-23.27122],[-51.1497,-23.2703],[-51.14965,-23.27052],[-51.14946,-23.27072],[-51.14921,-23.27084],[-51.14894,-23.27081],[-51.14926,-23.27113],[-51.14937,-23.27141],[-51.14936,-23.27181],[-51.1492,-23.27186],[-51.14909,-23.27191],[-51.14899,-23.27202],[-51.14882,-23.27203],[-51.14868,-23.2721],[-51.14861,-23.27212],[-51.14848,-23.27209],[-51.14839,-23.27217],[-51.14827,-23.27217],[-51.14801,-23.27226],[-51.14782,-23.27228],[-51.14764,-23.27231],[-51.14756,-23.27234],[-51.14743,-23.27244],[-51.1473,-23.27249],[-51.14712,-23.27247],[-51.14693,-23.27257],[-51.14681,-23.27262],[-51.14669,-23.2727],[-51.14656,-23.27273],[-51.14627,-23.27286],[-51.14612,-23.27295],[-51.14609,-23.27301],[-51.14595,-23.27305],[-51.14574,-23.27318],[-51.14555,-23.27339],[-51.14547,-23.27356],[-51.14504,-23.27392],[-51.14496,-23.27404],[-51.14474,-23.27432],[-51.14465,-23.27438],[-51.14433,-23.27434],[-51.14419,-23.27435],[-51.1439,-23.27426],[-51.14365,-23.27428],[-51.14341,-23.27425],[-51.14296,-23.27395],[-51.14278,-23.27387],[-51.14244,-23.27322],[-51.14243,-23.27306],[-51.14237,-23.27297],[-51.14205,-23.27289],[-51.14165,-23.27268],[-51.14151,-23.27253],[-51.14129,-23.27244],[-51.14099,-23.27237],[-51.14075,-23.27216],[-51.14072,-23.272],[-51.14048,-23.27185],[-51.14044,-23.27163],[-51.14015,-23.27141],[-51.14008,-23.27145],[-51.14006,-23.27162],[-51.13982,-23.27166],[-51.13964,-23.27172],[-51.1396,-23.27183],[-51.1395,-23.27193],[-51.13929,-23.27188],[-51.1392,-23.2719],[-51.13899,-23.27185],[-51.13886,-23.27189],[-51.13867,-23.27175],[-51.13843,-23.27176],[-51.13829,-23.27178],[-51.1384,-23.2748],[-51.13844,-23.27613],[-51.13845,-23.27641],[-51.13848,-23.27738],[-51.13846,-23.2776],[-51.13848,-23.27811],[-51.13849,-23.27825],[-51.1385,-23.2784],[-51.13851,-23.2787]]]}},{"type":"Feature","properties":{"code":"4113700009","name":"Petrópolis"},"geometry":{"type":"Polygon","coordinates":[[[-51.15106,-23.33313],[-51.15092,-23.33336],[-51.15054,-23.33403],[-51.15025,-23.33454],[-51.15002,-23.33495],[-51.14969,-23.33554],[-51.14944,-23.336],[-51.14909,-23.33666],[-51.14881,-23.33714],[-51.14872,-23.33731],[-51.14857,-23.33758],[-51.14835,-23.33799],[-51.14854,-23.33809],[-51.14862,-23.33813],[-51.14873,-23.33816],[-51.14916,-23.33825],[-51.14953,-23.33835],[-51.14997,-23.33865],[-51.1501,-23.33888],[-51.15022,-23.33908],[-51.15036,-23.33921],[-51.15053,-23.33935],[-51.15077,-23.33952],[-51.15098,-23.33966],[-51.15127,-23.33962],[-51.15159,-23.33957],[-51.15187,-23.33968],[-51.15207,-23.33998],[-51.15206,-23.34066],[-51.15185,-23.34169],[-51.1516,-23.3421],[-51.1513,-23.34261],[-51.15097,-23.34314],[-51.15063,-23.34364],[-51.15051,-23.34405],[-51.1505,-23.3447],[-51.15057,-23.34534],[-51.15074,-23.34568],[-51.15077,-23.34607],[-51.15086,-23.34624],[-51.15112,-23.34614],[-51.15152,-23.34589],[-51.15163,-23.34593],[-51.15198,-23.34629],[-51.15215,-23.34655],[-51.15243,-23.3469],[-51.15448,-23.34561],[-51.15701,-23.344],[-51.15768,-23.34487],[-51.16015,-23.34322],[-51.1602,-23.34313],[-51.16025,-23.34314],[-51.16035,-23.34312],[-51.16065,-23.34346],[-51.16091,-23.3437],[-51.16178,-23.34447],[-51.16244,-23.34507],[-51.16259,-23.34522],[-51.16272,-23.34535],[-51.16281,-23.34533],[-51.16287,-23.34533],[-51.16298,-23.34533],[-51.16318,-23.34519],[-51.16326,-23.34501],[-51.16349,-23.34421],[-51.16356,-23.34399],[-51.16356,-23.34399],[-51.16379,-23.34327],[-51.16406,-23.34255],[-51.16408,-23.34249],[-51.16429,-23.34199],[-51.16437,-23.3415],[-51.16444,-23.34067],[-51.1644,-23.34038],[-51.16432,-23.33995],[-51.16424,-23.33968],[-51.164,-23.33964],[-51.16339,-23.33965],[-51.16302,-23.33974],[-51.16292,-23.33975],[-51.1629,-23.34003],[-51.16272,-23.34045],[-51.16241,-23.34076],[-51.16233,-23.34076],[-51.162,-23.34056],[-51.16197,-23.33976],[-51.1619,-23.33937],[-51.16196,-23.33871],[-51.1616,-23.33805],[-51.16074,-23.33704],[-51.15998,-23.3369],[-51.15915,-23.33661],[-51.15868,-23.33653],[-51.15805,-23.33671],[-51.15763,-23.33698],[-51.15719,-23.33737],[-51.15671,-23.33785],[-51.15626,-23.3381],[-51.15588,-23.33821],[-51.15512,-23.33861],[-51.1546,-23.33858],[-51.15425,-23.33844],[-51.15373,-23.33817],[-51.15337,-23.33827],[-51.15303,-23.33837],[-51.15273,-23.33832],[-51.15238,-23.33859],[-51.15195,-23.33837],[-51.15208,-23.33799],[-51.15257,-23.3378],[-51.15318,-23.33756],[-51.15349,-23.33752],[-51.15389,-23.33746],[-51.15436,-23.33748],[-51.1547,-23.33748],[-51.15518,-23.33735],[-51.15553,-23.33735],[-51.15599,-23.33712],[-51.15647,-23.33705],[-51.15678,-23.3368],[-51.15717,-23.33655],[-51.15752,-23.33635],[-51.15797,-23.33618],[-51.15836,-23.33593],[-51.15861,-23.3357],[-51.15878,-23.33548],[-51.15947,-23.33468],[-51.15958,-23.33434],[-51.16004,-23.33394],[-51.16046,-23.33357],[-51.16099,-23.33315],[-51.16136,-23.3328],[-51.16173,-23.33252],[-51.16213,-23.33224],[-51.16255,-23.33191],[-51.16298,-23.33159],[-51.16329,-23.3314],[-51.16365,-23.33117],[-51.1638,-23.33093],[-51.16386,-23.33018],[-51.16381,-23.32981],[-51.16382,-23.32982],[-51.16389,-23.32894],[-51.16393,-23.32835],[-51.16393,-23.32796],[-51.16394,-23.3276],[-51.16394,-23.32739],[-51.16394,-23.32726],[-51.16395,-23.32711],[-51.16397,-23.32688],[-51.164,-23.3263],[-51.16402,-23.32576],[-51.16401,-23.32553],[-51.16397,-23.32525],[-51.16396,-23.32507],[-51.16389,-23.32464],[-51.1638,-23.32418],[-51.16373,-23.32386],[-51.1637,-23.32371],[-51.16367,-23.32354],[-51.16363,-23.32341],[-51.1636,-23.32331],[-51.16346,-23.32314],[-51.16345,-23.32314],[-51.16265,-23.32303],[-51.16265,-23.32185],[-51.16235,-23.32203],[-51.16208,-23.32224],[-51.16184,-23.32256],[-51.16165,-23.32293],[-51.1616,-23.32307],[-51.16147,-23.32374],[-51.16139,-23.32416],[-51.16122,-23.32496],[-51.16108,-23.32533],[-51.16092,-23.32566],[-51.1608,-23.32588],[-51.1605,-23.32621],[-51.16016,-23.3265],[-51.15981,-23.32672],[-51.15947,-23.32688],[-51.15905,-23.327],[-51.15851,-23.32709],[-51.15767,-23.3271],[-51.15506,-23.32708],[-51.15444,-23.32707],[-51.1536,-23.32851],[-51.15326,-23.32922],[-51.15232,-23.33081],[-51.1521,-23.33121],[-51.15178,-23.3318],[-51.15145,-23.33241],[-51.15106,-23.33313]]]}},{"type":"Feature","properties":{"code":"4113700029","name":"Olímpico"},"geometry":{"type":"Polygon","coordinates":[[[-51.22113,-23.32921],[-51.22266,-23.33038],[-51.22339,-23.33096],[-51.22482,-23.32948],[-51.22495,-23.3294],[-51.22537,-23.32973],[-51.22562,-23.3299],[-51.22577,-23.33001],[-51.22642,-23.33052],[-51.2267,-23.33078],[-51.22741,-23.33148],[-51.22769,-23.33172],[-51.22869,-23.33246],[-51.2288,-23.33254],[-51.22886,-23.33227],[-51.22903,-23.33228],[-51.22908,-23.33216],[-51.22912,-23.33197],[-51.22931,-23.33184],[-51.22901,-23.33102],[-51.22886,-23.33063],[-51.22902,-23.3298],[-51.22912,-23.32926],[-51.2292,-23.32872],[-51.22933,-23.32794],[-51.22997,-23.32741],[-51.23006,-23.32722],[-51.23007,-23.32714],[-51.23011,-23.3269],[-51.23017,-23.32659],[-51.23021,-23.32633],[-51.23023,-23.32614],[-51.23021,-23.32583],[-51.23021,-23.32574],[-51.23014,-23.3256],[-51.23007,-23.32544],[-51.22985,-23.32525],[-51.2293,-23.32478],[-51.22909,-23.3246],[-51.22901,-23.32453],[-51.22851,-23.32405],[-51.22805,-23.3236],[-51.2279,-23.32345],[-51.22724,-23.32277],[-51.22725,-23.32269],[-51.22728,-23.32258],[-51.2273,-23.32246],[-51.22733,-23.32231],[-51.22735,-23.32225],[-51.22733,-23.32212],[-51.22729,-23.3219],[-51.22726,-23.32173],[-51.22722,-23.32145],[-51.22715,-23.32101],[-51.22711,-23.32093],[-51.227,-23.32071],[-51.22693,-23.32052],[-51.22689,-23.32042],[-51.22687,-23.32019],[-51.22692,-23.32003],[-51.22693,-23.32002],[-51.22709,-23.31987],[-51.22709,-23.31987],[-51.22723,-23.31978],[-51.22723,-23.31978],[-51.22738,-23.31977],[-51.22754,-23.31975],[-51.22762,-23.31973],[-51.22763,-23.31973],[-51.22776,-23.3193],[-51.22777,-23.31917],[-51.2278,-23.31877],[-51.22791,-23.31745],[-51.22794,-23.31697],[-51.22781,-23.31689],[-51.22773,-23.31682],[-51.2277,-23.31672],[-51.22768,-23.31665],[-51.22771,-23.31656],[-51.22776,-23.31649],[-51.2279,-23.31639],[-51.2279,-23.31638],[-51.22788,-23.31637],[-51.22752,-23.31589],[-51.22745,-23.31575],[-51.22738,-23.3156],[-51.22735,-23.31529],[-51.22735,-23.31468],[-51.22735,-23.31462],[-51.22735,-23.31406],[-51.22737,-23.31343],[-51.22737,-23.3132],[-51.22739,-23.31311],[-51.22739,-23.31309],[-51.22739,-23.31309],[-51.2274,-23.31305],[-51.2275,-23.31232],[-51.22761,-23.31171],[-51.22763,-23.31165],[-51.22765,-23.31143],[-51.22766,-23.31129],[-51.22767,-23.31124],[-51.22759,-23.31111],[-51.22745,-23.31104],[-51.22735,-23.31103],[-51.22733,-23.31105],[-51.22721,-23.31121],[-51.22713,-23.3113],[-51.22705,-23.3114],[-51.22692,-23.31167],[-51.22678,-23.31181],[-51.22669,-23.3119],[-51.22636,-23.31212],[-51.22554,-23.31253],[-51.22538,-23.31269],[-51.22529,-23.31279],[-51.22527,-23.31289],[-51.22526,-23.31292],[-51.22523,-23.31307],[-51.22519,-23.31329],[-51.22514,-23.31345],[-51.22507,-23.31366],[-51.22492,-23.31381],[-51.22483,-23.3139],[-51.22478,-23.31398],[-51.22465,-23.31418],[-51.22463,-23.31423],[-51.22447,-23.31457],[-51.22442,-23.3147],[-51.22429,-23.31507],[-51.22426,-23.31512],[-51.22406,-23.31543],[-51.2239,-23.31568],[-51.22377,-23.31607],[-51.22369,-23.31629],[-51.22369,-23.31629],[-51.22362,-23.3165],[-51.22358,-23.31662],[-51.2235,-23.31691],[-51.22348,-23.31714],[-51.22348,-23.31732],[-51.22348,-23.31742],[-51.22348,-23.31759],[-51.22348,-23.31782],[-51.22348,-23.3179],[-51.22347,-23.31798],[-51.22346,-23.31805],[-51.22338,-23.31836],[-51.22328,-23.31839],[-51.22298,-23.3183],[-51.2228,-23.31842],[-51.22276,-23.31859],[-51.22284,-23.31893],[-51.22278,-23.31902],[-51.22275,-23.31958],[-51.22276,-23.31975],[-51.22285,-23.31989],[-51.22283,-23.32003],[-51.22283,-23.32008],[-51.22274,-23.32072],[-51.22269,-23.3208],[-51.22268,-23.32102],[-51.22262,-23.32126],[-51.2225,-23.32145],[-51.22234,-23.32167],[-51.22196,-23.32219],[-51.22169,-23.32266],[-51.22143,-23.32294],[-51.22135,-23.32315],[-51.22086,-23.32345],[-51.2205,-23.32356],[-51.22029,-23.32364],[-51.22003,-23.32376],[-51.2199,-23.32392],[-51.21985,-23.32422],[-51.21978,-23.32432],[-51.21937,-23.32437],[-51.21916,-23.32447],[-51.21894,-23.3247],[-51.21878,-23.32475],[-51.21871,-23.32485],[-51.21876,-23.32508],[-51.21872,-23.32521],[-51.21861,-23.32527],[-51.21844,-23.32529],[-51.21831,-23.32542],[-51.2182,-23.32586],[-51.21815,-23.32595],[-51.21802,-23.32609],[-51.21784,-23.32622],[-51.21784,-23.32646],[-51.21777,-23.32654],[-51.21843,-23.32705],[-51.21952,-23.32795],[-51.22113,-23.3292],[-51.22113,-23.32921]]]}},{"type":"Feature","properties":{"code":"4113700001","name":"Centro Histórico"},"geometry":{"type":"Polygon","coordinates":[[[-51.15054,-23.31676],[-51.15054,-23.31685],[-51.15056,-23.31695],[-51.15057,-23.31711],[-51.15055,-23.3173],[-51.15053,-23.31748],[-51.15052,-23.31762],[-51.15046,-23.3178],[-51.15035,-23.3181],[-51.15029,-23.31826],[-51.1502,-23.3185],[-51.15007,-23.31874],[-51.14993,-23.31901],[-51.14978,-23.31928],[-51.14961,-23.31961],[-51.14951,-23.31979],[-51.14944,-23.31992],[-51.14977,-23.31993],[-51.1501,-23.31994],[-51.15064,-23.31995],[-51.15126,-23.31994],[-51.1515,-23.31994],[-51.15255,-23.31995],[-51.15361,-23.31995],[-51.15381,-23.31996],[-51.15409,-23.31994],[-51.15491,-23.31995],[-51.15505,-23.31995],[-51.15632,-23.31995],[-51.1576,-23.31995],[-51.15887,-23.31994],[-51.15966,-23.31994],[-51.16051,-23.31995],[-51.16142,-23.31995],[-51.16249,-23.31995],[-51.16273,-23.31995],[-51.16438,-23.31994],[-51.16553,-23.31993],[-51.16581,-23.31994],[-51.16595,-23.31997],[-51.16613,-23.32002],[-51.16628,-23.32006],[-51.16638,-23.32006],[-51.16642,-23.32006],[-51.16655,-23.32001],[-51.16655,-23.31996],[-51.16673,-23.31994],[-51.16757,-23.31998],[-51.16791,-23.31997],[-51.16915,-23.31997],[-51.1694,-23.31993],[-51.16967,-23.31985],[-51.16981,-23.31978],[-51.16999,-23.31966],[-51.17014,-23.31954],[-51.17029,-23.31937],[-51.1704,-23.3192],[-51.17048,-23.31902],[-51.17053,-23.31889],[-51.17054,-23.31888],[-51.17057,-23.31873],[-51.17058,-23.31855],[-51.17045,-23.31855],[-51.17044,-23.31768],[-51.17042,-23.31663],[-51.17043,-23.31552],[-51.1704,-23.31444],[-51.17044,-23.31337],[-51.17048,-23.31215],[-51.17048,-23.311],[-51.17042,-23.31024],[-51.1704,-23.30989],[-51.17046,-23.30938],[-51.17045,-23.30879],[-51.17048,-23.30805],[-51.17046,-23.30771],[-51.17046,-23.30666],[-51.17046,-23.30655],[-51.17046,-23.30647],[-51.17046,-23.30625],[-51.17047,-23.30616],[-51.17051,-23.30603],[-51.17064,-23.30588],[-51.17239,-23.30474],[-51.17263,-23.30458],[-51.17273,-23.30447],[-51.1728,-23.30436],[-51.17287,-23.30413],[-51.17289,-23.30394],[-51.17288,-23.3038],[-51.1728,-23.30356],[-51.17273,-23.30331],[-51.1727,-23.3031],[-51.17269,-23.30292],[-51.17273,-23.30271],[-51.1728,-23.30256],[-51.17292,-23.3024],[-51.17317,-23.30217],[-51.17326,-23.30212],[-51.17342,-23.30205],[-51.17364,-23.30202],[-51.17361,-23.30119],[-51.1736,-23.30066],[-51.17361,-23.30026],[-51.1736,-23.30012],[-51.17357,-23.29954],[-51.17335,-23.29955],[-51.17327,-23.2995],[-51.17312,-23.29947],[-51.17266,-23.2997],[-51.17169,-23.30028],[-51.17135,-23.30051],[-51.17084,-23.30081],[-51.1705,-23.30101],[-51.17015,-23.30118],[-51.16969,-23.30132],[-51.16923,-23.30144],[-51.16877,-23.30157],[-51.16847,-23.30165],[-51.16815,-23.30173],[-51.16791,-23.30179],[-51.16772,-23.30186],[-51.16748,-23.30195],[-51.16724,-23.30205],[-51.16706,-23.30214],[-51.16685,-23.30224],[-51.1666,-23.30238],[-51.16637,-23.30253],[-51.16609,-23.30273],[-51.16591,-23.30289],[-51.16564,-23.3031],[-51.16548,-23.30326],[-51.16533,-23.3034],[-51.16508,-23.30338],[-51.16488,-23.30361],[-51.16469,-23.30389],[-51.16453,-23.30415],[-51.16434,-23.30446],[-51.16386,-23.30555],[-51.16364,-23.30608],[-51.16339,-23.30664],[-51.16367,-23.30663],[-51.16352,-23.30689],[-51.16339,-23.30709],[-51.16327,-23.30725],[-51.16315,-23.30741],[-51.16297,-23.30757],[-51.16275,-23.30773],[-51.1627,-23.3078],[-51.16263,-23.30782],[-51.16252,-23.30785],[-51.16232,-23.30787],[-51.16144,-23.30786],[-51.16077,-23.30785],[-51.16019,-23.30784],[-51.15764,-23.30783],[-51.15636,-23.30785],[-51.1559,-23.30786],[-51.15566,-23.30795],[-51.15538,-23.30809],[-51.15509,-23.30825],[-51.15428,-23.30875],[-51.15388,-23.30904],[-51.15295,-23.30978],[-51.15272,-23.31001],[-51.1526,-23.31012],[-51.15169,-23.31068],[-51.15133,-23.3109],[-51.15107,-23.31107],[-51.15068,-23.31124],[-51.15039,-23.31133],[-51.15011,-23.31138],[-51.14986,-23.31141],[-51.14969,-23.31148],[-51.14964,-23.31159],[-51.14955,-23.3117],[-51.14949,-23.31178],[-51.14935,-23.31184],[-51.14971,-23.31294],[-51.14962,-23.31305],[-51.14939,-23.31333],[-51.1491,-23.31358],[-51.1494,-23.31446],[-51.14943,-23.31455],[-51.14965,-23.31454],[-51.15007,-23.31445],[-51.15045,-23.31619],[-51.15047,-23.31639],[-51.15054,-23.31676]]]}},{"type":"Feature","properties":{"code":"4113700043","name":"H.U."},"geometry":{"type":"Polygon","coordinates":[[[-51.1242,-23.33149],[-51.12429,-23.33131],[-51.12428,-23.33106],[-51.12437,-23.3309],[-51.1247,-23.33073],[-51.12511,-23.33081],[-51.12531,-23.33075],[-51.12557,-23.33058],[-51.12613,-23.33027],[-51.12667,-23.32995],[-51.12731,-23.32967],[-51.12776,-23.32949],[-51.128,-23.32944],[-51.13033,-23.32948],[-51.13034,-23.32948],[-51.13065,-23.32938],[-51.13043,-23.3279],[-51.13018,-23.32699],[-51.12993,-23.32581],[-51.12975,-23.32564],[-51.1295,-23.32559],[-51.12965,-23.32552],[-51.12973,-23.32538],[-51.12974,-23.32527],[-51.12968,-23.32516],[-51.12965,-23.32493],[-51.12974,-23.32478],[-51.12972,-23.32454],[-51.12964,-23.32421],[-51.12952,-23.32369],[-51.12888,-23.3235],[-51.12879,-23.32347],[-51.12831,-23.32332],[-51.12776,-23.32311],[-51.12676,-23.32279],[-51.12612,-23.32258],[-51.12611,-23.32194],[-51.12545,-23.32239],[-51.12514,-23.32264],[-51.12481,-23.32284],[-51.12437,-23.32293],[-51.12374,-23.32297],[-51.12333,-23.32306],[-51.12294,-23.3232],[-51.12257,-23.3234],[-51.12206,-23.32366],[-51.12178,-23.32377],[-51.12151,-23.32394],[-51.12101,-23.32392],[-51.1198,-23.32413],[-51.11961,-23.32423],[-51.11916,-23.32438],[-51.11875,-23.32436],[-51.11823,-23.32438],[-51.11732,-23.32419],[-51.11706,-23.32421],[-51.11687,-23.32461],[-51.11667,-23.32515],[-51.11657,-23.32531],[-51.11677,-23.32534],[-51.1167,-23.32551],[-51.11634,-23.32615],[-51.1163,-23.3265],[-51.1164,-23.32682],[-51.11701,-23.32826],[-51.11718,-23.32874],[-51.11745,-23.32885],[-51.11794,-23.32868],[-51.11824,-23.32935],[-51.11852,-23.32989],[-51.1188,-23.33042],[-51.11905,-23.33097],[-51.11929,-23.33152],[-51.11937,-23.33173],[-51.11937,-23.3323],[-51.1199,-23.3322],[-51.12048,-23.33214],[-51.12163,-23.33214],[-51.1232,-23.33178],[-51.12377,-23.33181],[-51.1242,-23.33149]]]}},{"type":"Feature","properties":{"code":"4113700012","name":"Perobinha"},"geometry":{"type":"MultiPolygon","coordinates":[[[[-51.2021,-23.26068],[-51.19829,-23.26073],[-51.1983,-23.26139],[-51.1983,-23.26197],[-51.19832,-23.26258],[-51.19832,-23.263],[-51.19832,-23.26359],[-51.19832,-23.26477],[-51.19833,-23.26607],[-51.19834,-23.26669],[-51.19833,-23.26694],[-51.19835,-23.26814],[-51.19836,-23.27012],[-51.19834,-23.27146],[-51.19857,-23.27158],[-51.19871,-23.27177],[-51.1989,-23.27192],[-51.19911,-23.27202],[-51.19968,-23.27252],[-51.19972,-23.27255],[-51.19999,-23.27269],[-51.2007,-23.27289],[-51.20093,-23.27292],[-51.20138,-23.2728],[-51.20165,-23.27262],[-51.20196,-23.27254],[-51.20207,-23.27239],[-51.20252,-23.27233],[-51.20293,-23.2725],[-51.2031,-23.27268],[-51.20325,-23.2727],[-51.20356,-23.27282],[-51.2042,-23.27318],[-51.20457,-23.27337],[-51.20535,-23.27333],[-51.20568,-23.27324],[-51.20632,-23.27316],[-51.20774,-23.27313],[-51.20842,-23.27311],[-51.20915,-23.27314],[-51.20982,-23.27323],[-51.21021,-23.27334],[-51.21049,-23.27332],[-51.211,-23.27345],[-51.21174,-23.2736],[-51.21335,-23.27438],[-51.21368,-23.27466],[-51.21429,-23.27492],[-51.21438,-23.27494],[-51.21453,-23.27503],[-51.21475,-23.27521],[-51.21484,-23.27521],[-51.2152,-23.27533],[-51.21564,-23.2755],[-51.21581,-23.2756],[-51.21607,-23.27566],[-51.21644,-23.27569],[-51.21684,-23.27582],[-51.2175,-23.27593],[-51.21773,-23.27594],[-51.21824,-23.27592],[-51.2196,-23.27629],[-51.22004,-23.27636],[-51.22087,-23.2762],[-51.22106,-23.27624],[-51.22123,-23.27615],[-51.22143,-23.27611],[-51.22179,-23.27611],[-51.22196,-23.27615],[-51.22221,-23.27614],[-51.22252,-23.27618],[-51.22283,-23.27595],[-51.22323,-23.27592],[-51.22349,-23.27583],[-51.22409,-23.27946],[-51.22447,-23.27999],[-51.2293,-23.27956],[-51.22933,-23.27748],[-51.22947,-23.27024],[-51.22664,-23.26718],[-51.22432,-23.26457],[-51.21917,-23.25884],[-51.21887,-23.25844],[-51.21851,-23.25804],[-51.21819,-23.25794],[-51.21779,-23.25791],[-51.21746,-23.25793],[-51.2099,-23.25915],[-51.20954,-23.2593],[-51.20925,-23.25942],[-51.20743,-23.26003],[-51.20715,-23.26012],[-51.20692,-23.26022],[-51.20685,-23.26025],[-51.20653,-23.26039],[-51.20619,-23.26051],[-51.20588,-23.26061],[-51.20558,-23.26065],[-51.20509,-23.26065],[-51.2047,-23.26065],[-51.20318,-23.26067],[-51.2021,-23.26068]]],[[[-51.19103,-23.2493],[-51.19106,-23.2462],[-51.19012,-23.24599],[-51.19015,-23.24265],[-51.18986,-23.24262],[-51.18869,-23.24212],[-51.18853,-23.24205],[-51.18835,-23.24321],[-51.18856,-23.2437],[-51.18854,-23.24431],[-51.18853,-23.24471],[-51.18852,-23.24483],[-51.18852,-23.24521],[-51.18852,-23.24539],[-51.18852,-23.24592],[-51.18851,-23.24648],[-51.18851,-23.24703],[-51.18852,-23.24721],[-51.18854,-23.24767],[-51.18857,-23.24826],[-51.18872,-23.24831],[-51.18913,-23.24848],[-51.18958,-23.24867],[-51.19002,-23.24886],[-51.19046,-23.24905],[-51.19103,-23.2493]]]]}},{"type":"Feature","properties":{"code":"4113700013","name":"Parigot de Souza"},"geometry":{"type":"MultiPolygon","coordinates":[[[[-51.18296,-23.27098],[-51.18315,-23.27083],[-51.18346,-23.27071],[-51.18364,-23.27057],[-51.18411,-23.27035],[-51.1846,-23.27029],[-51.18512,-23.27017],[-51.18531,-23.27027],[-51.18547,-23.2703],[-51.18551,-23.2704],[-51.18591,-23.27056],[-51.18607,-23.2705],[-51.18638,-23.2706],[-51.18643,-23.27047],[-51.18651,-23.27044],[-51.18662,-23.27049],[-51.18674,-23.2704],[-51.18686,-23.27036],[-51.18697,-23.27055],[-51.18711,-23.27047],[-51.18722,-23.27026],[-51.18734,-23.27032],[-51.18735,-23.27043],[-51.18729,-23.27052],[-51.18711,-23.27064],[-51.1872,-23.27083],[-51.18758,-23.27078],[-51.18797,-23.27082],[-51.18825,-23.2709],[-51.18844,-23.27103],[-51.18879,-23.27123],[-51.18893,-23.27128],[-51.1892,-23.27136],[-51.18946,-23.27134],[-51.18979,-23.27135],[-51.18998,-23.27133],[-51.19036,-23.27145],[-51.19048,-23.2714],[-51.19072,-23.27147],[-51.19088,-23.27157],[-51.19109,-23.27155],[-51.19133,-23.27155],[-51.19143,-23.27159],[-51.19155,-23.27172],[-51.19183,-23.27169],[-51.19193,-23.27159],[-51.1921,-23.27147],[-51.19221,-23.27152],[-51.19225,-23.27182],[-51.19278,-23.27194],[-51.1932,-23.27192],[-51.1933,-23.27196],[-51.19337,-23.27198],[-51.19349,-23.27199],[-51.19373,-23.27199],[-51.19428,-23.27199],[-51.19445,-23.2719],[-51.19477,-23.27184],[-51.19509,-23.2718],[-51.19544,-23.27167],[-51.19571,-23.27159],[-51.19584,-23.27153],[-51.19591,-23.27145],[-51.19635,-23.27133],[-51.19645,-23.27127],[-51.1965,-23.27127],[-51.19653,-23.27125],[-51.19693,-23.27127],[-51.19738,-23.27126],[-51.19767,-23.27121],[-51.19777,-23.27122],[-51.19788,-23.2713],[-51.19795,-23.27135],[-51.19822,-23.27143],[-51.19834,-23.27146],[-51.19836,-23.27012],[-51.19835,-23.26814],[-51.19833,-23.26694],[-51.19834,-23.26669],[-51.19833,-23.26607],[-51.19832,-23.26477],[-51.19832,-23.26359],[-51.19832,-23.263],[-51.19832,-23.26258],[-51.1983,-23.26197],[-51.1983,-23.26139],[-51.19829,-23.26073],[-51.19439,-23.26081],[-51.19196,-23.26083],[-51.19153,-23.26083],[-51.19133,-23.26083],[-51.19026,-23.26076],[-51.19006,-23.25737],[-51.18602,-23.25343],[-51.1854,-23.25307],[-51.18491,-23.25298],[-51.18421,-23.25299],[-51.18363,-23.25335],[-51.18295,-23.25363],[-51.18241,-23.25381],[-51.18163,-23.25378],[-51.18152,-23.25374],[-51.18151,-23.25363],[-51.18103,-23.25357],[-51.181,-23.25351],[-51.1808,-23.25347],[-51.18056,-23.25311],[-51.18032,-23.25288],[-51.17996,-23.25273],[-51.17974,-23.25229],[-51.17938,-23.25287],[-51.17923,-23.25322],[-51.17899,-23.25369],[-51.17872,-23.2542],[-51.17846,-23.25468],[-51.17819,-23.25514],[-51.17796,-23.25569],[-51.17767,-23.2562],[-51.17743,-23.25667],[-51.17719,-23.25711],[-51.17717,-23.25715],[-51.17692,-23.25761],[-51.17668,-23.2581],[-51.1764,-23.25857],[-51.17625,-23.25886],[-51.17616,-23.25904],[-51.17592,-23.25953],[-51.17566,-23.26],[-51.17543,-23.26047],[-51.17509,-23.26097],[-51.17424,-23.26099],[-51.17351,-23.261],[-51.17218,-23.26103],[-51.17227,-23.26114],[-51.17228,-23.26186],[-51.17232,-23.26255],[-51.17233,-23.26279],[-51.1723,-23.26336],[-51.17233,-23.26345],[-51.17297,-23.26346],[-51.17352,-23.26343],[-51.17361,-23.26333],[-51.17363,-23.2639],[-51.17363,-23.26447],[-51.17364,-23.26504],[-51.17363,-23.26527],[-51.17364,-23.26559],[-51.17535,-23.26561],[-51.17552,-23.26562],[-51.17552,-23.26704],[-51.17553,-23.26845],[-51.17554,-23.2692],[-51.1755,-23.26964],[-51.1754,-23.27012],[-51.17531,-23.2704],[-51.17509,-23.27085],[-51.17479,-23.27144],[-51.17444,-23.27211],[-51.17423,-23.27255],[-51.17412,-23.27276],[-51.17409,-23.27293],[-51.17418,-23.27314],[-51.17416,-23.27334],[-51.17406,-23.27354],[-51.17387,-23.2736],[-51.17362,-23.27363],[-51.17275,-23.27493],[-51.17267,-23.27518],[-51.17265,-23.27545],[-51.17265,-23.2755],[-51.17285,-23.27547],[-51.17298,-23.27539],[-51.17302,-23.27533],[-51.17332,-23.27517],[-51.17346,-23.27518],[-51.1736,-23.27507],[-51.17381,-23.27489],[-51.17394,-23.27482],[-51.17419,-23.2746],[-51.17494,-23.27462],[-51.175,-23.27458],[-51.17508,-23.27451],[-51.17519,-23.27449],[-51.17527,-23.27444],[-51.17534,-23.27434],[-51.1755,-23.27431],[-51.17564,-23.27426],[-51.17574,-23.27428],[-51.17603,-23.27426],[-51.17631,-23.27402],[-51.17643,-23.27396],[-51.17661,-23.27373],[-51.17742,-23.27333],[-51.17762,-23.27328],[-51.17773,-23.27313],[-51.17786,-23.27315],[-51.1779,-23.27323],[-51.17805,-23.27329],[-51.17841,-23.27321],[-51.17846,-23.27316],[-51.17866,-23.27309],[-51.17893,-23.27306],[-51.17942,-23.2728],[-51.17966,-23.27279],[-51.17994,-23.27262],[-51.18002,-23.27244],[-51.18019,-23.27246],[-51.18025,-23.27242],[-51.18029,-23.2723],[-51.18058,-23.27208],[-51.18074,-23.27211],[-51.18089,-23.27211],[-51.18107,-23.27209],[-51.18125,-23.27198],[-51.1813,-23.27185],[-51.18142,-23.27175],[-51.18159,-23.27172],[-51.18168,-23.27157],[-51.18206,-23.27137],[-51.18239,-23.27107],[-51.18296,-23.27098]]],[[[-51.19112,-23.25388],[-51.1911,-23.25314],[-51.19103,-23.2493],[-51.19046,-23.24905],[-51.19002,-23.24886],[-51.18958,-23.24867],[-51.18913,-23.24848],[-51.18872,-23.24831],[-51.18857,-23.24826],[-51.18855,-23.25054],[-51.18858,-23.25295],[-51.18856,-23.2541],[-51.18995,-23.25548],[-51.1912,-23.25681],[-51.19116,-23.25603],[-51.19112,-23.25388]]]]}},{"type":"Feature","properties":{"code":"4113700016","name":"Ouro Verde"},"geometry":{"type":"Polygon","coordinates":[[[-51.1825,-23.28193],[-51.18366,-23.28128],[-51.18472,-23.28078],[-51.18544,-23.28042],[-51.18645,-23.27992],[-51.18769,-23.27929],[-51.18934,-23.27864],[-51.1904,-23.27829],[-51.19113,-23.27806],[-51.1911,-23.27822],[-51.19233,-23.27796],[-51.19235,-23.27782],[-51.19243,-23.27737],[-51.1925,-23.2769],[-51.19257,-23.27644],[-51.19264,-23.27597],[-51.19272,-23.27548],[-51.19279,-23.27505],[-51.19284,-23.27473],[-51.19291,-23.27427],[-51.19298,-23.2738],[-51.19305,-23.27336],[-51.19313,-23.27288],[-51.19321,-23.27242],[-51.19337,-23.27198],[-51.1933,-23.27196],[-51.1932,-23.27192],[-51.19278,-23.27194],[-51.19225,-23.27182],[-51.19221,-23.27152],[-51.1921,-23.27147],[-51.19193,-23.27159],[-51.19183,-23.27169],[-51.19155,-23.27172],[-51.19143,-23.27159],[-51.19133,-23.27155],[-51.19109,-23.27155],[-51.19088,-23.27157],[-51.19072,-23.27147],[-51.19048,-23.2714],[-51.19036,-23.27145],[-51.18998,-23.27133],[-51.18979,-23.27135],[-51.18946,-23.27134],[-51.1892,-23.27136],[-51.18893,-23.27128],[-51.18879,-23.27123],[-51.18844,-23.27103],[-51.18825,-23.2709],[-51.18797,-23.27082],[-51.18758,-23.27078],[-51.1872,-23.27083],[-51.18711,-23.27064],[-51.18729,-23.27052],[-51.18735,-23.27043],[-51.18734,-23.27032],[-51.18722,-23.27026],[-51.18711,-23.27047],[-51.18697,-23.27055],[-51.18686,-23.27036],[-51.18674,-23.2704],[-51.18662,-23.27049],[-51.18651,-23.27044],[-51.18643,-23.27047],[-51.18638,-23.2706],[-51.18607,-23.2705],[-51.18591,-23.27056],[-51.18551,-23.2704],[-51.18547,-23.2703],[-51.18531,-23.27027],[-51.18512,-23.27017],[-51.1846,-23.27029],[-51.18411,-23.27035],[-51.18364,-23.27057],[-51.18346,-23.27071],[-51.18315,-23.27083],[-51.18296,-23.27098],[-51.18239,-23.27107],[-51.18206,-23.27137],[-51.18168,-23.27157],[-51.18159,-23.27172],[-51.18142,-23.27175],[-51.1813,-23.27185],[-51.18125,-23.27198],[-51.18107,-23.27209],[-51.18089,-23.27211],[-51.18074,-23.27211],[-51.18058,-23.27208],[-51.18029,-23.2723],[-51.18025,-23.27242],[-51.18019,-23.27246],[-51.18002,-23.27244],[-51.17994,-23.27262],[-51.17966,-23.27279],[-51.17942,-23.2728],[-51.17893,-23.27306],[-51.17866,-23.27309],[-51.17846,-23.27316],[-51.17841,-23.27321],[-51.17805,-23.27329],[-51.1779,-23.27323],[-51.17786,-23.27315],[-51.17773,-23.27313],[-51.17762,-23.27328],[-51.17742,-23.27333],[-51.17661,-23.27373],[-51.17643,-23.27396],[-51.17631,-23.27402],[-51.17603,-23.27426],[-51.17574,-23.27428],[-51.17564,-23.27426],[-51.1755,-23.27431],[-51.17534,-23.27434],[-51.17527,-23.27444],[-51.17519,-23.27449],[-51.17508,-23.27451],[-51.175,-23.27458],[-51.17494,-23.27462],[-51.17419,-23.2746],[-51.17394,-23.27482],[-51.17381,-23.27489],[-51.1736,-23.27507],[-51.17346,-23.27518],[-51.17332,-23.27517],[-51.17302,-23.27533],[-51.17298,-23.27539],[-51.17285,-23.27547],[-51.17265,-23.2755],[-51.17267,-23.27609],[-51.17268,-23.27621],[-51.1727,-23.27678],[-51.17272,-23.27738],[-51.17273,-23.27797],[-51.17275,-23.27874],[-51.17275,-23.2789],[-51.17282,-23.28165],[-51.17285,-23.28184],[-51.17298,-23.28195],[-51.17298,-23.28218],[-51.17285,-23.2823],[-51.17269,-23.28236],[-51.17283,-23.28243],[-51.17288,-23.28252],[-51.1729,-23.28315],[-51.17301,-23.28318],[-51.17374,-23.28337],[-51.17621,-23.28381],[-51.17692,-23.28385],[-51.17789,-23.28385],[-51.17851,-23.28383],[-51.17947,-23.28369],[-51.18047,-23.28345],[-51.18144,-23.28314],[-51.18144,-23.28297],[-51.18197,-23.28277],[-51.1817,-23.28233],[-51.1825,-23.28193]]]}},{"type":"Feature","properties":{"code":"4113700024","name":"Bandeirantes"},"geometry":{"type":"Polygon","coordinates":[[[-51.19502,-23.30162],[-51.19518,-23.30177],[-51.19554,-23.30211],[-51.19652,-23.30302],[-51.19697,-23.30342],[-51.19722,-23.30365],[-51.19742,-23.30385],[-51.19762,-23.30404],[-51.19785,-23.30426],[-51.1983,-23.30468],[-51.19875,-23.30509],[-51.1991,-23.3054],[-51.19921,-23.30551],[-51.19964,-23.30593],[-51.2001,-23.30635],[-51.20053,-23.30678],[-51.20099,-23.3072],[-51.20141,-23.30761],[-51.20214,-23.30827],[-51.20258,-23.30868],[-51.20315,-23.3092],[-51.20361,-23.30962],[-51.20405,-23.31003],[-51.20412,-23.3101],[-51.20511,-23.31105],[-51.20553,-23.31146],[-51.2057,-23.3116],[-51.20606,-23.31192],[-51.20638,-23.31163],[-51.20669,-23.31137],[-51.2069,-23.31121],[-51.20713,-23.31109],[-51.20747,-23.31082],[-51.20764,-23.31074],[-51.20807,-23.31029],[-51.20823,-23.31008],[-51.20838,-23.31008],[-51.20884,-23.30971],[-51.20896,-23.30958],[-51.20913,-23.30924],[-51.20933,-23.30895],[-51.20957,-23.30862],[-51.20966,-23.30831],[-51.20976,-23.30809],[-51.2099,-23.30807],[-51.21004,-23.30825],[-51.21005,-23.30824],[-51.21023,-23.30809],[-51.21045,-23.3079],[-51.21057,-23.3078],[-51.21073,-23.30766],[-51.21104,-23.30732],[-51.21122,-23.30699],[-51.21163,-23.30672],[-51.212,-23.30639],[-51.21238,-23.30598],[-51.21291,-23.30557],[-51.21392,-23.30482],[-51.21427,-23.30452],[-51.21455,-23.30429],[-51.21478,-23.30405],[-51.21498,-23.30384],[-51.2152,-23.30361],[-51.21549,-23.30335],[-51.21561,-23.30324],[-51.21598,-23.30299],[-51.2162,-23.30271],[-51.21638,-23.30254],[-51.21637,-23.30181],[-51.21604,-23.30144],[-51.2155,-23.30171],[-51.21527,-23.30164],[-51.21522,-23.30119],[-51.2145,-23.30052],[-51.21426,-23.30041],[-51.21423,-23.30051],[-51.21403,-23.30071],[-51.21235,-23.29916],[-51.21173,-23.29858],[-51.21058,-23.29752],[-51.20907,-23.29613],[-51.20846,-23.29571],[-51.20778,-23.296],[-51.20713,-23.29623],[-51.20676,-23.29636],[-51.20606,-23.29656],[-51.20555,-23.2967],[-51.20429,-23.29699],[-51.203,-23.29719],[-51.20144,-23.29743],[-51.20129,-23.29728],[-51.20012,-23.29744],[-51.19833,-23.2977],[-51.19736,-23.29784],[-51.19631,-23.29797],[-51.1946,-23.29822],[-51.1943,-23.29828],[-51.19194,-23.29861],[-51.1913,-23.29883],[-51.19134,-23.29889],[-51.1917,-23.29892],[-51.19179,-23.29894],[-51.19208,-23.29909],[-51.19221,-23.29919],[-51.19256,-23.29947],[-51.19296,-23.29989],[-51.19311,-23.30003],[-51.19378,-23.30067],[-51.1944,-23.30123],[-51.19494,-23.30174],[-51.19502,-23.30162]]]}},{"type":"Feature","properties":{"code":"4113700005","name":"Vila Casoni"},"geometry":{"type":"Polygon","coordinates":[[[-51.14653,-23.2936],[-51.14642,-23.29381],[-51.14623,-23.29416],[-51.14609,-23.2945],[-51.14602,-23.29479],[-51.14595,-23.29514],[-51.14585,-23.29576],[-51.14585,-23.29614],[-51.1458,-23.29655],[-51.14578,-23.2971],[-51.14574,-23.29765],[-51.14574,-23.29803],[-51.14571,-23.29847],[-51.14566,-23.29934],[-51.14556,-23.30019],[-51.14544,-23.30021],[-51.1454,-23.30102],[-51.14535,-23.3019],[-51.14537,-23.30231],[-51.14537,-23.30245],[-51.14537,-23.30256],[-51.14545,-23.30299],[-51.14556,-23.3032],[-51.14569,-23.30345],[-51.14589,-23.30371],[-51.14607,-23.30388],[-51.14619,-23.304],[-51.14631,-23.30411],[-51.14648,-23.30428],[-51.14674,-23.30449],[-51.14695,-23.30468],[-51.14712,-23.30489],[-51.14723,-23.30507],[-51.14733,-23.30526],[-51.14743,-23.30547],[-51.1475,-23.30569],[-51.14812,-23.30783],[-51.14813,-23.30784],[-51.14813,-23.30787],[-51.14814,-23.30788],[-51.14814,-23.30788],[-51.14814,-23.30788],[-51.14814,-23.30788],[-51.14814,-23.3079],[-51.14816,-23.30796],[-51.14819,-23.30806],[-51.14823,-23.30818],[-51.14833,-23.30855],[-51.14856,-23.30936],[-51.1489,-23.31061],[-51.14897,-23.31088],[-51.14899,-23.31099],[-51.149,-23.31117],[-51.14882,-23.31138],[-51.14881,-23.31144],[-51.14882,-23.31148],[-51.14882,-23.31154],[-51.14885,-23.31158],[-51.14888,-23.31163],[-51.14903,-23.31178],[-51.14916,-23.31186],[-51.14926,-23.31186],[-51.14935,-23.31184],[-51.14949,-23.31178],[-51.14955,-23.3117],[-51.14964,-23.31159],[-51.14969,-23.31148],[-51.14986,-23.31141],[-51.15011,-23.31138],[-51.15039,-23.31133],[-51.15068,-23.31124],[-51.15107,-23.31107],[-51.15133,-23.3109],[-51.15169,-23.31068],[-51.1526,-23.31012],[-51.15272,-23.31001],[-51.15295,-23.30978],[-51.15388,-23.30904],[-51.15428,-23.30875],[-51.15509,-23.30825],[-51.15506,-23.30807],[-51.15507,-23.30769],[-51.15511,-23.30661],[-51.15512,-23.30551],[-51.15512,-23.30444],[-51.15511,-23.30333],[-51.15509,-23.30274],[-51.1551,-23.30242],[-51.15511,-23.30203],[-51.15511,-23.30194],[-51.15508,-23.30183],[-51.15501,-23.3017],[-51.15488,-23.30152],[-51.15449,-23.30087],[-51.15439,-23.30072],[-51.15393,-23.29995],[-51.15388,-23.29963],[-51.15388,-23.29832],[-51.15389,-23.2977],[-51.15389,-23.2966],[-51.15388,-23.29553],[-51.15388,-23.29485],[-51.15407,-23.29441],[-51.15432,-23.29381],[-51.15449,-23.29313],[-51.15452,-23.29302],[-51.15457,-23.29291],[-51.15392,-23.29291],[-51.15259,-23.29292],[-51.15212,-23.29291],[-51.15145,-23.29291],[-51.14989,-23.29293],[-51.14947,-23.29293],[-51.14896,-23.29293],[-51.14808,-23.293],[-51.14742,-23.29312],[-51.14674,-23.29318],[-51.14665,-23.29337],[-51.14662,-23.29342],[-51.14656,-23.29353],[-51.14655,-23.29356],[-51.14655,-23.29356],[-51.14655,-23.29356],[-51.14655,-23.29356],[-51.14654,-23.29358],[-51.14653,-23.2936]]]}},{"type":"Feature","properties":{"code":"4113700030","name":"Universidade"},"geometry":{"type":"Polygon","coordinates":[[[-51.21074,-23.33561],[-51.21111,-23.33579],[-51.21141,-23.33582],[-51.21204,-23.3358],[-51.2124,-23.33576],[-51.21251,-23.33563],[-51.21262,-23.33576],[-51.21276,-23.33584],[-51.21296,-23.33587],[-51.21319,-23.33588],[-51.21348,-23.33593],[-51.21387,-23.33606],[-51.21423,-23.33624],[-51.21449,-23.33642],[-51.21636,-23.33797],[-51.21633,-23.33809],[-51.21635,-23.33826],[-51.21643,-23.33839],[-51.21657,-23.33847],[-51.21688,-23.33842],[-51.21911,-23.34016],[-51.22137,-23.34085],[-51.22199,-23.34098],[-51.22201,-23.34087],[-51.22198,-23.34079],[-51.22205,-23.34071],[-51.22213,-23.34027],[-51.22224,-23.34001],[-51.22236,-23.33982],[-51.22246,-23.3396],[-51.2226,-23.33954],[-51.22265,-23.33941],[-51.22274,-23.33937],[-51.22288,-23.33943],[-51.22309,-23.33941],[-51.22317,-23.33935],[-51.22321,-23.33928],[-51.22343,-23.33921],[-51.22355,-23.33911],[-51.22375,-23.33883],[-51.22397,-23.33868],[-51.22422,-23.33863],[-51.22436,-23.33857],[-51.22456,-23.33841],[-51.22466,-23.33819],[-51.22494,-23.33804],[-51.22503,-23.33789],[-51.22515,-23.33775],[-51.22542,-23.3371],[-51.22584,-23.33657],[-51.22619,-23.33627],[-51.22645,-23.33579],[-51.22653,-23.3353],[-51.22665,-23.33522],[-51.22677,-23.33501],[-51.22677,-23.3349],[-51.22688,-23.33474],[-51.22702,-23.33456],[-51.22718,-23.33428],[-51.22739,-23.33413],[-51.2275,-23.33386],[-51.22768,-23.33374],[-51.22784,-23.33353],[-51.22789,-23.33335],[-51.22814,-23.33307],[-51.22829,-23.33295],[-51.22864,-23.33262],[-51.22869,-23.33246],[-51.22769,-23.33172],[-51.22741,-23.33148],[-51.2267,-23.33078],[-51.22642,-23.33052],[-51.22577,-23.33001],[-51.22562,-23.3299],[-51.22537,-23.32973],[-51.22495,-23.3294],[-51.22482,-23.32948],[-51.22339,-23.33096],[-51.22266,-23.33038],[-51.22113,-23.32921],[-51.22113,-23.3292],[-51.21952,-23.32795],[-51.21843,-23.32705],[-51.21777,-23.32654],[-51.21784,-23.32646],[-51.21784,-23.32622],[-51.21802,-23.32609],[-51.21815,-23.32595],[-51.2182,-23.32586],[-51.21831,-23.32542],[-51.21844,-23.32529],[-51.21861,-23.32527],[-51.21872,-23.32521],[-51.21876,-23.32508],[-51.21871,-23.32485],[-51.21878,-23.32475],[-51.21894,-23.3247],[-51.21916,-23.32447],[-51.21937,-23.32437],[-51.21978,-23.32432],[-51.21985,-23.32422],[-51.2199,-23.32392],[-51.22003,-23.32376],[-51.22029,-23.32364],[-51.2205,-23.32356],[-51.22086,-23.32345],[-51.22135,-23.32315],[-51.22143,-23.32294],[-51.22169,-23.32266],[-51.22196,-23.32219],[-51.22234,-23.32167],[-51.2225,-23.32145],[-51.22262,-23.32126],[-51.22268,-23.32102],[-51.22269,-23.3208],[-51.22274,-23.32072],[-51.22283,-23.32008],[-51.22283,-23.32003],[-51.22256,-23.32001],[-51.22222,-23.31991],[-51.22184,-23.31992],[-51.22108,-23.31995],[-51.22036,-23.31998],[-51.21961,-23.32001],[-51.21889,-23.32004],[-51.21808,-23.32008],[-51.21681,-23.32013],[-51.21577,-23.32016],[-51.21486,-23.3202],[-51.21483,-23.32014],[-51.21478,-23.3201],[-51.2147,-23.32007],[-51.2146,-23.32008],[-51.21452,-23.32014],[-51.21302,-23.31876],[-51.21122,-23.31707],[-51.21132,-23.31698],[-51.21113,-23.31682],[-51.21058,-23.31629],[-51.21042,-23.31612],[-51.21015,-23.31587],[-51.20971,-23.31547],[-51.20918,-23.31503],[-51.2088,-23.31465],[-51.2083,-23.31415],[-51.20774,-23.31364],[-51.20718,-23.31314],[-51.20689,-23.31285],[-51.2067,-23.31261],[-51.20646,-23.31231],[-51.20627,-23.31211],[-51.20606,-23.31192],[-51.20594,-23.31204],[-51.20581,-23.31213],[-51.2056,-23.31242],[-51.20537,-23.31265],[-51.20513,-23.31302],[-51.20498,-23.31321],[-51.20463,-23.31352],[-51.20451,-23.31352],[-51.20428,-23.31366],[-51.20401,-23.3139],[-51.20363,-23.31406],[-51.20284,-23.31505],[-51.20241,-23.3159],[-51.20224,-23.31643],[-51.20227,-23.31671],[-51.20221,-23.31729],[-51.20225,-23.31766],[-51.20204,-23.31786],[-51.20165,-23.31789],[-51.20124,-23.31808],[-51.20087,-23.31829],[-51.20034,-23.31853],[-51.20008,-23.31867],[-51.1998,-23.31882],[-51.19948,-23.3191],[-51.19832,-23.31918],[-51.19799,-23.31918],[-51.1978,-23.31923],[-51.1975,-23.31926],[-51.19734,-23.31926],[-51.19715,-23.31923],[-51.19694,-23.31921],[-51.19661,-23.31922],[-51.19649,-23.31926],[-51.19632,-23.31936],[-51.19611,-23.31937],[-51.19602,-23.31945],[-51.19587,-23.31947],[-51.19567,-23.31944],[-51.19536,-23.3198],[-51.19483,-23.3195],[-51.19441,-23.31923],[-51.19411,-23.31902],[-51.194,-23.31912],[-51.19392,-23.31919],[-51.19388,-23.31931],[-51.19392,-23.31987],[-51.19397,-23.32063],[-51.19398,-23.32086],[-51.19395,-23.32105],[-51.19401,-23.32116],[-51.19403,-23.32132],[-51.19404,-23.32202],[-51.1941,-23.3227],[-51.19411,-23.32305],[-51.19407,-23.32324],[-51.19369,-23.32343],[-51.19369,-23.3236],[-51.19367,-23.32372],[-51.19367,-23.32385],[-51.19375,-23.324],[-51.19383,-23.32413],[-51.19387,-23.32425],[-51.19393,-23.32534],[-51.19396,-23.3264],[-51.19409,-23.32807],[-51.19413,-23.32875],[-51.19417,-23.32895],[-51.19421,-23.32986],[-51.19444,-23.32993],[-51.19444,-23.33008],[-51.19457,-23.33172],[-51.19451,-23.33197],[-51.19442,-23.33222],[-51.19447,-23.33332],[-51.19462,-23.33465],[-51.19476,-23.33594],[-51.19482,-23.33828],[-51.19483,-23.34046],[-51.19496,-23.34171],[-51.19499,-23.3422],[-51.19526,-23.34234],[-51.19531,-23.34268],[-51.19518,-23.3434],[-51.1952,-23.34424],[-51.19529,-23.34435],[-51.19537,-23.3449],[-51.19537,-23.34525],[-51.19528,-23.34543],[-51.1953,-23.34612],[-51.19541,-23.34713],[-51.19556,-23.3477],[-51.1956,-23.34866],[-51.19582,-23.34862],[-51.19638,-23.34829],[-51.1964,-23.34774],[-51.19632,-23.34755],[-51.19618,-23.34744],[-51.1962,-23.34725],[-51.19685,-23.34608],[-51.19728,-23.34561],[-51.19759,-23.34512],[-51.19759,-23.34488],[-51.19767,-23.34471],[-51.19763,-23.34445],[-51.19795,-23.3443],[-51.19859,-23.34421],[-51.19938,-23.34414],[-51.19986,-23.34398],[-51.2001,-23.34394],[-51.2003,-23.34383],[-51.20044,-23.34387],[-51.20063,-23.3438],[-51.20081,-23.3438],[-51.20117,-23.34372],[-51.20154,-23.34351],[-51.20192,-23.34348],[-51.20251,-23.34328],[-51.20315,-23.34281],[-51.2043,-23.34227],[-51.20451,-23.34202],[-51.20503,-23.3411],[-51.20551,-23.34083],[-51.20574,-23.3407],[-51.20628,-23.34076],[-51.2069,-23.34049],[-51.20721,-23.33986],[-51.20767,-23.33895],[-51.20801,-23.33875],[-51.20824,-23.33836],[-51.20932,-23.33749],[-51.20969,-23.3367],[-51.21011,-23.33638],[-51.21018,-23.33608],[-51.2105,-23.336],[-51.21067,-23.33581],[-51.21074,-23.33561]]]}},{"type":"Feature","properties":{"code":"4113700049","name":"Tucanos"},"geometry":{"type":"MultiPolygon","coordinates":[[[[-51.16739,-23.34959],[-51.1675,-23.34952],[-51.16877,-23.3489],[-51.1699,-23.34837],[-51.17126,-23.34774],[-51.1723,-23.34726],[-51.17245,-23.34719],[-51.17365,-23.34665],[-51.17557,-23.34577],[-51.1777,-23.34478],[-51.17839,-23.34438],[-51.17862,-23.34423],[-51.17904,-23.34393],[-51.17973,-23.34337],[-51.18052,-23.34272],[-51.18106,-23.34223],[-51.18102,-23.34215],[-51.18099,-23.34207],[-51.1809,-23.34196],[-51.18081,-23.34188],[-51.18056,-23.34174],[-51.18049,-23.34165],[-51.18048,-23.3416],[-51.18049,-23.34139],[-51.18054,-23.34034],[-51.18052,-23.34004],[-51.18046,-23.33967],[-51.18044,-23.33961],[-51.1794,-23.3403],[-51.17883,-23.34108],[-51.17833,-23.34142],[-51.17782,-23.34169],[-51.17774,-23.34188],[-51.17711,-23.34218],[-51.17651,-23.34217],[-51.17566,-23.34201],[-51.17552,-23.34175],[-51.17509,-23.34147],[-51.17446,-23.34139],[-51.17406,-23.34139],[-51.17367,-23.34125],[-51.17349,-23.34122],[-51.17285,-23.34111],[-51.17184,-23.34059],[-51.17128,-23.3402],[-51.17092,-23.34007],[-51.17005,-23.33991],[-51.16982,-23.33977],[-51.16958,-23.33967],[-51.16944,-23.33966],[-51.16933,-23.33966],[-51.16879,-23.3396],[-51.16824,-23.33968],[-51.16802,-23.33968],[-51.16768,-23.33969],[-51.16731,-23.3397],[-51.16618,-23.33973],[-51.16476,-23.33976],[-51.16441,-23.3397],[-51.16424,-23.33968],[-51.16432,-23.33995],[-51.1644,-23.34038],[-51.16444,-23.34067],[-51.16437,-23.3415],[-51.16429,-23.34199],[-51.16408,-23.34249],[-51.16406,-23.34255],[-51.16379,-23.34327],[-51.16356,-23.34399],[-51.16356,-23.34399],[-51.16349,-23.34421],[-51.16326,-23.34501],[-51.16318,-23.34519],[-51.16298,-23.34533],[-51.16287,-23.34533],[-51.16281,-23.34533],[-51.16272,-23.34535],[-51.16259,-23.34522],[-51.16244,-23.34507],[-51.16178,-23.34447],[-51.16091,-23.3437],[-51.16065,-23.34346],[-51.16035,-23.34312],[-51.16025,-23.34314],[-51.1602,-23.34313],[-51.16015,-23.34322],[-51.15768,-23.34487],[-51.15701,-23.344],[-51.15448,-23.34561],[-51.15243,-23.3469],[-51.15215,-23.34655],[-51.15198,-23.34629],[-51.15163,-23.34593],[-51.15152,-23.34589],[-51.15112,-23.34614],[-51.15086,-23.34624],[-51.15101,-23.34653],[-51.15145,-23.3469],[-51.15216,-23.3476],[-51.15311,-23.34919],[-51.15398,-23.35039],[-51.15504,-23.35153],[-51.15533,-23.35183],[-51.15641,-23.3526],[-51.15712,-23.35279],[-51.15795,-23.35281],[-51.15837,-23.35302],[-51.15851,-23.35308],[-51.15855,-23.35383],[-51.15871,-23.3547],[-51.1588,-23.35588],[-51.15893,-23.35603],[-51.1595,-23.35555],[-51.16085,-23.35444],[-51.16435,-23.35183],[-51.16739,-23.34959]]],[[[-51.15195,-23.33837],[-51.15238,-23.33859],[-51.15273,-23.33832],[-51.15303,-23.33837],[-51.15337,-23.33827],[-51.15373,-23.33817],[-51.15425,-23.33844],[-51.1546,-23.33858],[-51.15512,-23.33861],[-51.15588,-23.33821],[-51.15626,-23.3381],[-51.15671,-23.33785],[-51.15719,-23.33737],[-51.15763,-23.33698],[-51.15805,-23.33671],[-51.15868,-23.33653],[-51.15915,-23.33661],[-51.15998,-23.3369],[-51.16074,-23.33704],[-51.1616,-23.33805],[-51.16196,-23.33871],[-51.1619,-23.33937],[-51.16197,-23.33976],[-51.162,-23.34056],[-51.16233,-23.34076],[-51.16241,-23.34076],[-51.16272,-23.34045],[-51.1629,-23.34003],[-51.16292,-23.33975],[-51.16233,-23.3398],[-51.16224,-23.33923],[-51.16204,-23.33843],[-51.16146,-23.33764],[-51.16071,-23.33676],[-51.15935,-23.33595],[-51.15878,-23.33548],[-51.15861,-23.3357],[-51.15836,-23.33593],[-51.15797,-23.33618],[-51.15752,-23.33635],[-51.15717,-23.33655],[-51.15678,-23.3368],[-51.15647,-23.33705],[-51.15599,-23.33712],[-51.15553,-23.33735],[-51.15518,-23.33735],[-51.1547,-23.33748],[-51.15436,-23.33748],[-51.15389,-23.33746],[-51.15349,-23.33752],[-51.15318,-23.33756],[-51.15257,-23.3378],[-51.15208,-23.33799],[-51.15195,-23.33837]]]]}}]}